T_celsius,y_hexane_mole_fraction,activity_a_h,sorbed_ppm,total_ppm,gas_phase_term_ppm,note
95.0,0.001,0.0004686856352943662,2.348714839420109,2.69555584310474,0.3468410036846309,
95.0,0.003,0.0014060569058830987,7.048554384968033,8.089077396021926,1.0405230110538926,
95.0,0.01,0.004686856352943662,23.52340508359446,26.991815120440773,3.468410036846312,
95.0,0.03,0.014060569058830985,70.81495079967655,81.22018091021549,10.405230110538934,
95.0,0.1,0.046868563529436615,239.01765724586875,273.70175761433177,34.68410036846305,
95.0,0.3,0.14060569058830985,745.6428395500789,849.6951406554682,104.0523011053893,
95.0,1.0,0.4686856352943662,2990.6229875137474,3337.4639911983777,346.8410036846304,pure hexane vapour (experiment's own gas)
100.0,0.001,0.00041139832231039706,1.8489528126553212,2.1911463420844965,0.3421935294291753,
100.0,0.003,0.0012341949669311912,5.548819161585609,6.575399749873133,1.0265805882875245,
100.0,0.01,0.00411398322310397,18.519003475843625,21.940938770135382,3.421935294291756,
100.0,0.03,0.012341949669311911,55.75530633555247,66.02111221842773,10.265805882875261,
100.0,0.1,0.0411398322310397,188.23108889588735,222.4504418388049,34.21935294291753,
100.0,0.3,0.12341949669311911,586.944144476878,689.6022033056307,102.65805882875267,
100.0,1.0,0.411398322310397,2312.4103429540523,2654.603872383228,342.1935294291756,pure hexane vapour (experiment's own gas)
105.0,0.001,0.0003625226462747148,1.4654145930880225,1.8030835485461658,0.3376689554581433,
105.0,0.003,0.0010875679388241443,4.397785440980791,5.410792307355221,1.0130068663744296,
105.0,0.01,0.0036252264627471475,14.677310671678027,18.05400022625946,3.376689554581435,
105.0,0.03,0.010875679388241443,44.1874700111138,54.3175386748581,10.130068663744293,
105.0,0.1,0.03625226462747148,149.14715044254086,182.91404598835518,33.766895545814336,
105.0,0.3,0.10875679388241442,464.47405691547124,565.7747435529142,101.3006866374429,
105.0,1.0,0.36252264627471475,1803.2741991232294,2140.943154581373,337.66895545814356,pure hexane vapour (experiment's own gas)
110.0,0.001,0.0003206405329777073,1.1689756861889034,1.502238156517748,0.3332624703288447,
110.0,0.003,0.000961921598933122,3.5081160484462264,4.507903459432762,0.999787410986535,
110.0,0.01,0.0032064053297770727,11.707616990228061,15.040241693516508,3.3326247032884475,
110.0,0.03,0.009619215989331218,35.24262043893498,45.240494548800314,9.997874109865341,
110.0,0.1,0.03206405329777073,118.89863240997278,152.22487944285723,33.32624703288445,
110.0,0.3,0.09619215989331219,369.6019894627131,469.58073056136647,99.97874109865339,
110.0,1.0,0.3206405329777073,1416.613600241093,1749.8760705699378,333.26247032884464,pure hexane vapour (experiment's own gas)
115.0,0.001,0.00028460048975280264,0.9382927778840594,1.267262288399316,0.3289695105152566,
115.0,0.003,0.0008538014692584079,2.8157853612796395,3.8026938928254093,0.98690853154577,
115.0,0.01,0.0028460048975280264,9.396549567410265,12.686244672562829,3.2896951051525654,
115.0,0.03,0.008538014692584079,28.280914963180333,38.150000278638025,9.869085315457694,
115.0,0.1,0.02846004897528026,95.35122302371101,128.24817407523668,32.89695105152565,
115.0,0.3,0.08538014692584078,295.7765023933768,394.4673555479538,98.69085315457696,
115.0,1.0,0.2846004897528026,1120.4855657180206,1449.4550762332774,328.96951051525673,pure hexane vapour (experiment's own gas)
120.0,0.001,0.00025346275517673607,0.7576052950126579,1.0823910396559158,0.3247857446432579,
120.0,0.003,0.0007603882655302083,2.2735037908217604,3.247861024751534,0.9743572339297738,
120.0,0.01,0.0025346275517673608,7.586382297178474,10.834239743611054,3.2478574464325787,
120.0,0.03,0.007603882655302083,22.828307592916477,32.57187993221422,9.743572339297742,
120.0,0.1,0.025346275517673607,76.91219863947501,109.3907731038008,32.47857446432578,
120.0,0.3,0.07603882655302083,238.0413414414193,335.4770648343967,97.43572339297741,
120.0,1.0,0.2534627551767361,892.0951298040217,1216.8808744472797,324.78574464325794,pure hexane vapour (experiment's own gas)
