source,tag,condition,v1_rms_over_span,v1_in_band,v1_mean_signed_over_span,v1_window_points,v2_rule_rms_over_span,v2_rule_in_band,v2_rule_mean_signed_over_span,v2_rule_window_points,v2_p15_rms_over_span,v2_p15_in_band,v2_p15_mean_signed_over_span,v2_p15_window_points,covers_window,status,tail_t_end_s,n_cells,radius_mm,v1_dec_rms_over_span,v1_dec_in_band,v1_dec_mean_signed_over_span,v1_full_rms_over_span,v1_full_in_band,v1_strides_in_window,v1_vol_frac_above_max_min,v1_vol_frac_above_max_max,v2_rule_dec_rms_over_span,v2_rule_dec_in_band,v2_rule_dec_mean_signed_over_span,v2_rule_full_rms_over_span,v2_rule_full_in_band,v2_rule_strides_in_window,v2_rule_vol_frac_above_max_min,v2_rule_vol_frac_above_max_max,v2_p15_dec_rms_over_span,v2_p15_dec_in_band,v2_p15_dec_mean_signed_over_span,v2_p15_full_rms_over_span,v2_p15_full_in_band,v2_p15_strides_in_window,v2_p15_vol_frac_above_max_min,v2_p15_vol_frac_above_max_max
rerun_2026-09-21c_dxr,faner2008_soybean_136C|law_dxr|1.0,faner2008_soybean_136C,0.7700807507969353,0,-0.7135189950245314,15,0.6823792413175493,0,-0.6386761058975281,15,0.6823792413175493,0,-0.6386761058975281,15,,,,,,,,,,,,,,,,,,,,,,,,,,,,,
rerun_2026-09-21c_dxr,faner2008_soybean_136C|law_dxr_held|1.0,faner2008_soybean_136C,0.4944541086823036,3,-0.43264952943114454,15,0.4431297005765228,2,-0.3954763534429169,15,0.4431297005765228,2,-0.3954763534429169,15,,,,,,,,,,,,,,,,,,,,,,,,,,,,,
rerun_2026-09-21c_dxr,faner2008_sunflower_136C|law_dxr|1.0,faner2008_sunflower_136C,0.6967799577128457,0,-0.6399192472843718,15,0.899469426142667,0,-0.8315410705031717,14,0.6389169666409863,0,-0.58966252627972,15,,,,,,,,,,,,,,,,,,,,,,,,,,,,,
rerun_2026-09-21c_dxr,faner2008_sunflower_136C|law_dxr_held|1.0,faner2008_sunflower_136C,0.4516319540728987,2,-0.39447664316425335,15,0.5828694507487839,2,-0.5113466878848163,14,0.41551562741911413,2,-0.36573773279837507,15,,,,,,,,,,,,,,,,,,,,,,,,,,,,,
item_32,borrowed_faner2008_soybean_136C_r0885_n060,faner2008_soybean_136C,,,,,,,,,,,,,True,t_max,2400.0,60,0.885,0.7700807507969353,0,-0.7135189950245314,0.7726618145140436,0,49,0.254037037037037,0.9508287037037035,0.6823792413175493,0,-0.6386761058975281,0.6847360082567404,0,48,0.254037037037037,0.9032962962962962,0.6823792413175493,0,-0.6386761058975281,0.6847360082567404,0,48,0.254037037037037,0.9032962962962962
item_32,borrowed_faner2008_soybean_136C_r0885_n120,faner2008_soybean_136C,,,,,,,,,,,,,False,refused: RuntimeError: dry-shell Newton ,20.361997712350426,120,0.885,0.5322032424869007,2,0.43508489280563745,0.5322032424869007,2,0,,,0.45633911819128653,3,0.35587907153532367,0.45633911819128653,3,0,,,0.45633911819128653,3,0.35587907153532367,0.45633911819128653,3,0,,
item_32,borrowed_faner2008_soybean_136C_rown_n060,faner2008_soybean_136C,,,,,,,,,,,,,False,refused: RuntimeError: dry-shell Newton ,56.89611524864111,60,0.666,0.39917016462081506,4,-0.3464438512081624,0.4020163981605744,4,7,0.7702546296296297,0.9032962962962962,0.3710679833781354,3,-0.3208324274479056,0.37350705167167925,3,7,0.7702546296296297,0.9032962962962962,0.3710679833781354,3,-0.3208324274479056,0.37350705167167925,3,6,0.7702546296296297,0.9032962962962962
item_32,borrowed_faner2008_soybean_136C_rown_n120,faner2008_soybean_136C,,,,,,,,,,,,,False,refused: RuntimeError: dry-shell Newton ,8.699806897506217,120,0.666,0.645911703031283,3,0.5685600238733766,0.645911703031283,3,0,,,0.5512378595898809,2,0.47145275543841747,0.5512378595898809,2,0,,,0.5512378595898809,2,0.47145275543841747,0.5512378595898809,2,0,,
item_32,borrowed_faner2008_sunflower_136C_r0885_n060,faner2008_sunflower_136C,,,,,,,,,,,,,True,t_max,2400.0,60,0.885,0.6967799577128457,0,-0.6399192472843718,0.6989405068996896,0,49,0.2962962962962963,0.9508287037037035,0.899469426142667,0,-0.8315410705031717,0.902233520859235,0,48,0.2962962962962963,0.9508287037037035,0.6389169666409863,0,-0.58966252627972,0.6408917887623418,0,48,0.2962962962962963,0.9508287037037035
item_32,borrowed_faner2008_sunflower_136C_r0885_n120,faner2008_sunflower_136C,,,,,,,,,,,,,False,refused: RuntimeError: dry-shell Newton ,20.361997712350426,120,0.885,0.43991013084927366,3,0.3301871164812176,0.43991013084927366,3,1,0.9508287037037035,0.9508287037037035,0.5618983389156443,3,0.4738001702602449,0.5618983389156443,3,0,,,0.4062605090364987,3,0.29539517566201956,0.4062605090364987,3,0,,
item_32,borrowed_faner2008_sunflower_136C_rown_n060,faner2008_sunflower_136C,,,,,,,,,,,,,True,t_max,2400.0,60,0.7215,0.8747657497737193,0,-0.8234125542510566,0.8778947233302419,0,49,0.0,0.9508287037037035,1.1290286556446831,0,-1.0705030949710006,1.1327014583747612,0,48,0.0,0.9032962962962966,0.8012503685162348,0,-0.7570690815312906,0.8041600122674929,0,48,0.0,0.9032962962962966
item_32,borrowed_faner2008_sunflower_136C_rown_n120,faner2008_sunflower_136C,,,,,,,,,,,,,False,refused: RuntimeError: dry-shell Newton ,21.553391409186176,120,0.7215,0.3618169362309701,3,0.2154393279090938,0.3618169362309701,3,1,0.926859375,0.926859375,0.44705297045967496,3,0.3295651930336331,0.44705297045967496,3,0,,,0.3378735711407783,3,0.19070725910993264,0.3378735711407783,3,0,,
item_32,ext_c16_borrowed_faner2008_soybean_136C_r0885_n060,faner2008_soybean_136C,,,,,,,,,,,,,False,refused: RuntimeError: dry-shell Newton ,0.9375,60,0.885,0.9206874498193599,0,0.8681727667284885,0.9206874498193599,0,0,,,0.7847190143747195,1,0.7308819701473517,0.7847190143747195,1,0,,,0.7847190143747195,1,0.7308819701473517,0.7847190143747195,1,0,,
item_32,ext_c16_borrowed_faner2008_soybean_136C_r0885_n120,faner2008_soybean_136C,,,,,,,,,,,,,False,refused: RuntimeError: dry-shell Newton ,0.9375,120,0.885,0.8998287226915204,0,0.8460202732882794,0.8998287226915204,0,0,,,0.7668853377426907,1,0.7117005297243806,0.7668853377426907,1,0,,,0.7668853377426907,1,0.7117005297243806,0.7668853377426907,1,0,,
item_32,ext_c16_borrowed_faner2008_soybean_136C_rown_n060,faner2008_soybean_136C,,,,,,,,,,,,,False,refused: RuntimeError: dry-shell Newton ,0.9375,60,0.666,0.8952044310405386,0,0.8411001997317185,0.8952044310405386,0,0,,,0.762933348638868,1,0.707440327681819,0.762933348638868,1,0,,,0.762933348638868,1,0.707440327681819,0.762933348638868,1,0,,
item_32,ext_c16_borrowed_faner2008_soybean_136C_rown_n120,faner2008_soybean_136C,,,,,,,,,,,,,False,refused: RuntimeError: dry-shell Newton ,0.625,120,0.666,0.8956407852921279,0,0.84156460768786,0.8956407852921279,0,0,,,0.7633062369418617,1,0.7078424500689321,0.7633062369418617,1,0,,,0.7633062369418617,1,0.7078424500689321,0.7633062369418617,1,0,,
item_32,ext_c16_borrowed_faner2008_sunflower_136C_r0885_n060,faner2008_sunflower_136C,,,,,,,,,,,,,False,refused: RuntimeError: dry-shell Newton ,0.9375,60,0.885,0.7609418661756654,1,0.7032319193305011,0.7609418661756654,1,0,,,0.9899197226950216,0,0.9427077571777298,0.9899197226950216,0,0,,,0.6942252773854538,1,0.6357353571752247,0.6942252773854538,1,0,,
item_32,ext_c16_borrowed_faner2008_sunflower_136C_r0885_n120,faner2008_sunflower_136C,,,,,,,,,,,,,False,refused: RuntimeError: dry-shell Newton ,1.875,120,0.885,0.7130802156433,1,0.6511420755935308,0.7130802156433,1,0,,,0.927782002176785,0,0.8772321822788085,0.927782002176785,0,0,,,0.6509860854089821,1,0.5882121998037027,0.6509860854089821,1,0,,
item_32,ext_c16_borrowed_faner2008_sunflower_136C_rown_n060,faner2008_sunflower_136C,,,,,,,,,,,,,False,refused: RuntimeError: dry-shell Newton ,1.25,60,0.7215,0.7310158376532624,1,0.6707359864851871,0.7310158376532624,1,0,,,0.9511029371298473,0,0.9018612171944745,0.9511029371298473,0,0,,,0.6671823946768861,1,0.6060883239005556,0.6671823946768861,1,0,,
item_32,ext_c16_borrowed_faner2008_sunflower_136C_rown_n120,faner2008_sunflower_136C,,,,,,,,,,,,,False,refused: RuntimeError: dry-shell Newton ,1.25,120,0.7215,0.7155037290526222,1,0.6537952240224489,0.7155037290526222,1,0,,,0.9309358709970148,0,0.8805671206509174,0.9309358709970148,0,0,,,0.6531740462567139,1,0.590632748249848,0.6531740462567139,1,0,,
item_32,ext_c16_whitaker_faner2008_soybean_136C_r0885_n060,faner2008_soybean_136C,,,,,,,,,,,,,False,refused: RuntimeError: dry-shell Newton ,1.5625,60,0.885,0.8974866044233651,0,0.8435287652199562,0.8974866044233651,0,5,1.0,1.0,0.7648836506866019,1,0.7095431782864992,0.7648836506866019,1,0,,,0.7648836506866019,1,0.7095431782864992,0.7648836506866019,1,0,,
item_32,ext_c16_whitaker_faner2008_soybean_136C_r0885_n120,faner2008_soybean_136C,,,,,,,,,,,,,False,refused: RuntimeError: dry-shell Newton ,2.1875,120,0.885,0.8599679015849114,1,0.8034944706657777,0.8599679015849114,1,7,1.0,1.0,0.7328411003848734,1,0.6748782121083442,0.7328411003848734,1,0,,,0.7328411003848734,1,0.6748782121083442,0.7328411003848734,1,0,,
item_32,ext_c16_whitaker_faner2008_soybean_136C_rown_n060,faner2008_soybean_136C,,,,,,,,,,,,,False,refused: RuntimeError: dry-shell Newton ,1.875,60,0.666,0.8484639824950685,1,0.7911698314682594,0.8484639824950685,1,6,1.0,1.0,0.7230254448165554,1,0.6642065315979818,0.7230254448165554,1,0,,,0.7230254448165554,1,0.6642065315979818,0.7230254448165554,1,0,,
item_32,ext_c16_whitaker_faner2008_soybean_136C_rown_n120,faner2008_soybean_136C,,,,,,,,,,,,,False,refused: RuntimeError: dry-shell Newton ,2.1875,120,0.666,0.8263916197196799,1,0.7674514198156378,0.8263916197196799,1,7,1.0,1.0,0.7042055842167363,1,0.6436691911279254,0.7042055842167363,1,0,,,0.7042055842167363,1,0.6436691911279254,0.7042055842167363,1,0,,
item_32,ext_c16_whitaker_faner2008_sunflower_136C_r0885_n060,faner2008_sunflower_136C,,,,,,,,,,,,,False,refused: RuntimeError: dry-shell Newton ,1.25,60,0.885,0.7504551844548631,1,0.6918710808680607,0.7504551844548631,1,0,,,0.9763302344690789,0,0.9284274795593479,0.9763302344690789,0,0,,,0.6847463579414357,1,0.6253705168265139,0.6847463579414357,1,0,,
item_32,ext_c16_whitaker_faner2008_sunflower_136C_r0885_n120,faner2008_sunflower_136C,,,,,,,,,,,,,False,refused: RuntimeError: dry-shell Newton ,2.1875,120,0.885,0.7067942742968905,1,0.6442520895156059,0.7067942742968905,1,0,,,0.9195976578049297,0,0.8685716494928841,0.9195976578049297,0,0,,,0.6453119070889307,1,0.5819262548060133,0.6453119070889307,1,0,,
item_32,ext_c16_whitaker_faner2008_sunflower_136C_rown_n060,faner2008_sunflower_136C,,,,,,,,,,,,,False,refused: RuntimeError: dry-shell Newton ,1.5625,60,0.7215,0.7185559392409618,1,0.6571341160560886,0.7185559392409618,1,0,,,0.9349066876025874,0,0.8847640208476601,0.9349066876025874,0,0,,,0.6559298387016624,1,0.5936789215569214,0.6559298387016624,1,0,,
item_32,ext_c16_whitaker_faner2008_sunflower_136C_rown_n120,faner2008_sunflower_136C,,,,,,,,,,,,,False,refused: RuntimeError: dry-shell Newton ,0.625,120,0.7215,0.744363633816151,1,0.6852589496054329,0.744363633816151,1,0,,,0.9684301570138013,0,0.9201162030288632,0.9684301570138013,0,0,,,0.6792414393811482,1,0.6193380672737423,0.6792414393811482,1,0,,
item_32,ext_c4_borrowed_faner2008_soybean_136C_r0885_n060,faner2008_soybean_136C,,,,,,,,,,,,,False,refused: RuntimeError: dry-shell Newton ,52.5,60,0.885,0.23846435659906726,6,-0.049830459100216676,0.23861901795741236,6,24,0.8573749999999998,0.9508287037037035,0.22746865387423548,7,-0.06400029589891669,0.22761329310354378,7,22,0.8573749999999998,0.9508287037037035,0.22746865387423548,7,-0.06400029589891669,0.22761329310354378,7,20,0.8573749999999998,0.9032962962962962
item_32,ext_c4_borrowed_faner2008_soybean_136C_r0885_n120,faner2008_soybean_136C,,,,,,,,,,,,,False,refused: RuntimeError: dry-shell Newton ,18.75,120,0.885,0.5355018696605025,2,0.43911368123074457,0.5355018696605025,2,0,,,0.459064805876677,3,0.35936752602292016,0.459064805876677,3,0,,,0.459064805876677,3,0.35936752602292016,0.459064805876677,3,0,,
item_32,ext_c4_borrowed_faner2008_soybean_136C_rown_n060,faner2008_soybean_136C,,,,,,,,,,,,,False,refused: RuntimeError: dry-shell Newton ,50.0,60,0.666,0.3657197262126674,6,-0.282189604084763,0.3659518282456128,6,22,0.813037037037037,0.9032962962962962,0.34223601429416284,6,-0.2651958456587313,0.3424448920490743,6,20,0.813037037037037,0.9032962962962962,0.34223601429416284,6,-0.2651958456587313,0.3424448920490743,6,18,0.813037037037037,0.9032962962962962
item_32,ext_c4_borrowed_faner2008_soybean_136C_rown_n120,faner2008_soybean_136C,,,,,,,,,,,,,False,refused: RuntimeError: dry-shell Newton ,13.75,120,0.666,0.5213470940465972,2,0.4217361320837399,0.5213470940465972,2,0,,,0.44738369277382983,3,0.34432062285781195,0.44738369277382983,3,0,,,0.44738369277382983,3,0.34432062285781195,0.44738369277382983,3,0,,
item_32,ext_c4_borrowed_faner2008_sunflower_136C_r0885_n060,faner2008_sunflower_136C,,,,,,,,,,,,,False,refused: RuntimeError: dry-shell Newton ,60.0,60,0.885,0.21721805040944447,8,-0.13048762782736556,0.217386107174521,8,33,0.8573749999999998,0.9508287037037035,0.2556673808239481,8,-0.14354318579278125,0.25580161299110193,8,31,0.8573749999999998,0.9508287037037035,0.2088285037474036,8,-0.12489248120657617,0.20899133013919213,8,31,0.8573749999999998,0.9508287037037035
item_32,ext_c4_borrowed_faner2008_sunflower_136C_r0885_n120,faner2008_sunflower_136C,,,,,,,,,,,,,False,refused: RuntimeError: dry-shell Newton ,20.0,120,0.885,0.42835281598018904,3,0.3146247663876985,0.42835281598018904,3,1,0.9508287037037035,0.9508287037037035,0.5455052157708083,3,0.454238702111162,0.5455052157708083,3,0,,,0.39605698902943254,3,0.28119716776820575,0.39605698902943254,3,0,,
item_32,ext_c4_borrowed_faner2008_sunflower_136C_rown_n060,faner2008_sunflower_136C,,,,,,,,,,,,,False,refused: RuntimeError: dry-shell Newton ,60.0,60,0.7215,0.3384073725907774,3,-0.29797183358704005,0.33860410220634796,3,33,0.813037037037037,0.9508287037037035,0.4130057786019117,3,-0.36050947681633466,0.4131678342430506,3,31,0.813037037037037,0.9508287037037035,0.3172963768491234,3,-0.2776934438616497,0.3174860080622751,3,31,0.813037037037037,0.9508287037037035
item_32,ext_c4_borrowed_faner2008_sunflower_136C_rown_n120,faner2008_sunflower_136C,,,,,,,,,,,,,False,refused: RuntimeError: dry-shell Newton ,20.0,120,0.7215,0.36853769486876176,3,0.2265450092267246,0.36853769486876176,3,1,0.926859375,0.926859375,0.4574411352416582,3,0.34352474477634637,0.4574411352416582,3,0,,,0.34369422537996086,3,0.2008393117926163,0.34369422537996086,3,0,,
item_32,ext_c4_whitaker_faner2008_soybean_136C_r0885_n060,faner2008_soybean_136C,,,,,,,,,,,,,False,refused: RuntimeError: dry-shell Newton ,88.75,60,0.885,0.1341297866898632,12,-0.06380504531885269,0.1335232457706661,12,71,0.8130370370370369,1.0,0.11748072685379078,12,-0.07610063547070928,0.11777330295288062,12,69,0.8130370370370369,1.0,0.11748072685379078,12,-0.07610063547070928,0.11777330295288062,12,68,0.8130370370370369,1.0
item_32,ext_c4_whitaker_faner2008_soybean_136C_r0885_n120,faner2008_soybean_136C,,,,,,,,,,,,,False,refused: RuntimeError: dry-shell Newton ,28.75,120,0.885,0.45765243472814854,4,0.3948539086041563,0.45744628188042874,4,23,0.9268593750000003,1.0,0.38686531855265505,4,0.3210437953755077,0.38697842714422176,4,21,0.9268593750000003,1.0,0.38686531855265505,4,0.3210437953755077,0.38697842714422176,4,20,0.9268593750000003,1.0
item_32,ext_c4_whitaker_faner2008_soybean_136C_rown_n060,faner2008_soybean_136C,,,,,,,,,,,,,False,refused: RuntimeError: dry-shell Newton ,88.75,60,0.666,0.369521558774807,3,-0.3172439301566615,0.3694696449757699,3,71,0.7290000000000001,1.0,0.3295181856826169,2,-0.29554874786950713,0.3299148142397872,2,69,0.7290000000000001,1.0,0.3295181856826169,2,-0.29554874786950713,0.3299148142397872,2,68,0.7290000000000001,1.0
item_32,ext_c4_whitaker_faner2008_soybean_136C_rown_n120,faner2008_soybean_136C,,,,,,,,,,,,,False,refused: RuntimeError: dry-shell Newton ,8.75,120,0.666,0.6631565810975316,3,0.59641048617535,0.6630755278732884,3,7,0.9752077546296297,1.0,0.5640743196651254,3,0.49556796327447317,0.5642825927604798,3,5,0.9752077546296297,1.0,0.5640743196651254,3,0.49556796327447317,0.5642825927604798,3,4,0.9752077546296297,1.0
item_32,ext_c4_whitaker_faner2008_sunflower_136C_r0885_n060,faner2008_sunflower_136C,,,,,,,,,,,,,False,refused: RuntimeError: dry-shell Newton ,90.0,60,0.885,0.20369177597931185,6,-0.18300698410139443,0.2038194002342934,6,68,0.7702546296296295,1.0,0.26185746335295185,5,-0.2355536012226086,0.2619151009609325,5,66,0.7702546296296295,1.0,0.1906382309380179,5,-0.1728074960003388,0.19081017255050914,5,66,0.7702546296296295,1.0
item_32,ext_c4_whitaker_faner2008_sunflower_136C_r0885_n120,faner2008_sunflower_136C,,,,,,,,,,,,,False,refused: RuntimeError: dry-shell Newton ,27.5,120,0.885,0.36180287407428846,5,0.26968298637102606,0.3618569896207119,5,18,0.9268593750000003,1.0,0.46868022275057064,4,0.3749503417679715,0.46868243317657776,4,16,0.9268593750000003,0.9752077546296296,0.33296201502422235,4,0.24019540751963717,0.3330454783264106,4,16,0.9268593750000003,0.9752077546296296
item_32,ext_c4_whitaker_faner2008_sunflower_136C_rown_n060,faner2008_sunflower_136C,,,,,,,,,,,,,False,refused: RuntimeError: dry-shell Newton ,82.5,60,0.7215,0.3248302203828725,0,-0.30681607150544193,0.3249913055452118,0,62,0.7702546296296299,1.0,0.4187794529273065,0,-0.3979867283441492,0.4188693293365992,0,60,0.7702546296296299,1.0,0.3002416863931167,0,-0.28576231257528506,0.3004336589050106,0,60,0.7702546296296299,1.0
item_32,ext_c4_whitaker_faner2008_sunflower_136C_rown_n120,faner2008_sunflower_136C,,,,,,,,,,,,,False,refused: RuntimeError: dry-shell Newton ,28.75,120,0.7215,0.2784667611482215,3,0.15789676023442897,0.2785860377419458,3,19,0.926859375,1.0,0.3573623510506875,3,0.2285978090373628,0.3573706834842271,3,17,0.926859375,0.9752077546296298,0.2587472217105194,3,0.13820941494336045,0.25890838646320086,3,17,0.926859375,0.9752077546296298
item_32,whitaker_faner2008_soybean_136C_r0885_n060,faner2008_soybean_136C,,,,,,,,,,,,,True,t_max,2400.0,60,0.885,0.5383870911387714,6,-0.3670795516686215,0.5385964059321234,6,49,0.4218749999999998,1.0,0.47286701085516236,6,-0.3387005044676289,0.4738573449575364,6,49,0.4218749999999998,1.0,0.47286701085516236,6,-0.3387005044676289,0.4738573449575364,6,48,0.4218749999999998,1.0
item_32,whitaker_faner2008_soybean_136C_r0885_n120,faner2008_soybean_136C,,,,,,,,,,,,,False,refused: RuntimeError: dry-shell Newton ,30.361997712350426,120,0.885,0.4573120137122078,4,0.4009488442046512,0.4559266342488235,4,7,0.9268593750000003,1.0,0.3855721613064399,4,0.326321289054415,0.38539455996051125,4,7,0.9268593750000003,1.0,0.3855721613064399,4,0.326321289054415,0.38539455996051125,4,6,0.9268593750000003,1.0
item_32,whitaker_faner2008_soybean_136C_rown_n060,faner2008_soybean_136C,,,,,,,,,,,,,False,refused: RuntimeError: dry-shell Newton ,91.89611524864111,60,0.666,0.37342557486260836,5,-0.313266937050849,0.37373153343456095,5,22,0.7290000000000001,1.0,0.33175822927345694,4,-0.2921051420051106,0.333259420413112,4,21,0.7290000000000001,1.0,0.33175822927345694,4,-0.2921051420051106,0.333259420413112,4,20,0.7290000000000001,1.0
item_32,whitaker_faner2008_soybean_136C_rown_n120,faner2008_soybean_136C,,,,,,,,,,,,,False,refused: RuntimeError: dry-shell Newton ,14.7720720596281,120,0.666,0.5561793426365055,3,0.48536320747528405,0.5557463667864404,3,6,0.9752077546296297,1.0,0.4714221130457597,3,0.39941414807224795,0.47196184238256067,3,5,0.9752077546296297,1.0,0.4714221130457597,3,0.39941414807224795,0.47196184238256067,3,4,0.9752077546296297,1.0
item_32,whitaker_faner2008_sunflower_136C_r0885_n060,faner2008_sunflower_136C,,,,,,,,,,,,,True,t_max,2400.0,60,0.885,0.5642369099156331,5,-0.45986505067269146,0.5662409499092685,5,49,0.3943703703703703,1.0,0.7337471299619425,4,-0.6130415483631549,0.7357940392759572,4,48,0.3943703703703703,1.0,0.5159919712203314,4,-0.42539357657452426,0.5182337549976469,4,48,0.3943703703703703,1.0
item_32,whitaker_faner2008_sunflower_136C_r0885_n120,faner2008_sunflower_136C,,,,,,,,,,,,,False,refused: RuntimeError: dry-shell Newton ,30.361997712350426,120,0.885,0.34589064414744736,5,0.2611019160882366,0.34683487018904596,5,6,0.9268593750000003,1.0,0.44935509465696793,4,0.35825203509352826,0.44949753040366,4,5,0.9268593750000003,0.9752077546296296,0.3176160136974614,4,0.23236663468775282,0.31922622844316734,4,5,0.9268593750000003,0.9752077546296296
item_32,whitaker_faner2008_sunflower_136C_rown_n060,faner2008_sunflower_136C,,,,,,,,,,,,,True,t_max,2400.0,60,0.7215,0.7354924601707762,2,-0.6345717799467532,0.7382955213380018,1,50,0.10162962962962963,1.0,0.955940805358023,1,-0.842912157654383,0.9590213385434607,1,49,0.10162962962962963,1.0,0.6724283200789537,1,-0.5847838682997124,0.6752410220122557,1,49,0.10162962962962963,1.0
item_32,whitaker_faner2008_sunflower_136C_rown_n120,faner2008_sunflower_136C,,,,,,,,,,,,,False,refused: RuntimeError: dry-shell Newton ,31.27612173576354,120,0.7215,0.261542609992809,4,0.1474597487493715,0.26324422346222853,3,7,0.926859375,1.0,0.33725729755796485,3,0.21070928428932512,0.3376724097433494,3,6,0.926859375,0.9752077546296298,0.24266835049348506,3,0.1286874101971504,0.2449734360834016,3,6,0.926859375,0.9752077546296298
