view,scenario,axis,fixed,levels,sources,observable,coarse,mid,fine,contraction_ratio,contracts,final_pair_value,final_pair_unit,final_pair_meets_criterion,richardson_class,ratio_signed,p_observed,extrapolated,gci_fine,gci_fine_conservative,gci_meets_criterion
literal,temperature_only,time,48,0.075-0.0375-0.01875,A/A/A,final_front_z,0.19255717897520044,0.19202190699268915,0.19178602022595395,0.4406858091628489,True,0.0012299476596744762,relative,True,MONOTONE,0.4406858091628489,1.1821776547730665,0.1916001641322369,0.0012113506337563418,0.0015374345745930952,True
literal,temperature_only,time,48,0.075-0.0375-0.01875,A/A/A,final_front_position_over_radius,0.5774573385777462,0.5769217685043548,0.5766854344039416,0.4412757772605264,True,0.00040981458229044995,relative,True,MONOTONE,0.4412757772605264,1.180247538566519,0.5764987796830461,0.00040458521613363167,0.0005122682278630624,True
literal,temperature_only,time,48,0.075-0.0375-0.01875,A/A/A,minimum_front_position_over_radius,0.5774573385777462,0.5769217685043548,0.5766854344039416,0.4412757772605264,True,0.00040981458229044995,relative,True,MONOTONE,0.4412757772605264,1.180247538566519,0.5764987796830461,0.00040458521613363167,0.0005122682278630624,True
literal,temperature_only,time,48,0.075-0.0375-0.01875,A/A/A,maximum_front_position_over_radius,0.6,0.6,0.6,0.0,True,0.0,relative,True,ROUNDOFF,,,0.6,0.0,0.0,True
literal,temperature_only,time,48,0.075-0.0375-0.01875,A/A/A,final_interface_temperature_k,337.7120811771339,337.70741279421037,337.7016145196462,1.2420306258382794,False,0.005798274564142503,K,True,DIVERGENT,1.2420306258382794,,,,,
literal,temperature_only,time,48,0.075-0.0375-0.01875,A/A/A,minimum_material_temperature_k,335.0,335.0,335.0,0.0,True,0.0,K,True,ROUNDOFF,,,335.0,0.0,0.0,True
literal,temperature_only,time,48,0.075-0.0375-0.01875,A/A/A,peak_particle_temperature_k,345.5131797069136,345.59298859872274,345.6523810360821,0.7441832108305277,True,0.059392437359349515,K,True,MONOTONE,0.7441832108305277,0.42627025202480956,345.8251564621072,0.21596928253138942,0.21596928253138942,False
literal,temperature_only,time,48,0.075-0.0375-0.01875,A/A/A,maximum_instantaneous_radial_temperature_spread_k,10.297378476507674,10.419605571157035,10.509140974726336,0.7325331901748555,True,0.08953540356930034,K,True,MONOTONE,0.7325331901748555,0.4490339671396615,10.75435889486039,0.30652240016756854,0.30652240016756854,False
literal,temperature_only,time,48,0.075-0.0375-0.01875,A/A/A,final_retained_water_mol,2.195173429592418e-05,2.1951506816377135e-05,2.1951515250602716e-05,0.03707685236092294,True,3.8422065559347853e-07,relative,True,OSCILLATORY,-0.03707685236092294,,,1.0362817529743355e-05,1.0362817529743355e-05,True
literal,temperature_only,time,48,0.075-0.0375-0.01875,A/A/A,final_pore_vapor_water_mol,2.1724434883379187e-09,2.1721294517257683e-09,2.1719615798170244e-09,0.5345615837413098,True,7.729045960290387e-05,relative,True,MONOTONE,0.5345615837413098,0.903571932834502,2.171768776923518e-09,0.0001109612707346291,0.0001109612707346291,True
literal,temperature_only,time,48,0.075-0.0375-0.01875,A/A/A,final_free_liquid_water_mol,0.0,0.0,0.0,0.0,True,0.0,relative,True,ROUNDOFF,,,0.0,0.0,0.0,True
literal,temperature_only,time,48,0.075-0.0375-0.01875,A/A/A,final_total_water_mol,2.195390673941252e-05,2.1953678945828864e-05,2.1953687212182533e-05,0.036288790653318255,True,3.7653600461381965e-07,relative,True,OSCILLATORY,-0.036288790653318255,,,1.0376096801103761e-05,1.0376096801103761e-05,True
literal,temperature_only,time,48,0.075-0.0375-0.01875,A/A/A,final_total_hexane_mol,1.8762709406068023e-06,1.873916456467284e-06,1.8730189991631007e-06,0.3811693989015324,True,0.0004791501338664212,relative,True,MONOTONE,0.3811693989015324,1.3914957936487096,1.8724662093356938e-06,0.00036891632416298265,0.0005989376673330265,True
literal,temperature_only,time,48,0.075-0.0375-0.01875,A/A/A,final_total_energy_j,0.40284693185263887,0.40281834165764363,0.40280887356067385,0.3311658759709509,True,2.350518469487457e-05,relative,True,MONOTONE,0.3311658759709509,1.5943740727258726,0.40280418553637287,1.4547917786486624e-05,2.9381480868593214e-05,True
literal,temperature_only,time,48,0.075-0.0375-0.01875,A/A/A,cumulative_boundary_hexane_out_mol,1.5473143554187953e-07,1.5708591968141625e-07,1.5798337698560545e-07,0.3811693989010216,True,0.005680707181433215,relative,True,MONOTONE,0.3811693989010216,1.3914957936506431,1.585361668130148e-07,0.0043737974048032036,0.007100883976791519,True
literal,temperature_only,time,48,0.075-0.0375-0.01875,A/A/A,cumulative_boundary_energy_out_j,-0.007666304930765913,-0.007637714735774403,-0.007628246638799474,0.3311658761942675,True,0.0012411891517469984,relative,True,MONOTONE,0.3311658761942675,1.5943740717530133,-0.007623558614491215,0.0007682014836172289,0.0015514864396837479,True
literal,temperature_only,time,48,0.075-0.0375-0.01875,A/A/A,baseline_water_flux_time_integral_mol_s_m2,0.0014519009615879684,0.0015214141195037697,0.0015605307792446856,0.5627231003991557,True,0.025066253265346505,relative,False,MONOTONE,0.5627231003991557,0.8295029060658328,0.0016108692445666814,0.040321589608729384,0.040321589608729384,False
literal,temperature_only,time,48,0.075-0.0375-0.01875,A/A/A,baseline_hexane_flux_time_integral_mol_s_m2,0.00644471447319247,0.006868812904649172,0.0071202874162218455,0.5929626070742687,True,0.03531802817394002,relative,False,MONOTONE,0.5929626070742687,0.7539869653090836,0.00748662963584703,0.06431310251440188,0.06431310251440188,False
literal,temperature_only,time,48,0.075-0.0375-0.01875,A/A/A,pulse_water_flux_time_integral_mol_s_m2,0.000917609855585263,0.0008752130528910056,0.0008091223275212751,1.5588610737073911,False,0.08168199433106452,relative,False,DIVERGENT,1.5588610737073911,,,,,
literal,temperature_only,time,48,0.075-0.0375-0.01875,A/A/A,pulse_hexane_flux_time_integral_mol_s_m2,0.004305447888275375,0.004099214623024401,0.0038033644636674543,1.4345414111390498,False,0.07778643413828086,relative,False,DIVERGENT,1.4345414111390498,,,,,
literal,temperature_only,time,48,0.075-0.0375-0.01875,A/A/A,return_water_flux_time_integral_mol_s_m2,0.001194749626571514,0.001190777626249087,0.0012169118113287635,6.579602960280574,False,0.021475824982864006,relative,False,OSCILLATORY,-6.579602960280574,,,0.021475824982864006,0.021475824982864006,False
literal,temperature_only,time,48,0.075-0.0375-0.01875,A/A/A,return_hexane_flux_time_integral_mol_s_m2,0.004970909372832711,0.004992265240964968,0.00512782462661233,6.34764107025963,False,0.02643604169765047,relative,False,DIVERGENT,6.34764107025963,,,,,
literal,combined,mesh,0.0375,12-24-48,A/A/A,final_front_z,0.19292997089346653,0.19219779727761807,0.19202629296437682,0.23423995283210589,True,0.0008931293240820483,relative,True,MONOTONE,0.23423995283210589,2.0939409266620492,0.19197383114896518,0.00034150151134105974,0.0003721372183675201,True
literal,combined,mesh,0.0375,12-24-48,A/A/A,final_front_position_over_radius,0.5778297520379165,0.5770978664094045,0.5769261609602595,0.23460694192631468,True,0.0002976211875350346,relative,True,MONOTONE,0.23460694192631468,2.0916823921155885,0.5768735301062021,0.00011403290754263448,0.00012400882813959775,True
literal,combined,mesh,0.0375,12-24-48,A/A/A,minimum_front_position_over_radius,0.5778297520379165,0.5770978664094045,0.5769261609602595,0.23460694192631468,True,0.0002976211875350346,relative,True,MONOTONE,0.23460694192631468,2.0916823921155885,0.5768735301062021,0.00011403290754263448,0.00012400882813959775,True
literal,combined,mesh,0.0375,12-24-48,A/A/A,maximum_front_position_over_radius,0.6,0.6,0.6,0.0,True,0.0,relative,True,ROUNDOFF,,,0.6,0.0,0.0,True
literal,combined,mesh,0.0375,12-24-48,A/A/A,final_interface_temperature_k,337.70506669914545,337.706233977276,337.70741038839316,1.0078241735150326,False,0.001176411117171483,K,True,DIVERGENT,1.0078241735150326,,,,,
literal,combined,mesh,0.0375,12-24-48,A/A/A,minimum_material_temperature_k,335.0,335.0,335.0,0.0,True,0.0,K,True,ROUNDOFF,,,335.0,0.0,0.0,True
literal,combined,mesh,0.0375,12-24-48,A/A/A,peak_particle_temperature_k,344.9832062104922,345.35858722436825,345.56336573867856,0.5455217678588354,True,0.20477851431030558,K,False,MONOTONE,0.5455217678588354,0.874291329584268,345.8091665917134,0.3072510662935485,0.3072510662935485,False
literal,combined,mesh,0.0375,12-24-48,A/A/A,maximum_instantaneous_radial_temperature_spread_k,9.793398232158665,10.181926392122875,10.389979362118027,0.5354900659306561,True,0.20805296999515122,K,False,MONOTONE,0.5354900659306561,0.901068283619609,10.629824175863474,0.29980601718181055,0.29980601718181055,False
literal,combined,mesh,0.0375,12-24-48,A/A/A,final_retained_water_mol,2.195083079867433e-05,2.194926382566016e-05,2.194821216238225e-05,0.6711431967231898,True,4.7915669400710574e-05,relative,True,MONOTONE,0.6711431967231898,0.5753074787425804,2.1946065888845625e-05,0.00012223510056007448,0.00012223510056007448,True
literal,combined,mesh,0.0375,12-24-48,A/A/A,final_pore_vapor_water_mol,2.1710613180090526e-09,2.1709623009943534e-09,2.170505159811647e-09,4.616794235771268,False,0.00021061510986968734,relative,True,DIVERGENT,4.616794235771268,,,,,
literal,combined,mesh,0.0375,12-24-48,A/A/A,final_free_liquid_water_mol,0.0,0.0,0.0,0.0,True,0.0,relative,True,ROUNDOFF,,,0.0,0.0,0.0,True
literal,combined,mesh,0.0375,12-24-48,A/A/A,final_total_water_mol,2.195300185999234e-05,2.1951434787961155e-05,2.195038266754206e-05,0.6713925066349801,True,4.793175750187303e-05,relative,True,MONOTONE,0.6713925066349801,0.5747716595809461,2.19482330337701e-05,0.00012241436769693347,0.00012241436769693347,True
literal,combined,mesh,0.0375,12-24-48,A/A/A,final_total_hexane_mol,1.877971810231753e-06,1.8748943311064205e-06,1.8743884048364936e-06,0.16439632872318297,True,0.000269915386064833,relative,True,MONOTONE,0.16439632872318297,2.6047500135806496,1.8742888691065302e-06,6.637880501882586e-05,0.00011246474419368042,True
literal,combined,mesh,0.0375,12-24-48,A/A/A,final_total_energy_j,0.40280153604146324,0.40271424138031237,0.40267048963485635,0.5011961198909364,True,0.00010865396541893428,relative,True,MONOTONE,0.5011961198909364,0.9965528490938548,0.40262652805810156,0.00013646883086301074,0.00013646883086301074,True
literal,combined,mesh,0.0375,12-24-48,A/A/A,cumulative_boundary_hexane_out_mol,1.5303056591695427e-07,1.5610804504221884e-07,1.5661397131220523e-07,0.16439632874614518,True,0.0032304031737873753,relative,True,MONOTONE,0.16439632874614518,2.6047500133791397,1.5671350704219693e-07,0.0007944352693898156,0.0013460013224114065,True
literal,combined,mesh,0.0375,12-24-48,A/A/A,cumulative_boundary_energy_out_j,-0.00762090911959406,-0.007533614458448679,-0.00748986271298122,0.5011961200536097,True,0.005841461605381635,relative,True,MONOTONE,0.5011961200536097,0.996552848625599,-0.0074459011361863075,0.00733684622795553,0.00733684622795553,True
literal,combined,mesh,0.0375,12-24-48,A/A/A,baseline_water_flux_time_integral_mol_s_m2,0.0015427874900412887,0.001562438870036401,0.0015214141195037697,2.087626952551676,False,0.02696488090041653,relative,False,OSCILLATORY,-2.087626952551676,,,0.02696488090041653,0.02696488090041653,False
literal,combined,mesh,0.0375,12-24-48,A/A/A,baseline_hexane_flux_time_integral_mol_s_m2,0.006837434449425258,0.006924903016711781,0.006868812904649172,0.6412602126987348,True,0.008165910593465784,relative,True,OSCILLATORY,-0.6412602126987348,,,0.012734160691335676,0.012734160691335676,False
literal,combined,mesh,0.0375,12-24-48,A/A/A,pulse_water_flux_time_integral_mol_s_m2,0.0009289531046459515,0.001036937814161249,0.0012177569386969986,1.674488224743838,False,0.14848539867834895,relative,False,DIVERGENT,1.674488224743838,,,,,
literal,combined,mesh,0.0375,12-24-48,A/A/A,pulse_hexane_flux_time_integral_mol_s_m2,0.0037148857154417876,0.003855581397539878,0.00405111986600983,1.3897972244352645,False,0.048267756802404596,relative,False,DIVERGENT,1.3897972244352645,,,,,
literal,combined,mesh,0.0375,12-24-48,A/A/A,return_water_flux_time_integral_mol_s_m2,0.0011844576910243715,0.0012160397442995026,0.0011831432385778602,1.0416202339683336,False,0.027804330573856877,relative,False,OSCILLATORY,-1.0416202339683336,,,0.027804330573856877,0.027804330573856877,False
literal,combined,mesh,0.0375,12-24-48,A/A/A,return_hexane_flux_time_integral_mol_s_m2,0.004995939281545795,0.005080454029287153,0.004992408952083345,1.0417717564898157,False,0.017635790266554017,relative,False,OSCILLATORY,-1.0417717564898157,,,0.017635790266554017,0.017635790266554017,False
literal,combined,time,48,0.075-0.0375-0.01875,A/A/A,final_front_z,0.19256471765466118,0.19202629296437682,0.1917886982688826,0.44127748927847393,True,0.0012388357480852394,relative,True,MONOTONE,0.44127748927847393,1.1802419413523981,0.19160104663738098,0.001223036297207518,0.0015485446851065492,True
literal,combined,time,48,0.075-0.0375-0.01875,A/A/A,final_front_position_over_radius,0.5774648743635521,0.5769261609602595,0.5766881186127271,0.44187196026224324,True,0.00041277484284759063,relative,True,MONOTONE,0.44187196026224324,1.1782997095586416,0.5764996596369354,0.0004084941446448922,0.0005159685535594883,True
literal,combined,time,48,0.075-0.0375-0.01875,A/A/A,minimum_front_position_over_radius,0.5774648743635521,0.5769261609602595,0.5766881186127271,0.44187196026224324,True,0.00041277484284759063,relative,True,MONOTONE,0.44187196026224324,1.1782997095586416,0.5764996596369354,0.0004084941446448922,0.0005159685535594883,True
literal,combined,time,48,0.075-0.0375-0.01875,A/A/A,maximum_front_position_over_radius,0.6,0.6,0.6,0.0,True,0.0,relative,True,ROUNDOFF,,,0.6,0.0,0.0,True
literal,combined,time,48,0.075-0.0375-0.01875,A/A/A,final_interface_temperature_k,337.71206604845105,337.70741038839316,337.70161171151534,1.2455112284210563,False,0.005798676877816433,K,True,DIVERGENT,1.2455112284210563,,,,,
literal,combined,time,48,0.075-0.0375-0.01875,A/A/A,minimum_material_temperature_k,335.0,335.0,335.0,0.0,True,0.0,K,True,ROUNDOFF,,,335.0,0.0,0.0,True
literal,combined,time,48,0.075-0.0375-0.01875,A/A/A,peak_particle_temperature_k,345.4839504910877,345.56336573867856,345.62325106553124,0.7540784505413028,False,0.059885326852679555,K,True,MONOTONE,0.7540784505413028,0.4072134728266617,345.80687968442464,0.229535773616763,0.229535773616763,False
literal,combined,time,48,0.075-0.0375-0.01875,A/A/A,maximum_instantaneous_radial_temperature_spread_k,10.268171141336097,10.389979362118027,10.480010280022952,0.7391202114847926,True,0.0900309179049259,K,True,MONOTONE,0.7391202114847926,0.4361190696108175,10.735084356327564,0.318842595380764,0.318842595380764,False
literal,combined,time,48,0.075-0.0375-0.01875,A/A/A,final_retained_water_mol,2.194845890289281e-05,2.194821216238225e-05,2.194821150947979e-05,0.0026461097154577514,True,2.974741071279699e-08,relative,True,MONOTONE,0.0026461097154577514,8.561911403444114,2.1948211507747552e-05,9.865469175939512e-11,3.718426339099624e-08,True
literal,combined,time,48,0.075-0.0375-0.01875,A/A/A,final_pore_vapor_water_mol,2.1708388831998095e-09,2.170505159811647e-09,2.170328317587179e-09,0.5299065955242434,True,8.148178459222307e-05,relative,True,MONOTONE,0.5299065955242434,0.9161900107767288,2.1701289745199916e-09,0.00011481158494091203,0.00011481158494091203,True
literal,combined,time,48,0.075-0.0375-0.01875,A/A/A,final_free_liquid_water_mol,0.0,0.0,0.0,0.0,True,0.0,relative,True,ROUNDOFF,,,0.0,0.0,0.0,True
literal,combined,time,48,0.075-0.0375-0.01875,A/A/A,final_total_water_mol,2.195062974177601e-05,2.195038266754206e-05,2.1950381837797375e-05,0.003358280922509757,True,3.780092266493862e-08,relative,True,MONOTONE,0.003358280922509757,8.218061366906495,2.1950381835001468e-05,1.5921734336541925e-10,4.725115333117328e-08,True
literal,combined,time,48,0.075-0.0375-0.01875,A/A/A,final_total_hexane_mol,1.876762174463322e-06,1.8743884048364936e-06,1.873480997105223e-06,0.3822644459744856,True,0.0004843431733082167,relative,True,MONOTONE,0.3822644459744856,1.3873570720666257,1.872919478974355e-06,0.00037464893674903847,0.0006054289666352709,True
literal,combined,time,48,0.075-0.0375-0.01875,A/A/A,final_total_energy_j,0.4027005853566911,0.40267048963485635,0.4026603407764566,0.3372193049712432,True,2.5204514505097714e-05,relative,True,MONOTONE,0.3372193049712432,1.5682409655200122,0.4026551770910906,1.6029904249055362e-05,3.150564313137214e-05,True
literal,combined,time,48,0.075-0.0375-0.01875,A/A/A,cumulative_boundary_hexane_out_mol,1.5424020168498877e-07,1.5661397131220523e-07,1.5752137904348548e-07,0.3822644459160488,True,0.005760536993710216,relative,True,MONOTONE,0.3822644459160488,1.3873570722871709,1.5808289717422049e-07,0.004455888258983623,0.0072006712421377695,True
literal,combined,time,48,0.075-0.0375-0.01875,A/A/A,cumulative_boundary_energy_out_j,-0.007519958434726579,-0.00748986271298122,-0.007479713854581036,0.3372193059882056,True,0.00135685115734317,relative,True,MONOTONE,0.3372193059882056,1.5682409611692334,-0.007474550169191277,0.0008629483510582141,0.0016960639466789625,True
literal,combined,time,48,0.075-0.0375-0.01875,A/A/A,baseline_water_flux_time_integral_mol_s_m2,0.0014519009615879684,0.0015214141195037697,0.0015605307792446856,0.5627231003991557,True,0.025066253265346505,relative,False,MONOTONE,0.5627231003991557,0.8295029060658328,0.0016108692445666814,0.040321589608729384,0.040321589608729384,False
literal,combined,time,48,0.075-0.0375-0.01875,A/A/A,baseline_hexane_flux_time_integral_mol_s_m2,0.00644471447319247,0.006868812904649172,0.0071202874162218455,0.5929626070742687,True,0.03531802817394002,relative,False,MONOTONE,0.5929626070742687,0.7539869653090836,0.00748662963584703,0.06431310251440188,0.06431310251440188,False
literal,combined,time,48,0.075-0.0375-0.01875,A/A/A,pulse_water_flux_time_integral_mol_s_m2,0.0012580844142217175,0.0012177569386969986,0.0011527927906577833,1.6109153175084105,False,0.056353707765770054,relative,False,DIVERGENT,1.6109153175084105,,,,,
literal,combined,time,48,0.075-0.0375-0.01875,A/A/A,pulse_hexane_flux_time_integral_mol_s_m2,0.00425632120820367,0.00405111986600983,0.00375567409002634,1.4397848124424202,False,0.07866651069859422,relative,False,DIVERGENT,1.4397848124424202,,,,,
literal,combined,time,48,0.075-0.0375-0.01875,A/A/A,return_water_flux_time_integral_mol_s_m2,0.001187225609026147,0.0011831432385778602,0.001209075030830865,6.352140890076858,False,0.021447628634911713,relative,False,OSCILLATORY,-6.352140890076858,,,0.021447628634911713,0.021447628634911713,False
literal,combined,time,48,0.075-0.0375-0.01875,A/A/A,return_hexane_flux_time_integral_mol_s_m2,0.004970125556853944,0.004992408952083345,0.005128574940764361,6.110648187999518,False,0.026550453148047787,relative,False,DIVERGENT,6.110648187999518,,,,,
literal_plus_ruled,composition_only,mesh,0.075,12-24-48,A/A/B,final_front_z,0.19295590480480193,0.19243942166705277,0.1923236983690213,0.22406016687359204,True,0.0006017110684374863,relative,True,MONOTONE,0.22406016687359204,2.1580419037000933,0.19229028214219399,0.0002171873975405048,0.00025071294518228595,True
literal_plus_ruled,composition_only,mesh,0.075,12-24-48,A/A/B,final_front_position_over_radius,0.5778556417672054,0.5773396009296767,0.5772238501495482,0.22430546520857542,True,0.00020053014112029232,relative,True,MONOTONE,0.22430546520857542,2.156463322732219,0.5771903788133192,7.248343996071707e-05,8.355422546678848e-05,True
literal_plus_ruled,composition_only,mesh,0.075,12-24-48,A/A/B,minimum_front_position_over_radius,0.5778556417672054,0.5773396009296767,0.5772238501495482,0.22430546520857542,True,0.00020053014112029232,relative,True,MONOTONE,0.22430546520857542,2.156463322732219,0.5771903788133192,7.248343996071707e-05,8.355422546678848e-05,True
literal_plus_ruled,composition_only,mesh,0.075,12-24-48,A/A/B,maximum_front_position_over_radius,0.6,0.6,0.6,0.0,True,0.0,relative,True,ROUNDOFF,,,0.6,0.0,0.0,True
literal_plus_ruled,composition_only,mesh,0.075,12-24-48,A/A/B,final_interface_temperature_k,337.7102158836321,337.7121181675874,337.7002054652308,6.262315530437387,False,0.011912702356596583,K,True,OSCILLATORY,-6.262315530437387,,,0.011912702356596583,0.011912702356596583,True
literal_plus_ruled,composition_only,mesh,0.075,12-24-48,A/A/B,minimum_material_temperature_k,335.0,335.0,335.0,0.0,True,0.0,K,True,ROUNDOFF,,,335.0,0.0,0.0,True
literal_plus_ruled,composition_only,mesh,0.075,12-24-48,A/A/B,peak_particle_temperature_k,345.5217962375534,345.9208144213353,346.1773111388412,0.6428196205868045,True,0.25649671750591096,K,False,MONOTONE,0.6428196205868045,0.637514130262529,346.63892978345933,0.5770233057726686,0.5770233057726686,False
literal_plus_ruled,composition_only,mesh,0.075,12-24-48,A/A/B,maximum_instantaneous_radial_temperature_spread_k,10.292379343574908,10.701640201312273,10.98121092070221,0.6831113068949931,True,0.2795707193899375,K,False,MONOTONE,0.6831113068949931,0.5498074229283392,11.583876536886722,0.7533320202306395,0.7533320202306395,False
literal_plus_ruled,composition_only,mesh,0.075,12-24-48,A/A/B,final_retained_water_mol,2.194713058203026e-05,2.1945412928416084e-05,2.1944155095559017e-05,0.7322971562398536,True,5.731972142874923e-05,relative,True,MONOTONE,0.7322971562398536,0.4494989015141975,2.1940714312445484e-05,0.0001959965591378908,0.0001959965591378908,True
literal_plus_ruled,composition_only,mesh,0.075,12-24-48,A/A/B,final_pore_vapor_water_mol,2.201335313629086e-09,2.2010668518530822e-09,2.2002773642840974e-09,2.9407820388323826,False,0.0003588127487016467,relative,True,DIVERGENT,2.9407820388323826,,,,,
literal_plus_ruled,composition_only,mesh,0.075,12-24-48,A/A/B,final_free_liquid_water_mol,0.0,0.0,0.0,0.0,True,0.0,relative,True,ROUNDOFF,,,0.0,0.0,0.0,True
literal_plus_ruled,composition_only,mesh,0.075,12-24-48,A/A/B,final_total_water_mol,2.1949331917343887e-05,2.1947613995267937e-05,2.19463553729233e-05,0.732642278864245,True,5.734994823732925e-05,relative,True,MONOTONE,0.732642278864245,0.4488191372918844,2.1942906361094183e-05,0.00019644559258870546,0.00019644559258870546,True
literal_plus_ruled,composition_only,mesh,0.075,12-24-48,A/A/B,final_total_hexane_mol,1.8678262937000879e-06,1.8661559187849511e-06,1.8665969657636063e-06,0.2640407100576235,True,0.0002362839899264066,relative,True,OSCILLATORY,-0.2640407100576235,,,0.0008948771190428956,0.0008948771190428956,True
literal_plus_ruled,composition_only,mesh,0.075,12-24-48,A/A/B,final_total_energy_j,0.4056113407509832,0.4055310804222442,0.40549522897650886,0.4466894952783418,True,8.841397672126526e-05,relative,True,MONOTONE,0.4466894952783418,1.1626557674636568,0.40546628597964934,8.922113871902771e-05,8.922113871902771e-05,True
literal_plus_ruled,composition_only,mesh,0.075,12-24-48,A/A/B,cumulative_boundary_hexane_out_mol,1.631760824485117e-07,1.648464573636472e-07,1.6440541038523252e-07,0.26404070991385786,True,0.0026826792219381097,relative,True,OSCILLATORY,-0.26404070991385786,,,0.010160096989639673,0.010160096989639673,False
literal_plus_ruled,composition_only,mesh,0.075,12-24-48,A/A/B,cumulative_boundary_energy_out_j,-0.010430713829089769,-0.010350453500348371,-0.010314602054675888,0.4466894944823652,True,0.0034757953319421377,relative,True,MONOTONE,0.4466894944823652,1.1626557700344615,-0.010285659057960288,0.0035075270672316793,0.0035075270672316793,True
literal_plus_ruled,composition_only,mesh,0.075,12-24-48,A/A/B,baseline_water_flux_time_integral_mol_s_m2,0.0014716527910290408,0.0015002295493105684,0.0014519009615879684,1.691185096870845,False,0.03328642173343713,relative,False,OSCILLATORY,-1.691185096870845,,,0.03328642173343713,0.03328642173343713,False
literal_plus_ruled,composition_only,mesh,0.075,12-24-48,A/A/B,baseline_hexane_flux_time_integral_mol_s_m2,0.006441133949984462,0.006548713455881376,0.00644471447319247,0.9667174228199231,False,0.016137097015158974,relative,False,OSCILLATORY,-0.9667174228199231,,,0.016692672164826533,0.016692672164826533,False
literal_plus_ruled,composition_only,mesh,0.075,12-24-48,A/A/B,pulse_water_flux_time_integral_mol_s_m2,0.0013181282343310132,0.0014334226357823735,0.0015672016347474007,1.1603251960284038,False,0.08536170202922837,relative,False,DIVERGENT,1.1603251960284038,,,,,
literal_plus_ruled,composition_only,mesh,0.075,12-24-48,A/A/B,pulse_hexane_flux_time_integral_mol_s_m2,0.005133445397128456,0.00517816078693885,0.00511588789472889,1.392650102660737,False,0.012172450509347996,relative,False,OSCILLATORY,-1.392650102660737,,,0.012172450509347996,0.012172450509347996,False
literal_plus_ruled,composition_only,mesh,0.075,12-24-48,A/A/B,return_water_flux_time_integral_mol_s_m2,0.0012392919221811646,0.0012699656188887491,0.001312394147839787,1.3832218971033483,False,0.03232910556700944,relative,False,DIVERGENT,1.3832218971033483,,,,,
literal_plus_ruled,composition_only,mesh,0.075,12-24-48,A/A/B,return_hexane_flux_time_integral_mol_s_m2,0.005004488044793176,0.0050219071039267595,0.005143367585707146,6.972849730225233,False,0.02361497205020152,relative,False,DIVERGENT,6.972849730225233,,,,,
literal_plus_ruled,composition_only,mesh,0.0375,12-24-48,B/B/B,final_front_z,0.19279701108371805,0.19209300087595552,0.1919311877254287,0.229844892506735,True,0.0008430789828608218,relative,True,MONOTONE,0.229844892506735,2.1212674871928336,0.1918828962503386,0.0003145103439309913,0.0003512829095253425,True
literal_plus_ruled,composition_only,mesh,0.0375,12-24-48,B/B/B,final_front_position_over_radius,0.5776969822920053,0.5769929592497164,0.576830900114554,0.23019010093128278,True,0.00028094738879322405,relative,True,MONOTONE,0.23019010093128278,2.1191023015754284,0.5767824408667254,0.00010501181502882912,0.00011706141199717669,True
literal_plus_ruled,composition_only,mesh,0.0375,12-24-48,B/B/B,minimum_front_position_over_radius,0.5776969822920053,0.5769929592497164,0.576830900114554,0.23019010093128278,True,0.00028094738879322405,relative,True,MONOTONE,0.23019010093128278,2.1191023015754284,0.5767824408667254,0.00010501181502882912,0.00011706141199717669,True
literal_plus_ruled,composition_only,mesh,0.0375,12-24-48,B/B/B,maximum_front_position_over_radius,0.6,0.6,0.6,0.0,True,0.0,relative,True,ROUNDOFF,,,0.6,0.0,0.0,True
literal_plus_ruled,composition_only,mesh,0.0375,12-24-48,B/B/B,final_interface_temperature_k,337.705137679072,337.70632543592325,337.707461711824,0.9566569955386264,False,0.0011362759007624845,K,True,MONOTONE,0.9566569955386264,0.06392634837662685,337.73254133661777,0.03134953099222499,0.03134953099222499,True
literal_plus_ruled,composition_only,mesh,0.0375,12-24-48,B/B/B,minimum_material_temperature_k,335.0,335.0,335.0,0.0,True,0.0,K,True,ROUNDOFF,,,335.0,0.0,0.0,True
literal_plus_ruled,composition_only,mesh,0.0375,12-24-48,B/B/B,peak_particle_temperature_k,345.599573547481,346.0079519997715,346.21873397639774,0.5161437275743662,True,0.21078197662626508,K,False,MONOTONE,0.5161437275743662,0.9541552343054767,346.4435813150009,0.2810591732540122,0.2810591732540122,False
literal_plus_ruled,composition_only,mesh,0.0375,12-24-48,B/B/B,maximum_instantaneous_radial_temperature_spread_k,10.409703045465733,10.831147840772474,11.045419070557557,0.5084206334287039,True,0.2142712297850835,K,False,MONOTONE,0.5084206334287039,0.975905513912662,11.267031127086133,0.2770150706607197,0.2770150706607197,False
literal_plus_ruled,composition_only,mesh,0.0375,12-24-48,B/B/B,final_retained_water_mol,2.194743858358479e-05,2.1945517225578452e-05,2.1943985341771554e-05,0.7972922286450571,False,6.980882383208581e-05,relative,True,MONOTONE,0.7972922286450571,0.32681948793082766,2.193796012109914e-05,0.0003432159529463489,0.0003432159529463489,True
literal_plus_ruled,composition_only,mesh,0.0375,12-24-48,B/B/B,final_pore_vapor_water_mol,2.201352902857338e-09,2.2011499019601277e-09,2.2004042244217136e-09,3.6732721316079853,False,0.0003388820700024257,relative,True,DIVERGENT,3.6732721316079853,,,,,
literal_plus_ruled,composition_only,mesh,0.0375,12-24-48,B/B/B,final_free_liquid_water_mol,0.0,0.0,0.0,0.0,True,0.0,relative,True,ROUNDOFF,,,0.0,0.0,0.0,True
literal_plus_ruled,composition_only,mesh,0.0375,12-24-48,B/B/B,final_total_water_mol,2.1949639936487647e-05,2.194771837548041e-05,2.1946185745995976e-05,0.7975960579254774,False,6.983580209213709e-05,relative,True,MONOTONE,0.7975960579254774,0.32626981557429635,2.1940146242898772e-05,0.0003439950321610091,0.0003439950321610091,True
literal_plus_ruled,composition_only,mesh,0.0375,12-24-48,B/B/B,final_total_hexane_mol,1.867770332705931e-06,1.8649627647068447e-06,1.8646205618486553e-06,0.12188586645125596,True,0.00018352412560020573,relative,True,MONOTONE,0.12188586645125596,3.0363972501666847,1.86457306267938e-06,3.1842382739430784e-05,7.646838566675239e-05,True
literal_plus_ruled,composition_only,mesh,0.0375,12-24-48,B/B/B,final_total_energy_j,0.4056502911733586,0.40554868926341797,0.40547788468312496,0.6968823748922628,True,0.00017462007909099277,relative,True,MONOTONE,0.6968823748922628,0.5210129272874939,0.40531510145977956,0.0005018252212220982,0.0005018252212220982,True
literal_plus_ruled,composition_only,mesh,0.0375,12-24-48,B/B/B,cumulative_boundary_hexane_out_mol,1.6323204344280128e-07,1.6603961144171907e-07,1.663818143000333e-07,0.12188586650301986,True,0.0020567323403335148,relative,True,MONOTONE,0.12188586650301986,3.0363972495539837,1.6642931346934896e-07,0.000356853673548116,0.0008569718084722979,True
literal_plus_ruled,composition_only,mesh,0.0375,12-24-48,B/B/B,cumulative_boundary_energy_out_j,-0.010469664251486715,-0.010368062341561865,-0.010297257761255358,0.6968823751332728,True,0.0068760617582010256,relative,True,MONOTONE,0.6968823751332728,0.5210129267885518,-0.010134474537693193,0.01976050655139663,0.01976050655139663,False
literal_plus_ruled,composition_only,mesh,0.0375,12-24-48,B/B/B,baseline_water_flux_time_integral_mol_s_m2,0.0015427874900412887,0.001562438870036401,0.0015214141195037697,2.087626952551676,False,0.02696488090041653,relative,False,OSCILLATORY,-2.087626952551676,,,0.02696488090041653,0.02696488090041653,False
literal_plus_ruled,composition_only,mesh,0.0375,12-24-48,B/B/B,baseline_hexane_flux_time_integral_mol_s_m2,0.006837434449425258,0.006924903016711781,0.006868812904649172,0.6412602126987348,True,0.008165910593465784,relative,True,OSCILLATORY,-0.6412602126987348,,,0.012734160691335676,0.012734160691335676,False
literal_plus_ruled,composition_only,mesh,0.0375,12-24-48,B/B/B,pulse_water_flux_time_integral_mol_s_m2,0.001206776415898012,0.001338546195780286,0.0015534530765602594,1.6309269164141866,False,0.13834140472130124,relative,False,DIVERGENT,1.6309269164141866,,,,,
literal_plus_ruled,composition_only,mesh,0.0375,12-24-48,B/B/B,pulse_hexane_flux_time_integral_mol_s_m2,0.004704861205009207,0.004827055691030767,0.005014357762857355,1.5328193433666162,False,0.03735315282327545,relative,False,DIVERGENT,1.5328193433666162,,,,,
literal_plus_ruled,composition_only,mesh,0.0375,12-24-48,B/B/B,return_water_flux_time_integral_mol_s_m2,0.0012482135838064647,0.0012920274669153784,0.0012738640368357753,0.4145587834443245,True,0.014258531173170004,relative,False,OSCILLATORY,-0.4145587834443245,,,0.03439447369732291,0.03439447369732291,False
literal_plus_ruled,composition_only,mesh,0.0375,12-24-48,B/B/B,return_hexane_flux_time_integral_mol_s_m2,0.0050424575039254085,0.005118049853020459,0.005021606495153052,1.275834909510992,False,0.01920567809534586,relative,False,OSCILLATORY,-1.275834909510992,,,0.01920567809534586,0.01920567809534586,False
literal_plus_ruled,composition_only,mesh,0.075,24-48-96,A/B/C,final_front_z,0.19243942166705277,0.1923236983690213,0.19204722431384227,2.389095885461505,False,0.001439614949743896,relative,True,DIVERGENT,2.389095885461505,,,,,
literal_plus_ruled,composition_only,mesh,0.075,24-48-96,A/B/C,final_front_position_over_radius,0.5773396009296767,0.5772238501495482,0.5769471223334222,2.3907209594519387,False,0.0004796415571099159,relative,True,DIVERGENT,2.3907209594519387,,,,,
literal_plus_ruled,composition_only,mesh,0.075,24-48-96,A/B/C,minimum_front_position_over_radius,0.5773396009296767,0.5772238501495482,0.5769471223334222,2.3907209594519387,False,0.0004796415571099159,relative,True,DIVERGENT,2.3907209594519387,,,,,
literal_plus_ruled,composition_only,mesh,0.075,24-48-96,A/B/C,maximum_front_position_over_radius,0.6,0.6,0.6,0.0,True,0.0,relative,True,ROUNDOFF,,,0.6,0.0,0.0,True
literal_plus_ruled,composition_only,mesh,0.075,24-48-96,A/B/C,final_interface_temperature_k,337.7121181675874,337.7002054652308,337.70906805051317,0.7439609432921735,True,0.008862585282372493,K,True,OSCILLATORY,-0.7439609432921735,,,0.011912702356596583,0.011912702356596583,True
literal_plus_ruled,composition_only,mesh,0.075,24-48-96,A/B/C,minimum_material_temperature_k,335.0,335.0,335.0,0.0,True,0.0,K,True,ROUNDOFF,,,335.0,0.0,0.0,True
literal_plus_ruled,composition_only,mesh,0.075,24-48-96,A/B/C,peak_particle_temperature_k,345.9208144213353,346.1773111388412,346.2519132208941,0.2908500458730346,True,0.074602082052877,K,True,MONOTONE,0.2908500458730346,1.7816525631788007,346.28251044347166,0.03824652822197457,0.03824652822197457,True
literal_plus_ruled,composition_only,mesh,0.075,24-48-96,A/B/C,maximum_instantaneous_radial_temperature_spread_k,10.701640201312273,10.98121092070221,11.05113905959223,0.25012683389238105,True,0.06992813889002036,K,True,MONOTONE,0.25012683389238105,1.999268255094199,11.074464209459025,0.029156437333492415,0.029156437333492415,True
literal_plus_ruled,composition_only,mesh,0.075,24-48-96,A/B/C,final_retained_water_mol,2.1945412928416084e-05,2.1944155095559017e-05,2.1941701948785724e-05,1.9502963048795385,False,0.00011180293939910338,relative,True,DIVERGENT,1.9502963048795385,,,,,
literal_plus_ruled,composition_only,mesh,0.075,24-48-96,A/B/C,final_pore_vapor_water_mol,2.2010668518530822e-09,2.2002773642840974e-09,2.199298134402181e-09,1.240336036165415,False,0.00044524653870205855,relative,True,DIVERGENT,1.240336036165415,,,,,
literal_plus_ruled,composition_only,mesh,0.075,24-48-96,A/B/C,final_free_liquid_water_mol,0.0,0.0,0.0,0.0,True,0.0,relative,True,ROUNDOFF,,,0.0,0.0,0.0,True
literal_plus_ruled,composition_only,mesh,0.075,24-48-96,A/B/C,final_total_water_mol,2.1947613995267937e-05,2.19463553729233e-05,2.1943901246920124e-05,1.9498509728816071,False,0.00011183635833769006,relative,True,DIVERGENT,1.9498509728816071,,,,,
literal_plus_ruled,composition_only,mesh,0.075,24-48-96,A/B/C,final_total_hexane_mol,1.8661559187849511e-06,1.8665969657636063e-06,1.865103275119994e-06,3.3866928374998904,False,0.0008008621632580973,relative,True,OSCILLATORY,-3.3866928374998904,,,0.0008008621632580973,0.0008008621632580973,True
literal_plus_ruled,composition_only,mesh,0.075,24-48-96,A/B/C,final_total_energy_j,0.4055310804222442,0.40549522897650886,0.40536103465629086,3.743065794577305,False,0.0003310488891261581,relative,True,DIVERGENT,3.743065794577305,,,,,
literal_plus_ruled,composition_only,mesh,0.075,24-48-96,A/B/C,cumulative_boundary_hexane_out_mol,1.648464573636472e-07,1.6440541038523252e-07,1.658991010288757e-07,3.386692839416321,False,0.009003609027291751,relative,True,OSCILLATORY,-3.386692839416321,,,0.009003609027291751,0.009003609027291751,True
literal_plus_ruled,composition_only,mesh,0.075,24-48-96,A/B/C,cumulative_boundary_energy_out_j,-0.010350453500348371,-0.010314602054675888,-0.010180407734431175,3.7430658018823055,False,0.013181625308665637,relative,False,DIVERGENT,3.7430658018823055,,,,,
literal_plus_ruled,composition_only,mesh,0.075,24-48-96,A/B/C,baseline_water_flux_time_integral_mol_s_m2,0.0015002295493105684,0.0014519009615879684,0.0014482044725894598,0.07648659256765436,True,0.0025524634597344866,relative,True,MONOTONE,0.07648659256765436,3.7086493116605763,0.0014478983245187504,0.00026424796748665384,0.001063526441556036,True
literal_plus_ruled,composition_only,mesh,0.075,24-48-96,A/B/C,baseline_hexane_flux_time_integral_mol_s_m2,0.006548713455881376,0.00644471447319247,0.0068792312531387985,4.17808683038858,False,0.0631635663865887,relative,False,OSCILLATORY,-4.17808683038858,,,0.0631635663865887,0.0631635663865887,False
literal_plus_ruled,composition_only,mesh,0.075,24-48-96,A/B/C,pulse_water_flux_time_integral_mol_s_m2,0.0014334226357823735,0.0015672016347474007,0.0018821248107983557,2.3540554084522856,False,0.16732321589096505,relative,False,DIVERGENT,2.3540554084522856,,,,,
literal_plus_ruled,composition_only,mesh,0.075,24-48-96,A/B/C,pulse_hexane_flux_time_integral_mol_s_m2,0.00517816078693885,0.00511588789472889,0.005026427970027257,1.4365789274731136,False,0.017797912401229122,relative,False,DIVERGENT,1.4365789274731136,,,,,
literal_plus_ruled,composition_only,mesh,0.075,24-48-96,A/B/C,return_water_flux_time_integral_mol_s_m2,0.0012699656188887491,0.001312394147839787,0.0012505123398841621,1.4584952503782518,False,0.04948516378603441,relative,False,OSCILLATORY,-1.4584952503782518,,,0.04948516378603441,0.04948516378603441,False
literal_plus_ruled,composition_only,mesh,0.075,24-48-96,A/B/C,return_hexane_flux_time_integral_mol_s_m2,0.0050219071039267595,0.005143367585707146,0.004950073154661072,1.591418280355338,False,0.0390488029180063,relative,False,OSCILLATORY,-1.591418280355338,,,0.0390488029180063,0.0390488029180063,False
literal_plus_ruled,composition_only,time,12,0.075-0.0375-0.01875,A/B/A,final_front_z,0.19295590480480193,0.19279701108371805,0.19395586953042232,7.293292892879673,False,0.005974856288236745,relative,True,OSCILLATORY,-7.293292892879673,,,0.005974856288236745,0.005974856288236745,True
literal_plus_ruled,composition_only,time,12,0.075-0.0375-0.01875,A/B/A,final_front_position_over_radius,0.5778556417672054,0.5776969822920053,0.5788521387675545,7.280727949542739,False,0.0019955985271276153,relative,True,OSCILLATORY,-7.280727949542739,,,0.0019955985271276153,0.0019955985271276153,True
literal_plus_ruled,composition_only,time,12,0.075-0.0375-0.01875,A/B/A,minimum_front_position_over_radius,0.5778556417672054,0.5776969822920053,0.5788521387675545,7.280727949542739,False,0.0019955985271276153,relative,True,OSCILLATORY,-7.280727949542739,,,0.0019955985271276153,0.0019955985271276153,True
literal_plus_ruled,composition_only,time,12,0.075-0.0375-0.01875,A/B/A,maximum_front_position_over_radius,0.6,0.6,0.6,0.0,True,0.0,relative,True,ROUNDOFF,,,0.6,0.0,0.0,True
literal_plus_ruled,composition_only,time,12,0.075-0.0375-0.01875,A/B/A,final_interface_temperature_k,337.7102158836321,337.705137679072,337.6968332564988,1.6353068244684967,False,0.00830442257318964,K,True,DIVERGENT,1.6353068244684967,,,,,
literal_plus_ruled,composition_only,time,12,0.075-0.0375-0.01875,A/B/A,minimum_material_temperature_k,335.0,335.0,335.0,0.0,True,0.0,K,True,ROUNDOFF,,,335.0,0.0,0.0,True
literal_plus_ruled,composition_only,time,12,0.075-0.0375-0.01875,A/B/A,peak_particle_temperature_k,345.5217962375534,345.599573547481,345.6547698713776,0.7096712903546246,True,0.055196323896609556,K,True,MONOTONE,0.7096712903546246,0.4947771513772285,345.7896902051275,0.16865041718740445,0.16865041718740445,False
literal_plus_ruled,composition_only,time,12,0.075-0.0375-0.01875,A/B/A,maximum_instantaneous_radial_temperature_spread_k,10.292379343574908,10.409703045465733,10.489633528042816,0.681281627573105,True,0.07993048257708324,K,True,MONOTONE,0.681281627573105,0.5536767934003786,10.660490227793657,0.21357087468855218,0.21357087468855218,False
literal_plus_ruled,composition_only,time,12,0.075-0.0375-0.01875,A/B/A,final_retained_water_mol,2.194713058203026e-05,2.194743858358479e-05,2.194941706453427e-05,6.423607025336994,False,9.013820019299099e-05,relative,True,DIVERGENT,6.423607025336994,,,,,
literal_plus_ruled,composition_only,time,12,0.075-0.0375-0.01875,A/B/A,final_pore_vapor_water_mol,2.201335313629086e-09,2.201352902857338e-09,2.2011491762133513e-09,11.582466329241813,False,9.255467379871358e-05,relative,True,OSCILLATORY,-11.582466329241813,,,9.255467379871358e-05,9.255467379871358e-05,True
literal_plus_ruled,composition_only,time,12,0.075-0.0375-0.01875,A/B/A,final_free_liquid_water_mol,0.0,0.0,0.0,0.0,True,0.0,relative,True,ROUNDOFF,,,0.0,0.0,0.0,True
literal_plus_ruled,composition_only,time,12,0.075-0.0375-0.01875,A/B/A,final_total_water_mol,2.1949331917343887e-05,2.1949639936487647e-05,2.1951618213710483e-05,6.422578800410656,False,9.011988107556304e-05,relative,True,DIVERGENT,6.422578800410656,,,,,
literal_plus_ruled,composition_only,time,12,0.075-0.0375-0.01875,A/B/A,final_total_hexane_mol,1.8678262937000879e-06,1.867770332705931e-06,1.8751679079011054e-06,132.19163287954984,False,0.003945020157397369,relative,True,OSCILLATORY,-132.19163287954984,,,0.003945020157397369,0.003945020157397369,True
literal_plus_ruled,composition_only,time,12,0.075-0.0375-0.01875,A/B/A,final_total_energy_j,0.4056113407509832,0.4056502911733586,0.405847653165436,5.067005183544506,False,0.00048629575787375787,relative,True,DIVERGENT,5.067005183544506,,,,,
literal_plus_ruled,composition_only,time,12,0.075-0.0375-0.01875,A/B/A,cumulative_boundary_hexane_out_mol,1.631760824485117e-07,1.6323204344280128e-07,1.5583446824827734e-07,132.1916325547257,False,0.047470725043563755,relative,False,OSCILLATORY,-132.1916325547257,,,0.047470725043563755,0.047470725043563755,False
literal_plus_ruled,composition_only,time,12,0.075-0.0375-0.01875,A/B/A,cumulative_boundary_energy_out_j,-0.010430713829089769,-0.010469664251486715,-0.010667026243616555,5.0670051820878665,False,0.01850206305135389,relative,False,DIVERGENT,5.0670051820878665,,,,,
literal_plus_ruled,composition_only,time,12,0.075-0.0375-0.01875,A/B/A,baseline_water_flux_time_integral_mol_s_m2,0.0014716527910290408,0.0015427874900412887,0.0015781337021431134,0.4968912864274419,True,0.022397476242871178,relative,False,MONOTONE,0.4968912864274419,1.0089978521302336,0.0016130431050769187,0.027650859751615322,0.027996845303588973,False
literal_plus_ruled,composition_only,time,12,0.075-0.0375-0.01875,A/B/A,baseline_hexane_flux_time_integral_mol_s_m2,0.006441133949984462,0.006837434449425258,0.0070487723736682144,0.53327695660532,True,0.02998223137867836,relative,False,MONOTONE,0.53327695660532,0.907043105717917,0.007290246726928858,0.04282205830668971,0.04282205830668971,False
literal_plus_ruled,composition_only,time,12,0.075-0.0375-0.01875,A/B/A,pulse_water_flux_time_integral_mol_s_m2,0.0013181282343310132,0.001206776415898012,0.0010841279484302595,1.1014500633552575,False,0.1131309894236549,relative,False,DIVERGENT,1.1014500633552575,,,,,
literal_plus_ruled,composition_only,time,12,0.075-0.0375-0.01875,A/B/A,pulse_hexane_flux_time_integral_mol_s_m2,0.005133445397128456,0.004704861205009207,0.004212255669665502,1.1493786854524082,False,0.11694578249159872,relative,False,DIVERGENT,1.1493786854524082,,,,,
literal_plus_ruled,composition_only,time,12,0.075-0.0375-0.01875,A/B/A,return_water_flux_time_integral_mol_s_m2,0.0012392919221811646,0.0012482135838064647,0.0011345182974043576,12.74373442719329,False,0.10021459033514786,relative,False,OSCILLATORY,-12.74373442719329,,,0.10021459033514786,0.10021459033514786,False
literal_plus_ruled,composition_only,time,12,0.075-0.0375-0.01875,A/B/A,return_hexane_flux_time_integral_mol_s_m2,0.005004488044793176,0.0050424575039254085,0.004572114365176194,12.387406865902223,False,0.10287212899388808,relative,False,OSCILLATORY,-12.387406865902223,,,0.10287212899388808,0.10287212899388808,False
literal_plus_ruled,composition_only,time,48,0.075-0.0375-0.01875,B/B/A,final_front_z,0.1923236983690213,0.1919311877254287,0.19173050108004108,0.5112896902635462,True,0.0010467121519899954,relative,True,MONOTONE,0.5112896902635462,0.9677871593291847,0.19152054231568516,0.001368840398196881,0.001368840398196881,True
literal_plus_ruled,composition_only,time,48,0.075-0.0375-0.01875,B/B/A,final_front_position_over_radius,0.5772238501495482,0.576830900114554,0.5766297818026302,0.5118165008603004,True,0.00034878238736643733,relative,True,MONOTONE,0.5118165008603004,0.966301434564368,0.5764189273373541,0.00045708371283076756,0.00045708371283076756,True
literal_plus_ruled,composition_only,time,48,0.075-0.0375-0.01875,B/B/A,minimum_front_position_over_radius,0.5772238501495482,0.576830900114554,0.5766297818026302,0.5118165008603004,True,0.00034878238736643733,relative,True,MONOTONE,0.5118165008603004,0.966301434564368,0.5764189273373541,0.00045708371283076756,0.00045708371283076756,True
literal_plus_ruled,composition_only,time,48,0.075-0.0375-0.01875,B/B/A,maximum_front_position_over_radius,0.6,0.6,0.6,0.0,True,0.0,relative,True,ROUNDOFF,,,0.6,0.0,0.0,True
literal_plus_ruled,composition_only,time,48,0.075-0.0375-0.01875,B/B/A,final_interface_temperature_k,337.7002054652308,337.707461711824,337.70167210278794,0.7978793115279352,False,0.005789609036071397,K,True,OSCILLATORY,-0.7978793115279352,,,0.00725624659321511,0.00725624659321511,True
literal_plus_ruled,composition_only,time,48,0.075-0.0375-0.01875,B/B/A,minimum_material_temperature_k,335.0,335.0,335.0,0.0,True,0.0,K,True,ROUNDOFF,,,335.0,0.0,0.0,True
literal_plus_ruled,composition_only,time,48,0.075-0.0375-0.01875,B/B/A,peak_particle_temperature_k,346.1773111388412,346.21873397639774,346.27030905657267,1.2450880532882336,False,0.051575080174927734,K,True,DIVERGENT,1.2450880532882336,,,,,
literal_plus_ruled,composition_only,time,48,0.075-0.0375-0.01875,B/B/A,maximum_instantaneous_radial_temperature_spread_k,10.98121092070221,11.045419070557557,11.12708380830452,1.2718749556083326,False,0.08166473774696215,K,True,DIVERGENT,1.2718749556083326,,,,,
literal_plus_ruled,composition_only,time,48,0.075-0.0375-0.01875,B/B/A,final_retained_water_mol,2.1944155095559017e-05,2.1943985341771554e-05,2.194408885686062e-05,0.6097954608967349,True,4.717219736953198e-06,relative,True,OSCILLATORY,-0.6097954608967349,,,7.735740981109124e-06,7.735740981109124e-06,True
literal_plus_ruled,composition_only,time,48,0.075-0.0375-0.01875,B/B/A,final_pore_vapor_water_mol,2.2002773642840974e-09,2.2004042244217136e-09,2.2004934808552534e-09,0.7035814024567896,True,4.056200771161776e-05,relative,True,MONOTONE,0.7035814024567896,0.5072107458722034,2.200705340594179e-09,0.0001203478564972754,0.0001203478564972754,True
literal_plus_ruled,composition_only,time,48,0.075-0.0375-0.01875,B/B/A,final_free_liquid_water_mol,0.0,0.0,0.0,0.0,True,0.0,relative,True,ROUNDOFF,,,0.0,0.0,0.0,True
literal_plus_ruled,composition_only,time,48,0.075-0.0375-0.01875,B/B/A,final_total_water_mol,2.19463553729233e-05,2.1946185745995976e-05,2.1946289350341474e-05,0.6107777057043775,True,4.7208137942311236e-06,relative,True,OSCILLATORY,-0.6107777057043775,,,7.729184857503698e-06,7.729184857503698e-06,True
literal_plus_ruled,composition_only,time,48,0.075-0.0375-0.01875,B/B/A,final_total_hexane_mol,1.8665969657636063e-06,1.8646205618486553e-06,1.8639066388965924e-06,0.3612232027381689,True,0.00038302505992762184,relative,True,MONOTONE,0.3612232027381689,1.46903752931064,1.8635029211404719e-06,0.0002707470345453911,0.0004787813249095273,True
literal_plus_ruled,composition_only,time,48,0.075-0.0375-0.01875,B/B/A,final_total_energy_j,0.40549522897650886,0.40547788468312496,0.40548968224603005,0.680198532391101,True,2.9094606895406373e-05,relative,True,OSCILLATORY,-0.680198532391101,,,4.277369842761957e-05,4.277369842761957e-05,True
literal_plus_ruled,composition_only,time,48,0.075-0.0375-0.01875,B/B/A,cumulative_boundary_hexane_out_mol,1.6440541038523252e-07,1.663818143000333e-07,1.6709573725211933e-07,0.3612232027773423,True,0.004272538389227913,relative,True,MONOTONE,0.3612232027773423,1.4690375291541846,1.6749945500832154e-07,0.0030201081341251616,0.005340672986534891,True
literal_plus_ruled,composition_only,time,48,0.075-0.0375-0.01875,B/B/A,cumulative_boundary_energy_out_j,-0.010314602054675888,-0.010297257761255358,-0.010309055324148345,0.6801985302567678,True,0.0011443883578111664,relative,True,OSCILLATORY,-0.6801985302567678,,,0.0016824328587995796,0.0016824328587995796,True
literal_plus_ruled,composition_only,time,48,0.075-0.0375-0.01875,B/B/A,baseline_water_flux_time_integral_mol_s_m2,0.0014519009615879684,0.0015214141195037697,0.0015605307792446856,0.5627231003991557,True,0.025066253265346505,relative,False,MONOTONE,0.5627231003991557,0.8295029060658328,0.0016108692445666814,0.040321589608729384,0.040321589608729384,False
literal_plus_ruled,composition_only,time,48,0.075-0.0375-0.01875,B/B/A,baseline_hexane_flux_time_integral_mol_s_m2,0.00644471447319247,0.006868812904649172,0.0071202874162218455,0.5929626070742687,True,0.03531802817394002,relative,False,MONOTONE,0.5929626070742687,0.7539869653090836,0.00748662963584703,0.06431310251440188,0.06431310251440188,False
literal_plus_ruled,composition_only,time,48,0.075-0.0375-0.01875,B/B/A,pulse_water_flux_time_integral_mol_s_m2,0.0015672016347474007,0.0015534530765602594,0.001474233409495247,5.762034533854213,False,0.05373617675109929,relative,False,DIVERGENT,5.762034533854213,,,,,
literal_plus_ruled,composition_only,time,48,0.075-0.0375-0.01875,B/B/A,pulse_hexane_flux_time_integral_mol_s_m2,0.00511588789472889,0.005014357762857355,0.004710604535346943,2.991754486192798,False,0.06448285463811282,relative,False,DIVERGENT,2.991754486192798,,,,,
literal_plus_ruled,composition_only,time,48,0.075-0.0375-0.01875,B/B/A,return_water_flux_time_integral_mol_s_m2,0.001312394147839787,0.0012738640368357753,0.001303440603296894,0.7676221451331748,False,0.022691150165422565,relative,False,OSCILLATORY,-0.7676221451331748,,,0.02956031207448539,0.02956031207448539,False
literal_plus_ruled,composition_only,time,48,0.075-0.0375-0.01875,B/B/A,return_hexane_flux_time_integral_mol_s_m2,0.005143367585707146,0.005021606495153052,0.005146421434277771,1.0250806604698395,False,0.02425276295745784,relative,False,OSCILLATORY,-1.0250806604698395,,,0.02425276295745784,0.02425276295745784,False
literal_plus_ruled,temperature_only,mesh,0.075,12-24-48,A/B/A,final_front_z,0.19315437800972154,0.19260980875239075,0.19255717897520044,0.09664478205816424,True,0.0002733202546402532,relative,True,MONOTONE,0.09664478205816424,3.37116434768509,0.19255154841786784,3.6551203664340265e-05,0.00011388343943343882,True
literal_plus_ruled,temperature_only,mesh,0.075,12-24-48,A/B/A,final_front_position_over_radius,0.5780537000766613,0.5775099440475985,0.5774573385777462,0.0967446189846748,True,9.109845236684011e-05,relative,True,MONOTONE,0.0967446189846748,3.3696747701716037,0.5774517041843682,1.2196557653518645e-05,3.795768848618338e-05,True
literal_plus_ruled,temperature_only,mesh,0.075,12-24-48,A/B/A,minimum_front_position_over_radius,0.5780537000766613,0.5775099440475985,0.5774573385777462,0.0967446189846748,True,9.109845236684011e-05,relative,True,MONOTONE,0.0967446189846748,3.3696747701716037,0.5774517041843682,1.2196557653518645e-05,3.795768848618338e-05,True
literal_plus_ruled,temperature_only,mesh,0.075,12-24-48,A/B/A,maximum_front_position_over_radius,0.6,0.6,0.6,0.0,True,0.0,relative,True,ROUNDOFF,,,0.6,0.0,0.0,True
literal_plus_ruled,temperature_only,mesh,0.075,12-24-48,A/B/A,final_interface_temperature_k,337.7100721981688,337.7119123089099,337.7120811771339,0.09177068542287746,True,0.0001688682239660011,K,True,MONOTONE,0.09177068542287746,3.445822806822448,337.71209824017336,2.132879936098445e-05,7.036175998583379e-05,True
literal_plus_ruled,temperature_only,mesh,0.075,12-24-48,A/B/A,minimum_material_temperature_k,335.0,335.0,335.0,0.0,True,0.0,K,True,ROUNDOFF,,,335.0,0.0,0.0,True
literal_plus_ruled,temperature_only,mesh,0.075,12-24-48,A/B/A,peak_particle_temperature_k,344.9279431973971,345.292777291187,345.5131797069136,0.6041168286577833,True,0.22040241572659625,K,False,MONOTONE,0.6041168286577833,0.7271005191340038,345.8495132973661,0.42041698806567446,0.42041698806567446,False
literal_plus_ruled,temperature_only,mesh,0.075,12-24-48,A/B/A,maximum_instantaneous_radial_temperature_spread_k,9.699009778770801,10.074100712341988,10.297378476507674,0.5952630260611507,True,0.22327776416568668,K,False,MONOTONE,0.5952630260611507,0.7484008087437822,10.62576210861319,0.410479540131894,0.410479540131894,False
literal_plus_ruled,temperature_only,mesh,0.075,12-24-48,A/B/A,final_retained_water_mol,2.1951568216343064e-05,2.195103960070113e-05,2.195173429592418e-05,1.3141783328747105,False,3.1646484677884085e-05,relative,True,OSCILLATORY,-1.3141783328747105,,,3.1646484677884085e-05,3.1646484677884085e-05,True
literal_plus_ruled,temperature_only,mesh,0.075,12-24-48,A/B/A,final_pore_vapor_water_mol,2.1719491630193446e-09,2.1721534872423166e-09,2.1724434883379187e-09,1.41931823542024,False,0.00013349074310054786,relative,True,DIVERGENT,1.41931823542024,,,,,
literal_plus_ruled,temperature_only,mesh,0.075,12-24-48,A/B/A,final_free_liquid_water_mol,0.0,0.0,0.0,0.0,True,0.0,relative,True,ROUNDOFF,,,0.0,0.0,0.0,True
literal_plus_ruled,temperature_only,mesh,0.075,12-24-48,A/B/A,final_total_water_mol,2.1953740165506086e-05,2.1953211754188374e-05,2.195390673941252e-05,1.3152353116757265,False,3.1656562651664e-05,relative,True,OSCILLATORY,-1.3152353116757265,,,3.1656562651664e-05,3.1656562651664e-05,True
literal_plus_ruled,temperature_only,mesh,0.075,12-24-48,A/B/A,final_total_hexane_mol,1.8782918625168864e-06,1.876244275758196e-06,1.8762709406068023e-06,0.013022573277098139,True,1.4211619457069078e-05,relative,True,OSCILLATORY,-0.013022573277098139,,,0.0010913065455398151,0.0010913065455398151,True
literal_plus_ruled,temperature_only,mesh,0.075,12-24-48,A/B/A,final_total_energy_j,0.4028391704716484,0.40280725757379865,0.40284693185263887,1.2432051463015086,False,9.848474868050145e-05,relative,True,OSCILLATORY,-1.2432051463015086,,,9.848474868050145e-05,9.848474868050145e-05,True
literal_plus_ruled,temperature_only,mesh,0.075,12-24-48,A/B/A,cumulative_boundary_hexane_out_mol,1.5271051363190172e-07,1.547581003904974e-07,1.5473143554187953e-07,0.013022573283362475,True,0.0001723298728824732,relative,True,OSCILLATORY,-0.013022573283362475,,,0.013233165913732298,0.013233165913732298,False
literal_plus_ruled,temperature_only,mesh,0.075,12-24-48,A/B/A,cumulative_boundary_energy_out_j,-0.007658543549801415,-0.007626630651930668,-0.007666304930765913,1.2432051453281703,False,0.0051751501138477506,relative,True,OSCILLATORY,-1.2432051453281703,,,0.0051751501138477506,0.0051751501138477506,True
literal_plus_ruled,temperature_only,mesh,0.075,12-24-48,A/B/A,baseline_water_flux_time_integral_mol_s_m2,0.0014716527910290408,0.0015002295493105684,0.0014519009615879684,1.691185096870845,False,0.03328642173343713,relative,False,OSCILLATORY,-1.691185096870845,,,0.03328642173343713,0.03328642173343713,False
literal_plus_ruled,temperature_only,mesh,0.075,12-24-48,A/B/A,baseline_hexane_flux_time_integral_mol_s_m2,0.006441133949984462,0.006548713455881376,0.00644471447319247,0.9667174228199231,False,0.016137097015158974,relative,False,OSCILLATORY,-0.9667174228199231,,,0.016692672164826533,0.016692672164826533,False
literal_plus_ruled,temperature_only,mesh,0.075,12-24-48,A/B/A,pulse_water_flux_time_integral_mol_s_m2,0.0009324878602273552,0.0009358251191079471,0.000917609855585263,5.458151187675838,False,0.019850771449121087,relative,False,OSCILLATORY,-5.458151187675838,,,0.019850771449121087,0.019850771449121087,False
literal_plus_ruled,temperature_only,mesh,0.075,12-24-48,A/B/A,pulse_hexane_flux_time_integral_mol_s_m2,0.004128537925631011,0.004204767317662685,0.004305447888275375,1.320757885237438,False,0.023384459230563127,relative,False,DIVERGENT,1.320757885237438,,,,,
literal_plus_ruled,temperature_only,mesh,0.075,12-24-48,A/B/A,return_water_flux_time_integral_mol_s_m2,0.0011770440861255075,0.0011988178815704488,0.001194749626571514,0.1868417938077019,True,0.0034051109190209056,relative,True,OSCILLATORY,-0.1868417938077019,,,0.018224567692416052,0.018224567692416052,False
literal_plus_ruled,temperature_only,mesh,0.075,12-24-48,A/B/A,return_hexane_flux_time_integral_mol_s_m2,0.004946069518376946,0.004970300171050042,0.004970909372832711,0.025141781811989866,True,0.00012255338751466995,relative,True,MONOTONE,0.025141781811989866,5.3137692917971675,0.004970925084264398,3.95084443015363e-06,5.106391146444581e-05,True
literal_plus_ruled,temperature_only,mesh,0.075,24-48-96,B/A/C,final_front_z,0.19260980875239075,0.19255717897520044,0.19219752661317407,6.833628816741086,False,0.0018712642579954877,relative,True,DIVERGENT,6.833628816741086,,,,,
literal_plus_ruled,temperature_only,mesh,0.075,24-48-96,B/A/C,final_front_position_over_radius,0.5775099440475985,0.5774573385777462,0.577097595508023,6.838510723945529,False,0.0006233660866434747,relative,True,DIVERGENT,6.838510723945529,,,,,
literal_plus_ruled,temperature_only,mesh,0.075,24-48-96,B/A/C,minimum_front_position_over_radius,0.5775099440475985,0.5774573385777462,0.577097595508023,6.838510723945529,False,0.0006233660866434747,relative,True,DIVERGENT,6.838510723945529,,,,,
literal_plus_ruled,temperature_only,mesh,0.075,24-48-96,B/A/C,maximum_front_position_over_radius,0.6,0.6,0.6,0.0,True,0.0,relative,True,ROUNDOFF,,,0.6,0.0,0.0,True
literal_plus_ruled,temperature_only,mesh,0.075,24-48-96,B/A/C,final_interface_temperature_k,337.7119123089099,337.7120811771339,337.7091074530661,17.609731410277437,False,0.0029737240677718546,K,True,OSCILLATORY,-17.609731410277437,,,0.0029737240677718546,0.0029737240677718546,True
literal_plus_ruled,temperature_only,mesh,0.075,24-48-96,B/A/C,minimum_material_temperature_k,335.0,335.0,335.0,0.0,True,0.0,K,True,ROUNDOFF,,,335.0,0.0,0.0,True
literal_plus_ruled,temperature_only,mesh,0.075,24-48-96,B/A/C,peak_particle_temperature_k,345.292777291187,345.5131797069136,345.6433113157995,0.5904273256574872,True,0.13013160888590392,K,False,MONOTONE,0.5904273256574872,0.7601686023537717,345.8309050265893,0.23449213848723796,0.23449213848723796,False
literal_plus_ruled,temperature_only,mesh,0.075,24-48-96,B/A/C,maximum_instantaneous_radial_temperature_spread_k,10.074100712341988,10.297378476507674,10.442217898791625,0.6486961333797251,True,0.14483942228395108,K,False,MONOTONE,0.6486961333797251,0.6243852553782043,10.70966947597028,0.3343144714733184,0.3343144714733184,False
literal_plus_ruled,temperature_only,mesh,0.075,24-48-96,B/A/C,final_retained_water_mol,2.195103960070113e-05,2.195173429592418e-05,2.1953174367956514e-05,2.072955138534716,False,6.559743972319586e-05,relative,True,DIVERGENT,2.072955138534716,,,,,
literal_plus_ruled,temperature_only,mesh,0.075,24-48-96,B/A/C,final_pore_vapor_water_mol,2.1721534872423166e-09,2.1724434883379187e-09,2.1731596399638344e-09,2.469479035686579,False,0.000329543956525729,relative,True,DIVERGENT,2.469479035686579,,,,,
literal_plus_ruled,temperature_only,mesh,0.075,24-48-96,B/A/C,final_free_liquid_water_mol,0.0,0.0,0.0,0.0,True,0.0,relative,True,ROUNDOFF,,,0.0,0.0,0.0,True
literal_plus_ruled,temperature_only,mesh,0.075,24-48-96,B/A/C,final_total_water_mol,2.1953211754188374e-05,2.195390673941252e-05,2.195534752759648e-05,2.073120598689934,False,6.562356538192633e-05,relative,True,DIVERGENT,2.073120598689934,,,,,
literal_plus_ruled,temperature_only,mesh,0.075,24-48-96,B/A/C,final_total_hexane_mol,1.876244275758196e-06,1.8762709406068023e-06,1.8742560152077048e-06,75.5648542712686,False,0.0010750534520089314,relative,True,OSCILLATORY,-75.5648542712686,,,0.0010750534520089314,0.0010750534520089314,True
literal_plus_ruled,temperature_only,mesh,0.075,24-48-96,B/A/C,final_total_energy_j,0.40280725757379865,0.40284693185263887,0.4028907589888269,1.104673795447268,False,0.00010878168637586583,relative,True,DIVERGENT,1.104673795447268,,,,,
literal_plus_ruled,temperature_only,mesh,0.075,24-48-96,B/A/C,cumulative_boundary_hexane_out_mol,1.547581003904974e-07,1.5473143554187953e-07,1.5674636094098174e-07,75.56485423858804,False,0.012854686941414015,relative,False,OSCILLATORY,-75.56485423858804,,,0.012854686941414015,0.012854686941414015,False
literal_plus_ruled,temperature_only,mesh,0.075,24-48-96,B/A/C,cumulative_boundary_energy_out_j,-0.007626630651930668,-0.007666304930765913,-0.0077101320669482965,1.104673795442747,False,0.005684356091675959,relative,True,DIVERGENT,1.104673795442747,,,,,
literal_plus_ruled,temperature_only,mesh,0.075,24-48-96,B/A/C,baseline_water_flux_time_integral_mol_s_m2,0.0015002295493105684,0.0014519009615879684,0.0014482044725894598,0.07648659256765436,True,0.0025524634597344866,relative,True,MONOTONE,0.07648659256765436,3.7086493116605763,0.0014478983245187504,0.00026424796748665384,0.001063526441556036,True
literal_plus_ruled,temperature_only,mesh,0.075,24-48-96,B/A/C,baseline_hexane_flux_time_integral_mol_s_m2,0.006548713455881376,0.00644471447319247,0.0068792312531387985,4.17808683038858,False,0.0631635663865887,relative,False,OSCILLATORY,-4.17808683038858,,,0.0631635663865887,0.0631635663865887,False
literal_plus_ruled,temperature_only,mesh,0.075,24-48-96,B/A/C,pulse_water_flux_time_integral_mol_s_m2,0.0009358251191079471,0.000917609855585263,0.0008023352766488709,6.328460677652945,False,0.1436738260068306,relative,False,DIVERGENT,6.328460677652945,,,,,
literal_plus_ruled,temperature_only,mesh,0.075,24-48-96,B/A/C,pulse_hexane_flux_time_integral_mol_s_m2,0.004204767317662685,0.004305447888275375,0.004141056777803317,1.6327987562213715,False,0.03969786440823957,relative,False,OSCILLATORY,-1.6327987562213715,,,0.03969786440823957,0.03969786440823957,False
literal_plus_ruled,temperature_only,mesh,0.075,24-48-96,B/A/C,return_water_flux_time_integral_mol_s_m2,0.0011988178815704488,0.001194749626571514,0.0011673332827685618,6.739091775252681,False,0.023486303532722817,relative,False,DIVERGENT,6.739091775252681,,,,,
literal_plus_ruled,temperature_only,mesh,0.075,24-48-96,B/A/C,return_hexane_flux_time_integral_mol_s_m2,0.004970300171050042,0.004970909372832711,0.004905504784292098,107.36112467376273,False,0.013332896698020678,relative,False,OSCILLATORY,-107.36112467376273,,,0.013332896698020678,0.013332896698020678,False
literal_plus_ruled,temperature_only,time,48,0.075-0.0375-0.01875,A/A/A,final_front_z,0.19255717897520044,0.19202190699268915,0.19178602022595395,0.4406858091628489,True,0.0012299476596744762,relative,True,MONOTONE,0.4406858091628489,1.1821776547730665,0.1916001641322369,0.0012113506337563418,0.0015374345745930952,True
literal_plus_ruled,temperature_only,time,48,0.075-0.0375-0.01875,A/A/A,final_front_position_over_radius,0.5774573385777462,0.5769217685043548,0.5766854344039416,0.4412757772605264,True,0.00040981458229044995,relative,True,MONOTONE,0.4412757772605264,1.180247538566519,0.5764987796830461,0.00040458521613363167,0.0005122682278630624,True
literal_plus_ruled,temperature_only,time,48,0.075-0.0375-0.01875,A/A/A,minimum_front_position_over_radius,0.5774573385777462,0.5769217685043548,0.5766854344039416,0.4412757772605264,True,0.00040981458229044995,relative,True,MONOTONE,0.4412757772605264,1.180247538566519,0.5764987796830461,0.00040458521613363167,0.0005122682278630624,True
literal_plus_ruled,temperature_only,time,48,0.075-0.0375-0.01875,A/A/A,maximum_front_position_over_radius,0.6,0.6,0.6,0.0,True,0.0,relative,True,ROUNDOFF,,,0.6,0.0,0.0,True
literal_plus_ruled,temperature_only,time,48,0.075-0.0375-0.01875,A/A/A,final_interface_temperature_k,337.7120811771339,337.70741279421037,337.7016145196462,1.2420306258382794,False,0.005798274564142503,K,True,DIVERGENT,1.2420306258382794,,,,,
literal_plus_ruled,temperature_only,time,48,0.075-0.0375-0.01875,A/A/A,minimum_material_temperature_k,335.0,335.0,335.0,0.0,True,0.0,K,True,ROUNDOFF,,,335.0,0.0,0.0,True
literal_plus_ruled,temperature_only,time,48,0.075-0.0375-0.01875,A/A/A,peak_particle_temperature_k,345.5131797069136,345.59298859872274,345.6523810360821,0.7441832108305277,True,0.059392437359349515,K,True,MONOTONE,0.7441832108305277,0.42627025202480956,345.8251564621072,0.21596928253138942,0.21596928253138942,False
literal_plus_ruled,temperature_only,time,48,0.075-0.0375-0.01875,A/A/A,maximum_instantaneous_radial_temperature_spread_k,10.297378476507674,10.419605571157035,10.509140974726336,0.7325331901748555,True,0.08953540356930034,K,True,MONOTONE,0.7325331901748555,0.4490339671396615,10.75435889486039,0.30652240016756854,0.30652240016756854,False
literal_plus_ruled,temperature_only,time,48,0.075-0.0375-0.01875,A/A/A,final_retained_water_mol,2.195173429592418e-05,2.1951506816377135e-05,2.1951515250602716e-05,0.03707685236092294,True,3.8422065559347853e-07,relative,True,OSCILLATORY,-0.03707685236092294,,,1.0362817529743355e-05,1.0362817529743355e-05,True
literal_plus_ruled,temperature_only,time,48,0.075-0.0375-0.01875,A/A/A,final_pore_vapor_water_mol,2.1724434883379187e-09,2.1721294517257683e-09,2.1719615798170244e-09,0.5345615837413098,True,7.729045960290387e-05,relative,True,MONOTONE,0.5345615837413098,0.903571932834502,2.171768776923518e-09,0.0001109612707346291,0.0001109612707346291,True
literal_plus_ruled,temperature_only,time,48,0.075-0.0375-0.01875,A/A/A,final_free_liquid_water_mol,0.0,0.0,0.0,0.0,True,0.0,relative,True,ROUNDOFF,,,0.0,0.0,0.0,True
literal_plus_ruled,temperature_only,time,48,0.075-0.0375-0.01875,A/A/A,final_total_water_mol,2.195390673941252e-05,2.1953678945828864e-05,2.1953687212182533e-05,0.036288790653318255,True,3.7653600461381965e-07,relative,True,OSCILLATORY,-0.036288790653318255,,,1.0376096801103761e-05,1.0376096801103761e-05,True
literal_plus_ruled,temperature_only,time,48,0.075-0.0375-0.01875,A/A/A,final_total_hexane_mol,1.8762709406068023e-06,1.873916456467284e-06,1.8730189991631007e-06,0.3811693989015324,True,0.0004791501338664212,relative,True,MONOTONE,0.3811693989015324,1.3914957936487096,1.8724662093356938e-06,0.00036891632416298265,0.0005989376673330265,True
literal_plus_ruled,temperature_only,time,48,0.075-0.0375-0.01875,A/A/A,final_total_energy_j,0.40284693185263887,0.40281834165764363,0.40280887356067385,0.3311658759709509,True,2.350518469487457e-05,relative,True,MONOTONE,0.3311658759709509,1.5943740727258726,0.40280418553637287,1.4547917786486624e-05,2.9381480868593214e-05,True
literal_plus_ruled,temperature_only,time,48,0.075-0.0375-0.01875,A/A/A,cumulative_boundary_hexane_out_mol,1.5473143554187953e-07,1.5708591968141625e-07,1.5798337698560545e-07,0.3811693989010216,True,0.005680707181433215,relative,True,MONOTONE,0.3811693989010216,1.3914957936506431,1.585361668130148e-07,0.0043737974048032036,0.007100883976791519,True
literal_plus_ruled,temperature_only,time,48,0.075-0.0375-0.01875,A/A/A,cumulative_boundary_energy_out_j,-0.007666304930765913,-0.007637714735774403,-0.007628246638799474,0.3311658761942675,True,0.0012411891517469984,relative,True,MONOTONE,0.3311658761942675,1.5943740717530133,-0.007623558614491215,0.0007682014836172289,0.0015514864396837479,True
literal_plus_ruled,temperature_only,time,48,0.075-0.0375-0.01875,A/A/A,baseline_water_flux_time_integral_mol_s_m2,0.0014519009615879684,0.0015214141195037697,0.0015605307792446856,0.5627231003991557,True,0.025066253265346505,relative,False,MONOTONE,0.5627231003991557,0.8295029060658328,0.0016108692445666814,0.040321589608729384,0.040321589608729384,False
literal_plus_ruled,temperature_only,time,48,0.075-0.0375-0.01875,A/A/A,baseline_hexane_flux_time_integral_mol_s_m2,0.00644471447319247,0.006868812904649172,0.0071202874162218455,0.5929626070742687,True,0.03531802817394002,relative,False,MONOTONE,0.5929626070742687,0.7539869653090836,0.00748662963584703,0.06431310251440188,0.06431310251440188,False
literal_plus_ruled,temperature_only,time,48,0.075-0.0375-0.01875,A/A/A,pulse_water_flux_time_integral_mol_s_m2,0.000917609855585263,0.0008752130528910056,0.0008091223275212751,1.5588610737073911,False,0.08168199433106452,relative,False,DIVERGENT,1.5588610737073911,,,,,
literal_plus_ruled,temperature_only,time,48,0.075-0.0375-0.01875,A/A/A,pulse_hexane_flux_time_integral_mol_s_m2,0.004305447888275375,0.004099214623024401,0.0038033644636674543,1.4345414111390498,False,0.07778643413828086,relative,False,DIVERGENT,1.4345414111390498,,,,,
literal_plus_ruled,temperature_only,time,48,0.075-0.0375-0.01875,A/A/A,return_water_flux_time_integral_mol_s_m2,0.001194749626571514,0.001190777626249087,0.0012169118113287635,6.579602960280574,False,0.021475824982864006,relative,False,OSCILLATORY,-6.579602960280574,,,0.021475824982864006,0.021475824982864006,False
literal_plus_ruled,temperature_only,time,48,0.075-0.0375-0.01875,A/A/A,return_hexane_flux_time_integral_mol_s_m2,0.004970909372832711,0.004992265240964968,0.00512782462661233,6.34764107025963,False,0.02643604169765047,relative,False,DIVERGENT,6.34764107025963,,,,,
literal_plus_ruled,combined,mesh,0.075,12-24-48,B/B/A,final_front_z,0.19315673167979813,0.19261384670491705,0.19256471765466118,0.09049624235156842,True,0.00025513007187521347,relative,True,MONOTONE,0.09049624235156842,3.4659983009303326,0.1925598292807528,3.1732019551090693e-05,0.00010630419661467227,True
literal_plus_ruled,combined,mesh,0.075,12-24-48,B/B/A,final_front_position_over_radius,0.5780560480123459,0.5775139797393367,0.5774648743635521,0.0905889132968828,True,8.503612594400732e-05,relative,True,MONOTONE,0.0905889132968828,3.4645216925972853,0.5774599828434306,1.058834991248474e-05,3.543171914333638e-05,True
literal_plus_ruled,combined,mesh,0.075,12-24-48,B/B/A,minimum_front_position_over_radius,0.5780560480123459,0.5775139797393367,0.5774648743635521,0.0905889132968828,True,8.503612594400732e-05,relative,True,MONOTONE,0.0905889132968828,3.4645216925972853,0.5774599828434306,1.058834991248474e-05,3.543171914333638e-05,True
literal_plus_ruled,combined,mesh,0.075,12-24-48,B/B/A,maximum_front_position_over_radius,0.6,0.6,0.6,0.0,True,0.0,relative,True,ROUNDOFF,,,0.6,0.0,0.0,True
literal_plus_ruled,combined,mesh,0.075,12-24-48,B/B/A,final_interface_temperature_k,337.7100704810923,337.7119073894342,337.71206604845105,0.08637285444753755,True,0.00015865901684719574,K,True,MONOTONE,0.08637285444753755,3.5332782212213565,337.7120810478217,1.874921328088065e-05,6.610792368633156e-05,True
literal_plus_ruled,combined,mesh,0.075,12-24-48,B/B/A,minimum_material_temperature_k,335.0,335.0,335.0,0.0,True,0.0,K,True,ROUNDOFF,,,335.0,0.0,0.0,True
literal_plus_ruled,combined,mesh,0.075,12-24-48,B/B/A,peak_particle_temperature_k,344.92089590793256,345.2779244180779,345.4839504910877,0.5770577619304289,True,0.20602607300980935,K,False,MONOTONE,0.5770577619304289,0.793212358893995,345.76505021083426,0.3513746496832486,0.3513746496832486,False
literal_plus_ruled,combined,mesh,0.075,12-24-48,B/B/A,maximum_instantaneous_radial_temperature_spread_k,9.691968190333796,10.059259577164028,10.268171141336097,0.5687897175455194,True,0.20891156417206957,K,False,MONOTONE,0.5687897175455194,0.8140327104155709,10.543736809439032,0.3444570851286684,0.3444570851286684,False
literal_plus_ruled,combined,mesh,0.075,12-24-48,B/B/A,final_retained_water_mol,2.1950726103041505e-05,2.1949370097020436e-05,2.194845890289281e-05,0.6719690867666325,True,4.1515175696798335e-05,relative,True,MONOTONE,0.6719690867666325,0.5735332300296244,2.1946592327941768e-05,0.00010630444256364746,0.00010630444256364746,True
literal_plus_ruled,combined,mesh,0.075,12-24-48,B/B/A,final_pore_vapor_water_mol,2.171534953323867e-09,2.1713338909404344e-09,2.1708388831998095e-09,2.461960970390324,False,0.00022802601540618464,relative,True,DIVERGENT,2.461960970390324,,,,,
literal_plus_ruled,combined,mesh,0.075,12-24-48,B/B/A,final_free_liquid_water_mol,0.0,0.0,0.0,0.0,True,0.0,relative,True,ROUNDOFF,,,0.0,0.0,0.0,True
literal_plus_ruled,combined,mesh,0.075,12-24-48,B/B/A,final_total_water_mol,2.195289763799483e-05,2.1951541430911373e-05,2.195062974177601e-05,0.6722344592375372,True,4.1533620952447315e-05,relative,True,MONOTONE,0.6722344592375372,0.5729635967268786,2.1948759902587067e-05,0.00010647981464202945,0.00010647981464202945,True
literal_plus_ruled,combined,mesh,0.075,12-24-48,B/B/A,final_total_hexane_mol,1.878423072025419e-06,1.8764973316031204e-06,1.876762174463322e-06,0.13752780859499492,True,0.00014111690005541412,relative,True,OSCILLATORY,-0.13752780859499492,,,0.0010260972053367675,0.0010260972053367675,True
literal_plus_ruled,combined,mesh,0.075,12-24-48,B/B/A,final_total_energy_j,0.40280119413451204,0.4027323925304045,0.4027005853566911,0.462302792586807,True,7.898467216082811e-05,relative,True,MONOTONE,0.462302792586807,1.1130900175417808,0.4026732380968779,8.488707493752259e-05,8.488707493752259e-05,True
literal_plus_ruled,combined,mesh,0.075,12-24-48,B/B/A,cumulative_boundary_hexane_out_mol,1.5257930412351977e-07,1.545050445456218e-07,1.5424020168498877e-07,0.1375278088331058,True,0.0017170806167248946,relative,True,OSCILLATORY,-0.1375278088331058,,,0.012485333921146263,0.012485333921146263,False
literal_plus_ruled,combined,mesh,0.075,12-24-48,B/B/A,cumulative_boundary_energy_out_j,-0.007620567212706503,-0.00755176560854727,-0.007519958434726579,0.4623027937993618,True,0.004229700748585035,relative,True,MONOTONE,0.4623027937993618,1.1130900137577961,-0.0074926111746876625,0.0045457797865990504,0.0045457797865990504,True
literal_plus_ruled,combined,mesh,0.075,12-24-48,B/B/A,baseline_water_flux_time_integral_mol_s_m2,0.0014716527910290408,0.0015002295493105684,0.0014519009615879684,1.691185096870845,False,0.03328642173343713,relative,False,OSCILLATORY,-1.691185096870845,,,0.03328642173343713,0.03328642173343713,False
literal_plus_ruled,combined,mesh,0.075,12-24-48,B/B/A,baseline_hexane_flux_time_integral_mol_s_m2,0.006441133949984462,0.006548713455881376,0.00644471447319247,0.9667174228199231,False,0.016137097015158974,relative,False,OSCILLATORY,-0.9667174228199231,,,0.016692672164826533,0.016692672164826533,False
literal_plus_ruled,combined,mesh,0.075,12-24-48,B/B/A,pulse_water_flux_time_integral_mol_s_m2,0.001018944285725999,0.0011078766599660114,0.0012580844142217175,1.6890109539898557,False,0.11939401884143713,relative,False,DIVERGENT,1.6890109539898557,,,,,
literal_plus_ruled,combined,mesh,0.075,12-24-48,B/B/A,pulse_hexane_flux_time_integral_mol_s_m2,0.004115685025809003,0.004179736357945743,0.00425632120820367,1.1956792732183892,False,0.017993202700566036,relative,False,DIVERGENT,1.1956792732183892,,,,,
literal_plus_ruled,combined,mesh,0.075,12-24-48,B/B/A,return_water_flux_time_integral_mol_s_m2,0.0011761904037010003,0.0011964750487357663,0.001187225609026147,0.45598233016976736,True,0.007790802050847191,relative,True,OSCILLATORY,-0.45598233016976736,,,0.017085754283387666,0.017085754283387666,False
literal_plus_ruled,combined,mesh,0.075,12-24-48,B/B/A,return_hexane_flux_time_integral_mol_s_m2,0.004945591228668713,0.004969620071626734,0.004970125556853944,0.021036602889813585,True,0.00010170471981588053,relative,True,MONOTONE,0.021036602889813585,5.570954440929594,0.004970136419049633,2.7318715504355333e-06,4.237696658995022e-05,True
literal_plus_ruled,combined,mesh,0.0375,12-24-48,A/A/A,final_front_z,0.19292997089346653,0.19219779727761807,0.19202629296437682,0.23423995283210589,True,0.0008931293240820483,relative,True,MONOTONE,0.23423995283210589,2.0939409266620492,0.19197383114896518,0.00034150151134105974,0.0003721372183675201,True
literal_plus_ruled,combined,mesh,0.0375,12-24-48,A/A/A,final_front_position_over_radius,0.5778297520379165,0.5770978664094045,0.5769261609602595,0.23460694192631468,True,0.0002976211875350346,relative,True,MONOTONE,0.23460694192631468,2.0916823921155885,0.5768735301062021,0.00011403290754263448,0.00012400882813959775,True
literal_plus_ruled,combined,mesh,0.0375,12-24-48,A/A/A,minimum_front_position_over_radius,0.5778297520379165,0.5770978664094045,0.5769261609602595,0.23460694192631468,True,0.0002976211875350346,relative,True,MONOTONE,0.23460694192631468,2.0916823921155885,0.5768735301062021,0.00011403290754263448,0.00012400882813959775,True
literal_plus_ruled,combined,mesh,0.0375,12-24-48,A/A/A,maximum_front_position_over_radius,0.6,0.6,0.6,0.0,True,0.0,relative,True,ROUNDOFF,,,0.6,0.0,0.0,True
literal_plus_ruled,combined,mesh,0.0375,12-24-48,A/A/A,final_interface_temperature_k,337.70506669914545,337.706233977276,337.70741038839316,1.0078241735150326,False,0.001176411117171483,K,True,DIVERGENT,1.0078241735150326,,,,,
literal_plus_ruled,combined,mesh,0.0375,12-24-48,A/A/A,minimum_material_temperature_k,335.0,335.0,335.0,0.0,True,0.0,K,True,ROUNDOFF,,,335.0,0.0,0.0,True
literal_plus_ruled,combined,mesh,0.0375,12-24-48,A/A/A,peak_particle_temperature_k,344.9832062104922,345.35858722436825,345.56336573867856,0.5455217678588354,True,0.20477851431030558,K,False,MONOTONE,0.5455217678588354,0.874291329584268,345.8091665917134,0.3072510662935485,0.3072510662935485,False
literal_plus_ruled,combined,mesh,0.0375,12-24-48,A/A/A,maximum_instantaneous_radial_temperature_spread_k,9.793398232158665,10.181926392122875,10.389979362118027,0.5354900659306561,True,0.20805296999515122,K,False,MONOTONE,0.5354900659306561,0.901068283619609,10.629824175863474,0.29980601718181055,0.29980601718181055,False
literal_plus_ruled,combined,mesh,0.0375,12-24-48,A/A/A,final_retained_water_mol,2.195083079867433e-05,2.194926382566016e-05,2.194821216238225e-05,0.6711431967231898,True,4.7915669400710574e-05,relative,True,MONOTONE,0.6711431967231898,0.5753074787425804,2.1946065888845625e-05,0.00012223510056007448,0.00012223510056007448,True
literal_plus_ruled,combined,mesh,0.0375,12-24-48,A/A/A,final_pore_vapor_water_mol,2.1710613180090526e-09,2.1709623009943534e-09,2.170505159811647e-09,4.616794235771268,False,0.00021061510986968734,relative,True,DIVERGENT,4.616794235771268,,,,,
literal_plus_ruled,combined,mesh,0.0375,12-24-48,A/A/A,final_free_liquid_water_mol,0.0,0.0,0.0,0.0,True,0.0,relative,True,ROUNDOFF,,,0.0,0.0,0.0,True
literal_plus_ruled,combined,mesh,0.0375,12-24-48,A/A/A,final_total_water_mol,2.195300185999234e-05,2.1951434787961155e-05,2.195038266754206e-05,0.6713925066349801,True,4.793175750187303e-05,relative,True,MONOTONE,0.6713925066349801,0.5747716595809461,2.19482330337701e-05,0.00012241436769693347,0.00012241436769693347,True
literal_plus_ruled,combined,mesh,0.0375,12-24-48,A/A/A,final_total_hexane_mol,1.877971810231753e-06,1.8748943311064205e-06,1.8743884048364936e-06,0.16439632872318297,True,0.000269915386064833,relative,True,MONOTONE,0.16439632872318297,2.6047500135806496,1.8742888691065302e-06,6.637880501882586e-05,0.00011246474419368042,True
literal_plus_ruled,combined,mesh,0.0375,12-24-48,A/A/A,final_total_energy_j,0.40280153604146324,0.40271424138031237,0.40267048963485635,0.5011961198909364,True,0.00010865396541893428,relative,True,MONOTONE,0.5011961198909364,0.9965528490938548,0.40262652805810156,0.00013646883086301074,0.00013646883086301074,True
literal_plus_ruled,combined,mesh,0.0375,12-24-48,A/A/A,cumulative_boundary_hexane_out_mol,1.5303056591695427e-07,1.5610804504221884e-07,1.5661397131220523e-07,0.16439632874614518,True,0.0032304031737873753,relative,True,MONOTONE,0.16439632874614518,2.6047500133791397,1.5671350704219693e-07,0.0007944352693898156,0.0013460013224114065,True
literal_plus_ruled,combined,mesh,0.0375,12-24-48,A/A/A,cumulative_boundary_energy_out_j,-0.00762090911959406,-0.007533614458448679,-0.00748986271298122,0.5011961200536097,True,0.005841461605381635,relative,True,MONOTONE,0.5011961200536097,0.996552848625599,-0.0074459011361863075,0.00733684622795553,0.00733684622795553,True
literal_plus_ruled,combined,mesh,0.0375,12-24-48,A/A/A,baseline_water_flux_time_integral_mol_s_m2,0.0015427874900412887,0.001562438870036401,0.0015214141195037697,2.087626952551676,False,0.02696488090041653,relative,False,OSCILLATORY,-2.087626952551676,,,0.02696488090041653,0.02696488090041653,False
literal_plus_ruled,combined,mesh,0.0375,12-24-48,A/A/A,baseline_hexane_flux_time_integral_mol_s_m2,0.006837434449425258,0.006924903016711781,0.006868812904649172,0.6412602126987348,True,0.008165910593465784,relative,True,OSCILLATORY,-0.6412602126987348,,,0.012734160691335676,0.012734160691335676,False
literal_plus_ruled,combined,mesh,0.0375,12-24-48,A/A/A,pulse_water_flux_time_integral_mol_s_m2,0.0009289531046459515,0.001036937814161249,0.0012177569386969986,1.674488224743838,False,0.14848539867834895,relative,False,DIVERGENT,1.674488224743838,,,,,
literal_plus_ruled,combined,mesh,0.0375,12-24-48,A/A/A,pulse_hexane_flux_time_integral_mol_s_m2,0.0037148857154417876,0.003855581397539878,0.00405111986600983,1.3897972244352645,False,0.048267756802404596,relative,False,DIVERGENT,1.3897972244352645,,,,,
literal_plus_ruled,combined,mesh,0.0375,12-24-48,A/A/A,return_water_flux_time_integral_mol_s_m2,0.0011844576910243715,0.0012160397442995026,0.0011831432385778602,1.0416202339683336,False,0.027804330573856877,relative,False,OSCILLATORY,-1.0416202339683336,,,0.027804330573856877,0.027804330573856877,False
literal_plus_ruled,combined,mesh,0.0375,12-24-48,A/A/A,return_hexane_flux_time_integral_mol_s_m2,0.004995939281545795,0.005080454029287153,0.004992408952083345,1.0417717564898157,False,0.017635790266554017,relative,False,OSCILLATORY,-1.0417717564898157,,,0.017635790266554017,0.017635790266554017,False
literal_plus_ruled,combined,mesh,0.075,24-48-96,B/A/C,final_front_z,0.19261384670491705,0.19256471765466118,0.1921378058933142,8.689599312904132,False,0.002221904009791978,relative,True,DIVERGENT,8.689599312904132,,,,,
literal_plus_ruled,combined,mesh,0.075,24-48-96,B/A/C,final_front_position_over_radius,0.5775139797393367,0.5774648743635521,0.5770378162889646,8.696768281759088,False,0.0007400868063275764,relative,True,DIVERGENT,8.696768281759088,,,,,
literal_plus_ruled,combined,mesh,0.075,24-48-96,B/A/C,minimum_front_position_over_radius,0.5775139797393367,0.5774648743635521,0.5770378162889646,8.696768281759088,False,0.0007400868063275764,relative,True,DIVERGENT,8.696768281759088,,,,,
literal_plus_ruled,combined,mesh,0.075,24-48-96,B/A/C,maximum_front_position_over_radius,0.6,0.6,0.6,0.0,True,0.0,relative,True,ROUNDOFF,,,0.6,0.0,0.0,True
literal_plus_ruled,combined,mesh,0.075,24-48-96,B/A/C,final_interface_temperature_k,337.7119073894342,337.71206604845105,337.7116978165721,2.3209010510014876,False,0.0003682318789515193,K,True,OSCILLATORY,-2.3209010510014876,,,0.0003682318789515193,0.0003682318789515193,True
literal_plus_ruled,combined,mesh,0.075,24-48-96,B/A/C,minimum_material_temperature_k,335.0,335.0,335.0,0.0,True,0.0,K,True,ROUNDOFF,,,335.0,0.0,0.0,True
literal_plus_ruled,combined,mesh,0.075,24-48-96,B/A/C,peak_particle_temperature_k,345.2779244180779,345.4839504910877,345.66888753408233,0.8976390235125351,False,0.18493704299464753,K,False,MONOTONE,0.8976390235125351,0.15579269857051753,347.2906648205206,2.027221608047823,2.027221608047823,False
literal_plus_ruled,combined,mesh,0.075,24-48-96,B/A/C,maximum_instantaneous_radial_temperature_spread_k,10.059259577164028,10.268171141336097,10.482445617845428,1.0256707299019812,False,0.21427447650933118,K,False,DIVERGENT,1.0256707299019812,,,,,
literal_plus_ruled,combined,mesh,0.075,24-48-96,B/A/C,final_retained_water_mol,2.1949370097020436e-05,2.194845890289281e-05,2.1947121755921085e-05,1.4674666255857323,False,6.092584652301355e-05,relative,True,DIVERGENT,1.4674666255857323,,,,,
literal_plus_ruled,combined,mesh,0.075,24-48-96,B/A/C,final_pore_vapor_water_mol,2.1713338909404344e-09,2.1708388831998095e-09,2.1702682257945405e-09,1.1528252155181538,False,0.0002629432613381669,relative,True,DIVERGENT,1.1528252155181538,,,,,
literal_plus_ruled,combined,mesh,0.075,24-48-96,B/A/C,final_free_liquid_water_mol,0.0,0.0,0.0,0.0,True,0.0,relative,True,ROUNDOFF,,,0.0,0.0,0.0,True
literal_plus_ruled,combined,mesh,0.075,24-48-96,B/A/C,final_total_water_mol,2.1951541430911373e-05,2.195062974177601e-05,2.1949292024146878e-05,1.4672957889323408,False,6.094582128940768e-05,relative,True,DIVERGENT,1.4672957889323408,,,,,
literal_plus_ruled,combined,mesh,0.075,24-48-96,B/A/C,final_total_hexane_mol,1.8764973316031204e-06,1.876762174463322e-06,1.8750689550019005e-06,6.393298502111801,False,0.0009030171700643838,relative,True,OSCILLATORY,-6.393298502111801,,,0.0009030171700643838,0.0009030171700643838,True
literal_plus_ruled,combined,mesh,0.075,24-48-96,B/A/C,final_total_energy_j,0.4027323925304045,0.4027005853566911,0.4026319731996984,2.1571283764792755,False,0.0001704091119427558,relative,True,DIVERGENT,2.1571283764792755,,,,,
literal_plus_ruled,combined,mesh,0.075,24-48-96,B/A/C,cumulative_boundary_hexane_out_mol,1.545050445456218e-07,1.5424020168498877e-07,1.5593342114677087e-07,6.393298493057108,False,0.01085860522606231,relative,False,OSCILLATORY,-6.393298493057108,,,0.01085860522606231,0.01085860522606231,False
literal_plus_ruled,combined,mesh,0.075,24-48-96,B/A/C,cumulative_boundary_energy_out_j,-0.00755176560854727,-0.007519958434726579,-0.007451346277814539,2.1571283666644367,False,0.009208021524422239,relative,True,DIVERGENT,2.1571283666644367,,,,,
literal_plus_ruled,combined,mesh,0.075,24-48-96,B/A/C,baseline_water_flux_time_integral_mol_s_m2,0.0015002295493105684,0.0014519009615879684,0.0014482044725894598,0.07648659256765436,True,0.0025524634597344866,relative,True,MONOTONE,0.07648659256765436,3.7086493116605763,0.0014478983245187504,0.00026424796748665384,0.001063526441556036,True
literal_plus_ruled,combined,mesh,0.075,24-48-96,B/A/C,baseline_hexane_flux_time_integral_mol_s_m2,0.006548713455881376,0.00644471447319247,0.0068792312531387985,4.17808683038858,False,0.0631635663865887,relative,False,OSCILLATORY,-4.17808683038858,,,0.0631635663865887,0.0631635663865887,False
literal_plus_ruled,combined,mesh,0.075,24-48-96,B/A/C,pulse_water_flux_time_integral_mol_s_m2,0.0011078766599660114,0.0012580844142217175,0.0014671850167230136,1.3920759519866976,False,0.14251822375362472,relative,False,DIVERGENT,1.3920759519866976,,,,,
literal_plus_ruled,combined,mesh,0.075,24-48-96,B/A/C,pulse_hexane_flux_time_integral_mol_s_m2,0.004179736357945743,0.00425632120820367,0.004045730197781865,2.7497737439267045,False,0.05205265801888252,relative,False,OSCILLATORY,-2.7497737439267045,,,0.05205265801888252,0.05205265801888252,False
literal_plus_ruled,combined,mesh,0.075,24-48-96,B/A/C,return_water_flux_time_integral_mol_s_m2,0.0011964750487357663,0.001187225609026147,0.0011177366992330174,7.512769635209658,False,0.06216930144712294,relative,False,DIVERGENT,7.512769635209658,,,,,
literal_plus_ruled,combined,mesh,0.075,24-48-96,B/A/C,return_hexane_flux_time_integral_mol_s_m2,0.004969620071626734,0.004970125556853944,0.004918234800947486,102.65533612705083,False,0.01055068698559516,relative,False,OSCILLATORY,-102.65533612705083,,,0.01055068698559516,0.01055068698559516,False
literal_plus_ruled,combined,time,24,0.075-0.0375-0.01875,B/A/B,final_front_z,0.19261384670491705,0.19219779727761807,0.19213610972353395,0.14826977285991452,True,0.0003210617419748912,relative,True,MONOTONE,0.14826977285991452,2.753703583338552,0.1921253711124798,6.986330595027147e-05,0.00040132717746861396,True
literal_plus_ruled,combined,time,24,0.075-0.0375-0.01875,B/A/B,final_front_position_over_radius,0.5775139797393367,0.5770978664094045,0.5770361182768153,0.1483925847779323,True,0.00010700912929607678,relative,True,MONOTONE,0.1483925847779323,2.752509093032342,0.5770253586652427,2.3307924824345322e-05,0.00013376141162009598,True
literal_plus_ruled,combined,time,24,0.075-0.0375-0.01875,B/A/B,minimum_front_position_over_radius,0.5775139797393367,0.5770978664094045,0.5770361182768153,0.1483925847779323,True,0.00010700912929607678,relative,True,MONOTONE,0.1483925847779323,2.752509093032342,0.5770253586652427,2.3307924824345322e-05,0.00013376141162009598,True
literal_plus_ruled,combined,time,24,0.075-0.0375-0.01875,B/A/B,maximum_front_position_over_radius,0.6,0.6,0.6,0.0,True,0.0,relative,True,ROUNDOFF,,,0.6,0.0,0.0,True
literal_plus_ruled,combined,time,24,0.075-0.0375-0.01875,B/A/B,final_interface_temperature_k,337.7119073894342,337.706233977276,337.69999929876053,1.0989292407435942,False,0.006234678515454561,K,True,DIVERGENT,1.0989292407435942,,,,,
literal_plus_ruled,combined,time,24,0.075-0.0375-0.01875,B/A/B,minimum_material_temperature_k,335.0,335.0,335.0,0.0,True,0.0,K,True,ROUNDOFF,,,335.0,0.0,0.0,True
literal_plus_ruled,combined,time,24,0.075-0.0375-0.01875,B/A/B,peak_particle_temperature_k,345.2779244180779,345.35858722436825,345.412856185434,0.6727879125652643,True,0.05426896106575896,K,True,MONOTONE,0.6727879125652643,0.5717763087931174,345.52443978040066,0.1394794937083429,0.1394794937083429,False
literal_plus_ruled,combined,time,24,0.075-0.0375-0.01875,B/A/B,maximum_instantaneous_radial_temperature_spread_k,10.059259577164028,10.181926392122875,10.265469589897066,0.6810578541736623,True,0.0835431977741905,K,True,MONOTONE,0.6810578541736623,0.5541507380828719,10.443864799659893,0.22299401220353524,0.22299401220353524,False
literal_plus_ruled,combined,time,24,0.075-0.0375-0.01875,B/A/B,final_retained_water_mol,2.1949370097020436e-05,2.194926382566016e-05,2.1949477416303416e-05,2.009860819525609,False,9.731012689059564e-06,relative,True,OSCILLATORY,-2.009860819525609,,,9.731012689059564e-06,9.731012689059564e-06,True
literal_plus_ruled,combined,time,24,0.075-0.0375-0.01875,B/A/B,final_pore_vapor_water_mol,2.1713338909404344e-09,2.1709623009943534e-09,2.1706945389748577e-09,0.7205846722164643,True,0.00012335315480277036,relative,True,MONOTONE,0.7205846722164643,0.4727601308169178,2.1700040070395454e-09,0.0003976445804061335,0.0003976445804061335,True
literal_plus_ruled,combined,time,24,0.075-0.0375-0.01875,B/A/B,final_free_liquid_water_mol,0.0,0.0,0.0,0.0,True,0.0,relative,True,ROUNDOFF,,,0.0,0.0,0.0,True
literal_plus_ruled,combined,time,24,0.075-0.0375-0.01875,B/A/B,final_total_water_mol,2.1951541430911373e-05,2.1951434787961155e-05,2.195164811084239e-05,2.0003467720811905,False,9.717852625767229e-06,relative,True,OSCILLATORY,-2.0003467720811905,,,9.717852625767229e-06,9.717852625767229e-06,True
literal_plus_ruled,combined,time,24,0.075-0.0375-0.01875,B/A/B,final_total_hexane_mol,1.8764973316031204e-06,1.8748943311064205e-06,1.8750747267519364e-06,0.1125362380656137,True,9.620717667524855e-05,relative,True,OSCILLATORY,-0.1125362380656137,,,0.0008548995268453475,0.0008548995268453475,True
literal_plus_ruled,combined,time,24,0.075-0.0375-0.01875,B/A/B,final_total_energy_j,0.4027323925304045,0.40271424138031237,0.4027237722174105,0.5250817193276506,True,2.366594116277588e-05,relative,True,OSCILLATORY,-0.5250817193276506,,,4.50709676068695e-05,4.50709676068695e-05,True
literal_plus_ruled,combined,time,24,0.075-0.0375-0.01875,B/A/B,cumulative_boundary_hexane_out_mol,1.545050445456218e-07,1.5610804504221884e-07,1.559276493967946e-07,0.11253623801563514,True,0.0011569189051594464,relative,True,OSCILLATORY,-0.11253623801563514,,,0.010280412119327382,0.010280412119327382,False
literal_plus_ruled,combined,time,24,0.075-0.0375-0.01875,B/A/B,cumulative_boundary_energy_out_j,-0.00755176560854727,-0.007533614458448679,-0.00754314529555299,0.5250817194801862,True,0.001263509680760072,relative,True,OSCILLATORY,-0.5250817194801862,,,0.0024063105491672902,0.0024063105491672902,True
literal_plus_ruled,combined,time,24,0.075-0.0375-0.01875,B/A/B,baseline_water_flux_time_integral_mol_s_m2,0.0015002295493105684,0.001562438870036401,0.0015935721640519184,0.5004602791393175,True,0.01953679583380521,relative,False,MONOTONE,0.5004602791393175,0.9986725260514289,0.0016247628309055714,0.02446599811829789,0.02446599811829789,False
literal_plus_ruled,combined,time,24,0.075-0.0375-0.01875,B/A/B,baseline_hexane_flux_time_integral_mol_s_m2,0.006548713455881376,0.006924903016711781,0.007130207105117148,0.5457463730577129,True,0.028793565934154452,relative,False,MONOTONE,0.5457463730577129,0.8736974575577616,0.007376862178353105,0.0432412182422689,0.0432412182422689,False
literal_plus_ruled,combined,time,24,0.075-0.0375-0.01875,B/A/B,pulse_water_flux_time_integral_mol_s_m2,0.0011078766599660114,0.001036937814161249,0.0009520183357739974,1.1970800683868847,False,0.08919941475519114,relative,False,DIVERGENT,1.1970800683868847,,,,,
literal_plus_ruled,combined,time,24,0.075-0.0375-0.01875,B/A/B,pulse_hexane_flux_time_integral_mol_s_m2,0.004179736357945743,0.003855581397539878,0.0034813702967035746,1.1544204054991611,False,0.10748960005508029,relative,False,DIVERGENT,1.1544204054991611,,,,,
literal_plus_ruled,combined,time,24,0.075-0.0375-0.01875,B/A/B,return_water_flux_time_integral_mol_s_m2,0.0011964750487357663,0.0012160397442995026,0.0012481518304431165,1.641328179066304,False,0.02572770824861388,relative,False,DIVERGENT,1.641328179066304,,,,,
literal_plus_ruled,combined,time,24,0.075-0.0375-0.01875,B/A/B,return_hexane_flux_time_integral_mol_s_m2,0.004969620071626734,0.005080454029287153,0.005231032426900175,1.3585944307283002,False,0.028785598200210736,relative,False,DIVERGENT,1.3585944307283002,,,,,
literal_plus_ruled,combined,time,48,0.075-0.0375-0.01875,A/A/A,final_front_z,0.19256471765466118,0.19202629296437682,0.1917886982688826,0.44127748927847393,True,0.0012388357480852394,relative,True,MONOTONE,0.44127748927847393,1.1802419413523981,0.19160104663738098,0.001223036297207518,0.0015485446851065492,True
literal_plus_ruled,combined,time,48,0.075-0.0375-0.01875,A/A/A,final_front_position_over_radius,0.5774648743635521,0.5769261609602595,0.5766881186127271,0.44187196026224324,True,0.00041277484284759063,relative,True,MONOTONE,0.44187196026224324,1.1782997095586416,0.5764996596369354,0.0004084941446448922,0.0005159685535594883,True
literal_plus_ruled,combined,time,48,0.075-0.0375-0.01875,A/A/A,minimum_front_position_over_radius,0.5774648743635521,0.5769261609602595,0.5766881186127271,0.44187196026224324,True,0.00041277484284759063,relative,True,MONOTONE,0.44187196026224324,1.1782997095586416,0.5764996596369354,0.0004084941446448922,0.0005159685535594883,True
literal_plus_ruled,combined,time,48,0.075-0.0375-0.01875,A/A/A,maximum_front_position_over_radius,0.6,0.6,0.6,0.0,True,0.0,relative,True,ROUNDOFF,,,0.6,0.0,0.0,True
literal_plus_ruled,combined,time,48,0.075-0.0375-0.01875,A/A/A,final_interface_temperature_k,337.71206604845105,337.70741038839316,337.70161171151534,1.2455112284210563,False,0.005798676877816433,K,True,DIVERGENT,1.2455112284210563,,,,,
literal_plus_ruled,combined,time,48,0.075-0.0375-0.01875,A/A/A,minimum_material_temperature_k,335.0,335.0,335.0,0.0,True,0.0,K,True,ROUNDOFF,,,335.0,0.0,0.0,True
literal_plus_ruled,combined,time,48,0.075-0.0375-0.01875,A/A/A,peak_particle_temperature_k,345.4839504910877,345.56336573867856,345.62325106553124,0.7540784505413028,False,0.059885326852679555,K,True,MONOTONE,0.7540784505413028,0.4072134728266617,345.80687968442464,0.229535773616763,0.229535773616763,False
literal_plus_ruled,combined,time,48,0.075-0.0375-0.01875,A/A/A,maximum_instantaneous_radial_temperature_spread_k,10.268171141336097,10.389979362118027,10.480010280022952,0.7391202114847926,True,0.0900309179049259,K,True,MONOTONE,0.7391202114847926,0.4361190696108175,10.735084356327564,0.318842595380764,0.318842595380764,False
literal_plus_ruled,combined,time,48,0.075-0.0375-0.01875,A/A/A,final_retained_water_mol,2.194845890289281e-05,2.194821216238225e-05,2.194821150947979e-05,0.0026461097154577514,True,2.974741071279699e-08,relative,True,MONOTONE,0.0026461097154577514,8.561911403444114,2.1948211507747552e-05,9.865469175939512e-11,3.718426339099624e-08,True
literal_plus_ruled,combined,time,48,0.075-0.0375-0.01875,A/A/A,final_pore_vapor_water_mol,2.1708388831998095e-09,2.170505159811647e-09,2.170328317587179e-09,0.5299065955242434,True,8.148178459222307e-05,relative,True,MONOTONE,0.5299065955242434,0.9161900107767288,2.1701289745199916e-09,0.00011481158494091203,0.00011481158494091203,True
literal_plus_ruled,combined,time,48,0.075-0.0375-0.01875,A/A/A,final_free_liquid_water_mol,0.0,0.0,0.0,0.0,True,0.0,relative,True,ROUNDOFF,,,0.0,0.0,0.0,True
literal_plus_ruled,combined,time,48,0.075-0.0375-0.01875,A/A/A,final_total_water_mol,2.195062974177601e-05,2.195038266754206e-05,2.1950381837797375e-05,0.003358280922509757,True,3.780092266493862e-08,relative,True,MONOTONE,0.003358280922509757,8.218061366906495,2.1950381835001468e-05,1.5921734336541925e-10,4.725115333117328e-08,True
literal_plus_ruled,combined,time,48,0.075-0.0375-0.01875,A/A/A,final_total_hexane_mol,1.876762174463322e-06,1.8743884048364936e-06,1.873480997105223e-06,0.3822644459744856,True,0.0004843431733082167,relative,True,MONOTONE,0.3822644459744856,1.3873570720666257,1.872919478974355e-06,0.00037464893674903847,0.0006054289666352709,True
literal_plus_ruled,combined,time,48,0.075-0.0375-0.01875,A/A/A,final_total_energy_j,0.4027005853566911,0.40267048963485635,0.4026603407764566,0.3372193049712432,True,2.5204514505097714e-05,relative,True,MONOTONE,0.3372193049712432,1.5682409655200122,0.4026551770910906,1.6029904249055362e-05,3.150564313137214e-05,True
literal_plus_ruled,combined,time,48,0.075-0.0375-0.01875,A/A/A,cumulative_boundary_hexane_out_mol,1.5424020168498877e-07,1.5661397131220523e-07,1.5752137904348548e-07,0.3822644459160488,True,0.005760536993710216,relative,True,MONOTONE,0.3822644459160488,1.3873570722871709,1.5808289717422049e-07,0.004455888258983623,0.0072006712421377695,True
literal_plus_ruled,combined,time,48,0.075-0.0375-0.01875,A/A/A,cumulative_boundary_energy_out_j,-0.007519958434726579,-0.00748986271298122,-0.007479713854581036,0.3372193059882056,True,0.00135685115734317,relative,True,MONOTONE,0.3372193059882056,1.5682409611692334,-0.007474550169191277,0.0008629483510582141,0.0016960639466789625,True
literal_plus_ruled,combined,time,48,0.075-0.0375-0.01875,A/A/A,baseline_water_flux_time_integral_mol_s_m2,0.0014519009615879684,0.0015214141195037697,0.0015605307792446856,0.5627231003991557,True,0.025066253265346505,relative,False,MONOTONE,0.5627231003991557,0.8295029060658328,0.0016108692445666814,0.040321589608729384,0.040321589608729384,False
literal_plus_ruled,combined,time,48,0.075-0.0375-0.01875,A/A/A,baseline_hexane_flux_time_integral_mol_s_m2,0.00644471447319247,0.006868812904649172,0.0071202874162218455,0.5929626070742687,True,0.03531802817394002,relative,False,MONOTONE,0.5929626070742687,0.7539869653090836,0.00748662963584703,0.06431310251440188,0.06431310251440188,False
literal_plus_ruled,combined,time,48,0.075-0.0375-0.01875,A/A/A,pulse_water_flux_time_integral_mol_s_m2,0.0012580844142217175,0.0012177569386969986,0.0011527927906577833,1.6109153175084105,False,0.056353707765770054,relative,False,DIVERGENT,1.6109153175084105,,,,,
literal_plus_ruled,combined,time,48,0.075-0.0375-0.01875,A/A/A,pulse_hexane_flux_time_integral_mol_s_m2,0.00425632120820367,0.00405111986600983,0.00375567409002634,1.4397848124424202,False,0.07866651069859422,relative,False,DIVERGENT,1.4397848124424202,,,,,
literal_plus_ruled,combined,time,48,0.075-0.0375-0.01875,A/A/A,return_water_flux_time_integral_mol_s_m2,0.001187225609026147,0.0011831432385778602,0.001209075030830865,6.352140890076858,False,0.021447628634911713,relative,False,OSCILLATORY,-6.352140890076858,,,0.021447628634911713,0.021447628634911713,False
literal_plus_ruled,combined,time,48,0.075-0.0375-0.01875,A/A/A,return_hexane_flux_time_integral_mol_s_m2,0.004970125556853944,0.004992408952083345,0.005128574940764361,6.110648187999518,False,0.026550453148047787,relative,False,DIVERGENT,6.110648187999518,,,,,
