view,scenario,axis,fixed,levels,core_18,completed_levels,forms,sources,breaking_levels,front_position_ratio,front_position_final_pair,front_position_class,front_position_p_observed,observables,contracting,final_pair_meeting,gci_meeting
literal,composition_only,mesh,0.075,12-24-48,True,2,False,A/A/-,N48@0.075,,,,,,,,
literal,composition_only,mesh,0.0375,12-24-48,True,0,False,-/-/-,N12@0.0375;N24@0.0375;N48@0.0375,,,,,,,,
literal,composition_only,mesh,0.01875,12-24-48,True,2,False,A/-/A,N24@0.01875,,,,,,,,
literal,composition_only,mesh,0.075,24-48-96,False,1,False,A/-/-,N48@0.075;N96@0.075,,,,,,,,
literal,composition_only,mesh,0.0375,24-48-96,False,0,False,-/-/-,N24@0.0375;N48@0.0375;N96@0.0375,,,,,,,,
literal,composition_only,mesh,0.01875,24-48-96,False,1,False,-/A/-,N24@0.01875;N96@0.01875,,,,,,,,
literal,composition_only,time,12,0.075-0.0375-0.01875,True,2,False,A/-/A,N12@0.0375,,,,,,,,
literal,composition_only,time,24,0.075-0.0375-0.01875,True,1,False,A/-/-,N24@0.0375;N24@0.01875,,,,,,,,
literal,composition_only,time,48,0.075-0.0375-0.01875,True,1,False,-/-/A,N48@0.075;N48@0.0375,,,,,,,,
literal,composition_only,time,96,0.075-0.0375-0.01875,False,0,False,-/-/-,N96@0.075;N96@0.0375;N96@0.01875,,,,,,,,
literal,temperature_only,mesh,0.075,12-24-48,True,2,False,A/-/A,N24@0.075,,,,,,,,
literal,temperature_only,mesh,0.0375,12-24-48,True,1,False,-/-/A,N12@0.0375;N24@0.0375,,,,,,,,
literal,temperature_only,mesh,0.01875,12-24-48,True,1,False,-/-/A,N12@0.01875;N24@0.01875,,,,,,,,
literal,temperature_only,mesh,0.075,24-48-96,False,1,False,-/A/-,N24@0.075;N96@0.075,,,,,,,,
literal,temperature_only,mesh,0.0375,24-48-96,False,1,False,-/A/-,N24@0.0375;N96@0.0375,,,,,,,,
literal,temperature_only,mesh,0.01875,24-48-96,False,1,False,-/A/-,N24@0.01875;N96@0.01875,,,,,,,,
literal,temperature_only,time,12,0.075-0.0375-0.01875,True,1,False,A/-/-,N12@0.0375;N12@0.01875,,,,,,,,
literal,temperature_only,time,24,0.075-0.0375-0.01875,True,0,False,-/-/-,N24@0.075;N24@0.0375;N24@0.01875,,,,,,,,
literal,temperature_only,time,48,0.075-0.0375-0.01875,True,3,True,A/A/A,,0.4412757772605264,0.00040981458229044995,MONOTONE,1.180247538566519,22,17,16,13
literal,temperature_only,time,96,0.075-0.0375-0.01875,False,0,False,-/-/-,N96@0.075;N96@0.0375;N96@0.01875,,,,,,,,
literal,combined,mesh,0.075,12-24-48,True,1,False,-/-/A,N12@0.075;N24@0.075,,,,,,,,
literal,combined,mesh,0.0375,12-24-48,True,3,True,A/A/A,,0.23460694192631468,0.0002976211875350346,MONOTONE,2.0916823921155885,22,15,15,12
literal,combined,mesh,0.01875,12-24-48,True,1,False,-/-/A,N12@0.01875;N24@0.01875,,,,,,,,
literal,combined,mesh,0.075,24-48-96,False,1,False,-/A/-,N24@0.075;N96@0.075,,,,,,,,
literal,combined,mesh,0.0375,24-48-96,False,2,False,A/A/-,N96@0.0375,,,,,,,,
literal,combined,mesh,0.01875,24-48-96,False,1,False,-/A/-,N24@0.01875;N96@0.01875,,,,,,,,
literal,combined,time,12,0.075-0.0375-0.01875,True,1,False,-/A/-,N12@0.075;N12@0.01875,,,,,,,,
literal,combined,time,24,0.075-0.0375-0.01875,True,1,False,-/A/-,N24@0.075;N24@0.01875,,,,,,,,
literal,combined,time,48,0.075-0.0375-0.01875,True,3,True,A/A/A,,0.44187196026224324,0.00041277484284759063,MONOTONE,1.1782997095586416,22,16,16,13
literal,combined,time,96,0.075-0.0375-0.01875,False,0,False,-/-/-,N96@0.075;N96@0.0375;N96@0.01875,,,,,,,,
literal_plus_ruled,composition_only,mesh,0.075,12-24-48,True,3,True,A/A/B,,0.22430546520857542,0.00020053014112029232,MONOTONE,2.156463322732219,22,14,14,12
literal_plus_ruled,composition_only,mesh,0.0375,12-24-48,True,3,True,B/B/B,,0.23019010093128278,0.00028094738879322405,MONOTONE,2.1191023015754284,22,14,15,12
literal_plus_ruled,composition_only,mesh,0.01875,12-24-48,True,2,False,A/-/A,N24@0.01875,,,,,,,,
literal_plus_ruled,composition_only,mesh,0.075,24-48-96,False,3,True,A/B/C,,2.3907209594519387,0.0004796415571099159,DIVERGENT,,22,7,16,9
literal_plus_ruled,composition_only,mesh,0.0375,24-48-96,False,2,False,B/B/-,N96@0.0375,,,,,,,,
literal_plus_ruled,composition_only,mesh,0.01875,24-48-96,False,1,False,-/A/-,N24@0.01875;N96@0.01875,,,,,,,,
literal_plus_ruled,composition_only,time,12,0.075-0.0375-0.01875,True,3,True,A/B/A,,7.280727949542739,0.0019955985271276153,OSCILLATORY,,22,7,14,8
literal_plus_ruled,composition_only,time,24,0.075-0.0375-0.01875,True,2,False,A/B/-,N24@0.01875,,,,,,,,
literal_plus_ruled,composition_only,time,48,0.075-0.0375-0.01875,True,3,True,B/B/A,,0.5118165008603004,0.00034878238736643733,MONOTONE,0.966301434564368,22,15,16,14
literal_plus_ruled,composition_only,time,96,0.075-0.0375-0.01875,False,1,False,C/-/-,N96@0.0375;N96@0.01875,,,,,,,,
literal_plus_ruled,temperature_only,mesh,0.075,12-24-48,True,3,True,A/B/A,,0.0967446189846748,9.109845236684011e-05,MONOTONE,3.3696747701716037,22,13,16,13
literal_plus_ruled,temperature_only,mesh,0.0375,12-24-48,True,2,False,B/-/A,N24@0.0375,,,,,,,,
literal_plus_ruled,temperature_only,mesh,0.01875,12-24-48,True,1,False,-/-/A,N12@0.01875;N24@0.01875,,,,,,,,
literal_plus_ruled,temperature_only,mesh,0.075,24-48-96,False,3,True,B/A/C,,6.838510723945529,0.0006233660866434747,DIVERGENT,,22,6,14,6
literal_plus_ruled,temperature_only,mesh,0.0375,24-48-96,False,1,False,-/A/-,N24@0.0375;N96@0.0375,,,,,,,,
literal_plus_ruled,temperature_only,mesh,0.01875,24-48-96,False,1,False,-/A/-,N24@0.01875;N96@0.01875,,,,,,,,
literal_plus_ruled,temperature_only,time,12,0.075-0.0375-0.01875,True,2,False,A/B/-,N12@0.01875,,,,,,,,
literal_plus_ruled,temperature_only,time,24,0.075-0.0375-0.01875,True,1,False,B/-/-,N24@0.0375;N24@0.01875,,,,,,,,
literal_plus_ruled,temperature_only,time,48,0.075-0.0375-0.01875,True,3,True,A/A/A,,0.4412757772605264,0.00040981458229044995,MONOTONE,1.180247538566519,22,17,16,13
literal_plus_ruled,temperature_only,time,96,0.075-0.0375-0.01875,False,1,False,C/-/-,N96@0.0375;N96@0.01875,,,,,,,,
literal_plus_ruled,combined,mesh,0.075,12-24-48,True,3,True,B/B/A,,0.0905889132968828,8.503612594400732e-05,MONOTONE,3.4645216925972853,22,17,16,13
literal_plus_ruled,combined,mesh,0.0375,12-24-48,True,3,True,A/A/A,,0.23460694192631468,0.0002976211875350346,MONOTONE,2.0916823921155885,22,15,15,12
literal_plus_ruled,combined,mesh,0.01875,12-24-48,True,2,False,-/B/A,N12@0.01875,,,,,,,,
literal_plus_ruled,combined,mesh,0.075,24-48-96,False,3,True,B/A/C,,8.696768281759088,0.0007400868063275764,DIVERGENT,,22,4,14,6
literal_plus_ruled,combined,mesh,0.0375,24-48-96,False,2,False,A/A/-,N96@0.0375,,,,,,,,
literal_plus_ruled,combined,mesh,0.01875,24-48-96,False,2,False,B/A/-,N96@0.01875,,,,,,,,
literal_plus_ruled,combined,time,12,0.075-0.0375-0.01875,True,2,False,B/A/-,N12@0.01875,,,,,,,,
literal_plus_ruled,combined,time,24,0.075-0.0375-0.01875,True,3,True,B/A/B,,0.1483925847779323,0.00010700912929607678,MONOTONE,2.752509093032342,22,15,16,12
literal_plus_ruled,combined,time,48,0.075-0.0375-0.01875,True,3,True,A/A/A,,0.44187196026224324,0.00041277484284759063,MONOTONE,1.1782997095586416,22,16,16,13
literal_plus_ruled,combined,time,96,0.075-0.0375-0.01875,False,1,False,C/-/-,N96@0.0375;N96@0.01875,,,,,,,,
