scenario,dt_s,event,N12,N12_arm,N12_face,N12_path,N24,N24_arm,N24_face,N24_path,N48,N48_arm,N48_face,N48_path,N96,N96_arm,N96_face,N96_path,levels_present,shrinks_monotonically,n48_to_n96_shrinks
composition_only,0.075,same_physical_face_7_of_12,1.4540128432834523,A,7,stock_certified,1.8857499136177687,A,14,stock_certified,4.778588555565851,B,28,inward_seed_admitted,1.0363889018374868,C,56,stock_certified,4,False,True
composition_only,0.075,first_face_event,1.4540128432834523,A,7,stock_certified,1.8857499136177687,A,14,stock_certified,4.778588555565851,B,28,inward_seed_admitted,1.0874657301163504,C,57,stock_certified,4,False,True
composition_only,0.0375,same_physical_face_7_of_12,1.9619009879400238,B,7,inward_seed_admitted,3.043392050737315,B,14,inward_seed_admitted,1.6207651065942041,B,28,stock_certified,,,,,3,False,False
composition_only,0.0375,first_face_event,1.9619009879400238,B,7,inward_seed_admitted,3.043392050737315,B,14,inward_seed_admitted,1.6207651065942041,B,28,stock_certified,,,,,3,False,False
composition_only,0.01875,same_physical_face_7_of_12,5.597469103012814,A,7,inward_seed_admitted,5.7067122313358265,B*,14,inward_seed_admitted,3.3618464062195876,A,28,inward_seed_admitted,,,,,3,False,False
composition_only,0.01875,first_face_event,5.597469103012814,A,7,inward_seed_admitted,5.7067122313358265,B*,14,inward_seed_admitted,3.3618464062195876,A,28,inward_seed_admitted,,,,,3,False,False
temperature_only,0.075,same_physical_face_7_of_12,1.4600026852512646,A,7,stock_certified,1.882702141496677,B,14,inward_seed_admitted,2.6559673673339614,A,28,inward_seed_admitted,1.0362795290848275,C,56,stock_certified,4,False,True
temperature_only,0.075,first_face_event,1.4600026852512646,A,7,stock_certified,1.882702141496677,B,14,inward_seed_admitted,2.6559673673339614,A,28,inward_seed_admitted,1.0874657301163504,C,57,stock_certified,4,False,True
temperature_only,0.0375,same_physical_face_7_of_12,1.9701542964385161,B,7,inward_seed_admitted,5.084450297676152,A*,14,inward_seed_admitted,1.6217454314324087,A,28,inward_seed_admitted,,,,,3,False,False
temperature_only,0.0375,first_face_event,1.9701542964385161,B,7,inward_seed_admitted,5.084450297676152,A*,14,inward_seed_admitted,1.6217454314324087,A,28,inward_seed_admitted,,,,,3,False,False
temperature_only,0.01875,same_physical_face_7_of_12,5.6297403744692955,A*,7,inward_seed_admitted,12.275405102777794,A*,14,inward_seed_admitted,3.3647358161052736,A,28,inward_seed_admitted,,,,,3,False,False
temperature_only,0.01875,first_face_event,5.6297403744692955,A*,7,inward_seed_admitted,12.275405102777794,A*,14,inward_seed_admitted,3.3647358161052736,A,28,inward_seed_admitted,,,,,3,False,False
combined,0.075,same_physical_face_7_of_12,1.4600760396914376,B,7,inward_seed_admitted,1.8826480171093898,B,14,stock_certified,2.6547532824789015,A,28,inward_seed_admitted,1.0362681940684328,C,56,stock_certified,4,False,True
combined,0.075,first_face_event,1.4600760396914376,B,7,inward_seed_admitted,1.8826480171093898,B,14,stock_certified,2.6547532824789015,A,28,inward_seed_admitted,1.0874657301163504,C,57,stock_certified,4,False,True
combined,0.0375,same_physical_face_7_of_12,1.9702545240547165,A,7,inward_seed_admitted,3.0261252366493494,A,14,inward_seed_admitted,1.621793604812296,A,28,stock_certified,,,,,3,False,False
combined,0.0375,first_face_event,1.9702545240547165,A,7,inward_seed_admitted,3.0261252366493494,A,14,inward_seed_admitted,1.621793604812296,A,28,stock_certified,,,,,3,False,False
combined,0.01875,same_physical_face_7_of_12,5.630146213988359,A*,7,inward_seed_admitted,4.584840817021936,B,14,inward_seed_admitted,3.3648765661929563,A,28,inward_seed_admitted,,,,,3,True,False
combined,0.01875,first_face_event,5.630146213988359,A*,7,inward_seed_admitted,4.584840817021936,B,14,inward_seed_admitted,3.3648765661929563,A,28,inward_seed_admitted,,,,,3,True,False
