view,chains,observable,formed_chains,contracting,final_pair_meeting,gci_meeting,worst_final_pair,worst_unit,worst_chain,MONOTONE,OSCILLATORY,DIVERGENT,ROUNDOFF
literal,core18,final_front_z,3,3,3,3,0.0012388357480852394,relative,combined time 48 (A/A/A),3,0,0,0
literal,core18,final_front_position_over_radius,3,3,3,3,0.00041277484284759063,relative,combined time 48 (A/A/A),3,0,0,0
literal,core18,minimum_front_position_over_radius,3,3,3,3,0.00041277484284759063,relative,combined time 48 (A/A/A),3,0,0,0
literal,core18,maximum_front_position_over_radius,3,3,3,3,0.0,relative,temperature_only time 48 (A/A/A),0,0,0,3
literal,core18,final_interface_temperature_k,3,0,3,0,0.005798676877816433,K,combined time 48 (A/A/A),0,0,3,0
literal,core18,minimum_material_temperature_k,3,3,3,3,0.0,K,temperature_only time 48 (A/A/A),0,0,0,3
literal,core18,peak_particle_temperature_k,3,2,2,0,0.20477851431030558,K,combined mesh 0.0375 (A/A/A),3,0,0,0
literal,core18,maximum_instantaneous_radial_temperature_spread_k,3,3,2,0,0.20805296999515122,K,combined mesh 0.0375 (A/A/A),3,0,0,0
literal,core18,final_retained_water_mol,3,3,3,3,4.7915669400710574e-05,relative,combined mesh 0.0375 (A/A/A),2,1,0,0
literal,core18,final_pore_vapor_water_mol,3,2,3,2,0.00021061510986968734,relative,combined mesh 0.0375 (A/A/A),2,0,1,0
literal,core18,final_free_liquid_water_mol,3,3,3,3,0.0,relative,temperature_only time 48 (A/A/A),0,0,0,3
literal,core18,final_total_water_mol,3,3,3,3,4.793175750187303e-05,relative,combined mesh 0.0375 (A/A/A),2,1,0,0
literal,core18,final_total_hexane_mol,3,3,3,3,0.0004843431733082167,relative,combined time 48 (A/A/A),3,0,0,0
literal,core18,final_total_energy_j,3,3,3,3,0.00010865396541893428,relative,combined mesh 0.0375 (A/A/A),3,0,0,0
literal,core18,cumulative_boundary_hexane_out_mol,3,3,3,3,0.005760536993710216,relative,combined time 48 (A/A/A),3,0,0,0
literal,core18,cumulative_boundary_energy_out_j,3,3,3,3,0.005841461605381635,relative,combined mesh 0.0375 (A/A/A),3,0,0,0
literal,core18,baseline_water_flux_time_integral_mol_s_m2,3,2,0,0,0.02696488090041653,relative,combined mesh 0.0375 (A/A/A),2,1,0,0
literal,core18,baseline_hexane_flux_time_integral_mol_s_m2,3,3,1,0,0.03531802817394002,relative,temperature_only time 48 (A/A/A),2,1,0,0
literal,core18,pulse_water_flux_time_integral_mol_s_m2,3,0,0,0,0.14848539867834895,relative,combined mesh 0.0375 (A/A/A),0,0,3,0
literal,core18,pulse_hexane_flux_time_integral_mol_s_m2,3,0,0,0,0.07866651069859422,relative,combined time 48 (A/A/A),0,0,3,0
literal,core18,return_water_flux_time_integral_mol_s_m2,3,0,0,0,0.027804330573856877,relative,combined mesh 0.0375 (A/A/A),0,3,0,0
literal,core18,return_hexane_flux_time_integral_mol_s_m2,3,0,0,0,0.026550453148047787,relative,combined time 48 (A/A/A),0,1,2,0
literal_plus_ruled,core18,final_front_z,10,9,10,10,0.005974856288236745,relative,composition_only time 12 (A/B/A),9,1,0,0
literal_plus_ruled,core18,final_front_position_over_radius,10,9,10,10,0.0019955985271276153,relative,composition_only time 12 (A/B/A),9,1,0,0
literal_plus_ruled,core18,minimum_front_position_over_radius,10,9,10,10,0.0019955985271276153,relative,composition_only time 12 (A/B/A),9,1,0,0
literal_plus_ruled,core18,maximum_front_position_over_radius,10,10,10,10,0.0,relative,composition_only mesh 0.075 (A/A/B),0,0,0,10
literal_plus_ruled,core18,final_interface_temperature_k,10,2,10,5,0.011912702356596583,K,composition_only mesh 0.075 (A/A/B),3,2,5,0
literal_plus_ruled,core18,minimum_material_temperature_k,10,10,10,10,0.0,K,composition_only mesh 0.075 (A/A/B),0,0,0,10
literal_plus_ruled,core18,peak_particle_temperature_k,10,8,5,0,0.25649671750591096,K,composition_only mesh 0.075 (A/A/B),9,0,1,0
literal_plus_ruled,core18,maximum_instantaneous_radial_temperature_spread_k,10,9,5,0,0.2795707193899375,K,composition_only mesh 0.075 (A/A/B),9,0,1,0
literal_plus_ruled,core18,final_retained_water_mol,10,6,10,9,9.013820019299099e-05,relative,composition_only time 12 (A/B/A),5,4,1,0
literal_plus_ruled,core18,final_pore_vapor_water_mol,10,4,10,5,0.0003588127487016467,relative,composition_only mesh 0.075 (A/A/B),4,1,5,0
literal_plus_ruled,core18,final_free_liquid_water_mol,10,10,10,10,0.0,relative,composition_only mesh 0.075 (A/A/B),0,0,0,10
literal_plus_ruled,core18,final_total_water_mol,10,6,10,9,9.011988107556304e-05,relative,composition_only time 12 (A/B/A),5,4,1,0
literal_plus_ruled,core18,final_total_hexane_mol,10,9,10,10,0.003945020157397369,relative,composition_only time 12 (A/B/A),5,5,0,0
literal_plus_ruled,core18,final_total_energy_j,10,8,10,9,0.00048629575787375787,relative,composition_only time 12 (A/B/A),6,3,1,0
literal_plus_ruled,core18,cumulative_boundary_hexane_out_mol,10,9,9,5,0.047470725043563755,relative,composition_only time 12 (A/B/A),5,5,0,0
literal_plus_ruled,core18,cumulative_boundary_energy_out_j,10,8,9,8,0.01850206305135389,relative,composition_only time 12 (A/B/A),6,3,1,0
literal_plus_ruled,core18,baseline_water_flux_time_integral_mol_s_m2,10,5,0,0,0.03328642173343713,relative,composition_only mesh 0.075 (A/A/B),5,5,0,0
literal_plus_ruled,core18,baseline_hexane_flux_time_integral_mol_s_m2,10,7,2,0,0.03531802817394002,relative,composition_only time 48 (B/B/A),5,5,0,0
literal_plus_ruled,core18,pulse_water_flux_time_integral_mol_s_m2,10,0,0,0,0.14848539867834895,relative,combined mesh 0.0375 (A/A/A),0,1,9,0
literal_plus_ruled,core18,pulse_hexane_flux_time_integral_mol_s_m2,10,0,0,0,0.11694578249159872,relative,composition_only time 12 (A/B/A),0,1,9,0
literal_plus_ruled,core18,return_water_flux_time_integral_mol_s_m2,10,3,2,0,0.10021459033514786,relative,composition_only time 12 (A/B/A),0,8,2,0
literal_plus_ruled,core18,return_hexane_flux_time_integral_mol_s_m2,10,2,2,2,0.10287212899388808,relative,composition_only time 12 (A/B/A),2,4,4,0
literal_plus_ruled,n96ext,final_front_z,3,0,3,0,0.002221904009791978,relative,combined mesh 0.075 (B/A/C),0,0,3,0
literal_plus_ruled,n96ext,final_front_position_over_radius,3,0,3,0,0.0007400868063275764,relative,combined mesh 0.075 (B/A/C),0,0,3,0
literal_plus_ruled,n96ext,minimum_front_position_over_radius,3,0,3,0,0.0007400868063275764,relative,combined mesh 0.075 (B/A/C),0,0,3,0
literal_plus_ruled,n96ext,maximum_front_position_over_radius,3,3,3,3,0.0,relative,composition_only mesh 0.075 (A/B/C),0,0,0,3
literal_plus_ruled,n96ext,final_interface_temperature_k,3,1,3,3,0.008862585282372493,K,composition_only mesh 0.075 (A/B/C),0,3,0,0
literal_plus_ruled,n96ext,minimum_material_temperature_k,3,3,3,3,0.0,K,composition_only mesh 0.075 (A/B/C),0,0,0,3
literal_plus_ruled,n96ext,peak_particle_temperature_k,3,2,1,1,0.18493704299464753,K,combined mesh 0.075 (B/A/C),3,0,0,0
literal_plus_ruled,n96ext,maximum_instantaneous_radial_temperature_spread_k,3,2,1,1,0.21427447650933118,K,combined mesh 0.075 (B/A/C),2,0,1,0
literal_plus_ruled,n96ext,final_retained_water_mol,3,0,3,0,0.00011180293939910338,relative,composition_only mesh 0.075 (A/B/C),0,0,3,0
literal_plus_ruled,n96ext,final_pore_vapor_water_mol,3,0,3,0,0.00044524653870205855,relative,composition_only mesh 0.075 (A/B/C),0,0,3,0
literal_plus_ruled,n96ext,final_free_liquid_water_mol,3,3,3,3,0.0,relative,composition_only mesh 0.075 (A/B/C),0,0,0,3
literal_plus_ruled,n96ext,final_total_water_mol,3,0,3,0,0.00011183635833769006,relative,composition_only mesh 0.075 (A/B/C),0,0,3,0
literal_plus_ruled,n96ext,final_total_hexane_mol,3,0,3,3,0.0010750534520089314,relative,temperature_only mesh 0.075 (B/A/C),0,3,0,0
literal_plus_ruled,n96ext,final_total_energy_j,3,0,3,0,0.0003310488891261581,relative,composition_only mesh 0.075 (A/B/C),0,0,3,0
literal_plus_ruled,n96ext,cumulative_boundary_hexane_out_mol,3,0,1,1,0.012854686941414015,relative,temperature_only mesh 0.075 (B/A/C),0,3,0,0
literal_plus_ruled,n96ext,cumulative_boundary_energy_out_j,3,0,2,0,0.013181625308665637,relative,composition_only mesh 0.075 (A/B/C),0,0,3,0
literal_plus_ruled,n96ext,baseline_water_flux_time_integral_mol_s_m2,3,3,3,3,0.0025524634597344866,relative,composition_only mesh 0.075 (A/B/C),3,0,0,0
literal_plus_ruled,n96ext,baseline_hexane_flux_time_integral_mol_s_m2,3,0,0,0,0.0631635663865887,relative,composition_only mesh 0.075 (A/B/C),0,3,0,0
literal_plus_ruled,n96ext,pulse_water_flux_time_integral_mol_s_m2,3,0,0,0,0.16732321589096505,relative,composition_only mesh 0.075 (A/B/C),0,0,3,0
literal_plus_ruled,n96ext,pulse_hexane_flux_time_integral_mol_s_m2,3,0,0,0,0.05205265801888252,relative,combined mesh 0.075 (B/A/C),0,2,1,0
literal_plus_ruled,n96ext,return_water_flux_time_integral_mol_s_m2,3,0,0,0,0.06216930144712294,relative,combined mesh 0.075 (B/A/C),0,1,2,0
literal_plus_ruled,n96ext,return_hexane_flux_time_integral_mol_s_m2,3,0,0,0,0.0390488029180063,relative,composition_only mesh 0.075 (A/B/C),0,3,0,0
