suffix,mesh,hold_s,scenario,held,t_end_s,excess_0p225,excess_0p9,excess_1p65,oracle_zero_time_s,front_at_oracle_zero,front_at_end,max_cumulative_ledger,knob_off_reference,knob_off_match,knob_off_label_cells_differing,knob_off_cells_compared
f38an12h0675comb,12,0.675,combined,9/9,0.8999999999999998,11.48680656370363,22.904926987683798,,,,0.5181376808123918,6.278180676701215e-13,f36b-005-f36bn12d075comb,every physical cell identical,0,333
f38an12h0675comp,12,0.675,composition_only,9/9,0.8999999999999998,11.858604953566028,23.908965051592407,,,,0.5157538701718319,2.0462974179675042e-13,f36-035-f36an12d075comp,every physical cell identical,2,333
f38an12h0675temp,12,0.675,temperature_only,9/9,0.8999999999999998,11.49140098545275,22.916529337674895,,,,0.5181097113322954,2.7330098120075515e-13,f36-036-f36an12d075temp,every physical cell identical,2,333
f38an12h1800comb,12,1.8,combined,24/24,2.0249999999999995,11.48680656370363,22.904926987683798,124.61938890174179,1.7999999999999994,0.41834476852601893,0.3904135353306152,6.278180676701215e-13,f36b-005-f36bn12d075comb,every physical cell identical,0,333
f38an12h1800comp,12,1.8,composition_only,24/24,2.0249999999999995,11.858604953566028,23.908965051592407,163.07671232671115,1.7249999999999994,0.42324370701081804,0.38593584686987614,2.0462974179675042e-13,f36-035-f36an12d075comp,every physical cell identical,2,333
f38an12h1800temp,12,1.8,temperature_only,24/24,2.0249999999999995,11.49140098545275,22.916529337674895,125.02471827725212,1.7999999999999996,0.4182869676349717,0.3903480383343167,2.7330098120075515e-13,f36-036-f36an12d075temp,every physical cell identical,2,333
f38an24h0675comb,24,0.675,combined,9/9,0.8999999999999998,11.45465945968586,22.789519608221827,,,,0.5182619705919581,1.6111711147172024e-13,f36b-011-f36bn24d075comb,every physical cell identical,0,333
f38an24h0675comp,24,0.675,composition_only,9/9,0.8999999999999999,11.822115551810377,23.777335741856053,,,,0.5159108205096768,4.1585121715589774e-13,f36-026-f36an24d075comp,every physical cell identical,2,333
f38an24h0675temp,24,0.675,temperature_only,9/9,0.8999999999999998,11.463630379013596,22.811709280083008,,,,0.518207910496382,1.365210651629275e-13,f36b-012-f36bn24d075temp,every physical cell identical,0,333
f38an24h1800comb,24,1.8,combined,24/24,2.0249999999999995,11.45465945968586,22.789519608221827,120.14123211357874,1.7999999999999994,0.4187002600493489,0.3909652396157505,1.6111711147172024e-13,f36b-011-f36bn24d075comb,every physical cell identical,0,333
f38an24h1800comp,24,1.8,composition_only,24/24,2.025,11.822115551810377,23.777335741856053,153.60965080627662,1.7249999999999999,0.4237437184206638,0.38655948778474614,6.954190282461958e-13,f36-026-f36an24d075comp,every physical cell identical,2,333
f38an24h1800temp,24,1.8,temperature_only,24/24,2.0249999999999995,11.463630379013596,22.811709280083008,120.7039452453733,1.7999999999999994,0.41861135868101124,0.39086991840925756,2.9502932158520806e-13,f36b-012-f36bn24d075temp,every physical cell identical,0,333
f38an48h0675comb,48,0.675,combined,9/9,0.8999999999999998,11.434829388105085,22.681091355650555,,,,0.5185405722140758,1.0546897661209764e-12,f36-016-f36an48d075comb,every physical cell identical,2,333
f38an48h0675comp,48,0.675,composition_only,9/9,0.8999999999999997,11.793817566383598,23.65526960425258,,,,0.5162425192754685,5.200780559643116e-13,f36b-014-f36bn48d075comp,every physical cell identical,0,333
f38an48h0675temp,48,0.675,temperature_only,9/9,0.8999999999999998,11.452290624738879,22.721974055370655,,,,0.5184389041101097,2.61713022111824e-13,f36-018-f36an48d075temp,every physical cell identical,2,333
f38an48h1800comb,48,1.8,combined,24/24,2.0249999999999995,11.434829388105085,22.681091355650555,116.07442903171744,1.7999999999999996,0.41922463104887453,0.39160045656197856,1.0546897661209764e-12,f36-016-f36an48d075comb,every physical cell identical,2,333
f38an48h1800comp,48,1.8,composition_only,24/24,2.024999999999999,11.793817566383598,23.65526960425258,146.57587575874336,1.7249999999999992,0.4242380553334914,0.38730148080271354,1.0911484609925196e-12,f36b-014-f36bn48d075comp,every physical cell identical,0,333
f38an48h1800temp,48,1.8,temperature_only,24/24,2.0249999999999995,11.452290624738879,22.721974055370655,117.01807727415223,1.7999999999999996,0.41906078381096756,0.3914278548204761,4.929760228277637e-13,f36-018-f36an48d075temp,every physical cell identical,2,333
