K_l_mol_m2_s,time_s,moisture_percent_wet_basis,hexane_ppm_wet_basis,mean_temperature_c,external_water_kg_kg_dry
0.1,492.267073259448,9.338659640867226,151718.25618176133,61.44579970470062,0.025091253915655563
0.1,492.467073259448,9.431265002217266,141117.3494708901,62.03220802250445,0.028633337673917004
0.1,492.667073259448,9.513170469071726,131268.17954857348,62.83412445530075,0.03232715700331773
0.1,492.867073259448,9.586798094535071,122099.82420679316,63.7674697771842,0.036056759651968084
0.1,493.06707325944797,9.653408152072267,113564.79136992757,64.77228177264516,0.039736264586565505
0.1,493.26707325944795,9.713968752945787,105621.27277028629,65.8037771393158,0.04330090091843186
0.1,493.46707325944794,9.769306623714746,98227.66208108267,66.83055906161815,0.04670724547046085
0.1,493.66707325944793,9.820138825733348,91341.91396955142,67.83267925450411,0.049931720064802836
0.1,493.8670732594479,9.867084594465245,84922.01060261454,68.79875657748045,0.05296617090260496
0.1,494.0670732594479,9.910670511089315,78927.59647191732,69.72340056164768,0.05581297421659339
0.1,494.2670732594479,9.951332684073398,73322.37641487064,70.60545474370105,0.058481052660951174
0.1,494.4670732594479,9.989423358748903,68075.69847851749,71.44665232615557,0.06098277013021575
0.1,494.6670732594479,10.025222188857509,63162.96810844707,72.25054737699236,0.06333174672597429
0.1,494.86707325944786,10.05895200306541,58564.6934745654,73.02154269178106,0.06554136112653984
0.1,495.06707325944785,10.090797764613564,54264.268876213144,73.76392615781225,0.06762375203096893
0.1,495.26707325944784,10.120924026903898,50245.44449816335,74.48109852806618,0.06958935769706208
0.1,495.46707325944783,10.149484750958685,46490.97288089286,75.17531791563789,0.07144706143169202
0.1,495.6670732594478,10.176623980892904,42983.06093497606,75.84803975927451,0.07320456084805349
0.1,495.8670732594478,10.202472453214089,39704.46122835169,76.50095712045879,0.07486540641620423
0.1,496.0670732594478,10.227145705177287,36639.80440501108,77.13503195700173,0.07643505109990549
0.1,496.2670732594478,10.250745723518367,33775.62496698956,77.75132433131489,0.07791939348722532
0.1,497.10927724534315,10.33508240202214,24521.30356071728,80.04348427775074,0.08294656821559991
0.1,497.15927724534316,10.339944386591096,24030.366546580324,80.19607288337642,0.0832696114288899
0.1,497.35927724534315,10.358581901348128,22165.497901612533,80.78514584917303,0.08441017138198782
0.1,497.55927724534314,10.376478426355016,20407.014030638835,81.356360407007,0.08549730681039777
0.1,497.7592772453431,10.393711481219167,18746.199026811173,81.90966930617498,0.08653500715621269
0.1,497.9592772453431,10.41034623018121,17178.090918523267,82.44599194177107,0.0875259052393804
0.1,498.1592772453431,10.426441288417124,15699.446437097746,82.96659255820646,0.08847227776525553
0.1,498.3592772453431,10.442051065385943,14307.91147384446,83.47283896724889,0.08937618278182072
0.1,498.5592772453431,10.457226891894157,13001.607956878586,83.96608886071925,0.09023949355817949
0.1,498.75927724534307,10.47201761562863,11778.903712206236,84.44763189529351,0.09106391527673234
0.1,498.95927724534306,10.4864699333187,10638.272795829771,84.91865911698255,0.09185099778229247
0.1,499.15927724534305,10.500628577139066,9578.204253735339,85.38024668298482,0.09260214725536194
0.1,499.35927724534304,10.514536410258318,8597.13835394176,85.83334731648279,0.09331863748202394
0.1,499.559277245343,10.528234457775028,7693.419166708309,86.27878598324855,0.09400162085344617
0.1,500.46361557676477,10.587355086531547,4814.678011617457,88.10937122111983,0.0964759154830844
0.1,501.15202445746786,10.632250175898504,3316.2468425266584,89.43718063234166,0.09804452972514545
0.1,501.6833064676192,10.66728538584088,2523.863891406535,90.42278622529176,0.09907631402452913
0.1,502.0967529317217,10.694913613290723,2095.8293732956126,91.16248910032141,0.09977499106655692
0.1,502.42041051600364,10.71678553391318,1857.9258454001713,91.72178637829285,0.1002598778568963
0.1,502.67486837606197,10.734123281474815,1720.849342562795,92.14731438539553,0.10060362600872177
0.1,502.8755349571658,10.747872087196917,1638.440971690927,92.47290703460612,0.1008518550973856
0.1,503.03411994542677,10.75877585386099,1586.5506073111126,92.72334542642648,0.10103398636255306
0.1,503.1596317264476,10.767423564784256,1552.3265169670187,92.91690509100408,0.10116945766365251
0.1,503.25906588754214,10.774282294008664,1528.7710864115684,93.06715112518901,0.10127139877800881
0.1,503.3378925472107,10.77972248699234,1511.9595662541235,93.18421959840288,0.10134886185827767
0.1,503.4004099739879,10.78403788535979,1499.6090020980757,93.27573647786619,0.10140820664913079
0.1,503.45000704520197,10.787461362268914,1490.3344859866245,93.34747857956785,0.10145397916033606
0.1,503.4893617476977,10.79017751895869,1483.257293971383,93.40385077300078,0.10148948018302985
0.1,503.52059351596023,10.792332692837968,1477.7945971660095,93.44823234373376,0.1015171401449835
0.1,503.54538140474773,10.794042898219613,1473.543869740669,93.48323007590841,0.10153877082045659
0.1,503.56505645722325,10.795400120486125,1470.2173986602766,93.51086460524317,0.10155573735869507
0.1,503.5806742792302,10.796477302451265,1467.6038084326042,93.53270877578586,0.10156907787702975
0.1,503.5930722610809,10.797332293820281,1465.5445131762194,93.54999122402694,0.10157958796837385
0.1,503.60291479900985,10.798010979442664,1463.9186713455854,93.56367455994746,0.10158788134325815
0.1,503.6107290875479,10.798549757496676,1462.6331610277114,93.57451482256909,0.10159443397318912
0.1,503.6169334778047,10.798977503150043,1461.6156410851383,93.58310700632359,0.10159961664653365
0.1,503.6218599590261,10.799317124948963,1460.8095899513557,93.58992013444703,0.10160371926174604
0.1,503.6257719927348,10.799586798740396,1460.1706644188841,93.59532442256142,0.10160696914325534
0.1,503.62887866247905,10.799800946221,1459.6639724465638,93.59961241211704,0.10160954497552883
0.1,503.63134590334613,10.799971011134044,1459.2619991837269,93.60301547476882,0.10161158748509092
0.1,503.63330541531144,10.800106075031168,1458.9430119870801,93.60571674150162,0.1016132076820884
0.1,503.6348617367051,10.80021334574681,1458.689823867268,93.60786125552426,0.10161449325225971
0.1,503.636097856533,10.800298544824276,1458.4888293303388,93.60956395950768,0.10161551353504211
0.1,503.637079665969,10.800366214714954,1458.3292495749415,93.61091598764307,0.10161632341334692
0.1,503.63785948817355,10.800419962311311,1458.2025398547305,93.61198962770658,0.10161696636107834
0.1,503.6384788770252,10.800462652000235,1458.101923110083,93.61284223819615,0.1016174768362516
0.1,503.6389708365026,10.800496558727732,1458.0220222701423,93.61351934373857,0.10161788216409912
0.1,503.6393615812222,10.8005234894019,1457.9585698732876,93.61405708366783,0.1016182040216285
0.1,503.6396719335718,10.800544879225663,1457.9081784238767,93.61448415082594,0.10161845960991546
0.1,503.64087009357723,10.800627456275572,1457.7137149350033,93.61613234515261,0.10161944556680204
0.1,508.64087009357723,11.122252019536912,1133.8129742294832,96.4790088219874,0.10078833583138813
0.1,513.6408700935772,11.422840417826055,1000.4309225687375,97.67880271564951,0.09804673563964454
0.1,518.6408700935772,11.704194406768671,934.54145885297,98.18503480294873,0.09462691003177098
0.1,523.6408700935772,11.968151105285548,895.9094295416842,98.40128014920572,0.09102846878805519
0.1,528.6408700935772,12.216406516267853,869.2957006422553,98.49570557969349,0.08745001366277737
0.1,533.6408700935772,12.450468043690142,848.4917437922423,98.5387059198805,0.08396633403412078
0.1,538.6408700935772,12.671656259571234,830.8431350592911,98.55989390564719,0.08060150146338638
0.1,543.6408700935772,12.88112379082977,815.1583221460361,98.57178544261035,0.07735916778193928
0.1,548.6408700935772,13.07987804612416,800.8659734213645,98.57969288709575,0.07423512866240113
0.1,553.6408700935772,13.268802735277639,787.6652788125837,98.58588038754914,0.0712225036652673
0.1,558.6408700935772,13.448676617668555,775.3780085658403,98.59131702514145,0.06831383212814936
0.1,563.6408700935772,13.620241592040276,763.8665200741632,98.59660569402399,0.06550143526220037
0.1,568.6408700935772,13.784188158679916,753.0242593956254,98.60209298230973,0.0627777776881052
0.1,573.6408700935772,13.941049686138141,742.8019421720544,98.60760557967416,0.060136555095654555
0.1,578.6408700935772,14.091303427598827,733.1491795512574,98.61308271693832,0.05757222992552827
0.1,583.6408700935772,14.235379425610027,724.0188885765998,98.61850513532283,0.05507983807183852
0.1,588.6408700935772,14.373667063464902,715.3683486268861,98.62386930847765,0.05265488290129544
0.1,593.6408700935772,14.506520274114568,707.1591726628349,98.62917760255868,0.0502932658431984
0.1,598.6408700935772,14.634261843997587,699.3569469700008,98.63443438013343,0.04799123487929583
0.1,603.6408700935772,14.757187041028322,691.9307972781658,98.63964443672444,0.045745343438655224
0.1,608.6408700935772,14.875566709086675,684.852969173502,98.64481238888817,0.04355241625925796
0.1,613.6408700935772,14.98964992851315,678.0984500676458,98.64994245888619,0.04140952039257217
0.1,618.6408700935772,15.099666317339297,671.6446379196777,98.65503842439398,0.03931394024277109
0.1,623.6408700935772,15.205828031761424,665.4710540877035,98.660103634363,0.037263155888826414
0.1,628.6408700935772,15.308331512804065,659.5590952912183,98.66514104850921,0.035254824137706156
0.1,633.6408700935772,15.407359017436521,653.8918193376505,98.6701532823605,0.03328676188186149
0.1,638.6408700935772,15.503079965663805,648.4537596777562,98.6751426505927,0.03135693141957084
0.1,643.6408700935772,15.595652129770116,643.2307644861929,98.68011120605235,0.029463427458930692
0.1,648.6408700935772,15.685222687592407,638.2098566050734,98.68506077386809,0.027604465574030193
0.1,653.6408700935772,15.771929158213473,633.3791112631649,98.68999298090085,0.025778371919266022
0.1,658.6408700935772,15.85590023559908,628.7275489832518,98.69490928101919,0.023983574038202768
0.1,663.6408700935772,15.937256533351697,624.2450415061696,98.69981097676515,0.0222185926280308
0.1,668.6408700935772,16.01611125179684,619.9222289027917,98.70469923797009,0.020482034141096787
0.1,673.6408700935772,16.092570776991206,615.7504463411782,98.70957511773355,0.018772584122086506
0.1,678.6408700935772,16.16673521988112,611.7216592034117,98.71443956622716,0.01708900119353387
0.1,683.6408700935772,16.238698902697088,607.8284054533899,98.71929344261156,0.015430111614385957
0.1,688.6408700935772,16.30855079870243,604.0637443157881,98.72413752537051,0.013794804346448199
0.1,693.6408700935772,16.376374930599717,600.4212104644392,98.72897252131685,0.012182026572025217
0.1,698.6408700935772,16.44225073220531,596.8947730369129,98.733799073419,0.010590779613519345
0.1,703.6408700935772,16.506253377408985,593.4787988846936,98.73861776765222,0.009020115211872671
0.1,708.6408700935772,16.568454079925743,590.1680195492224,98.74342913901978,0.007469132126086256
0.1,713.6408700935772,16.628920366925737,586.9575015292837,98.74823367682421,0.0059369730207074235
0.1,718.6408700935772,16.687716329236643,583.8426194557748,98.75303182932282,0.004422821612098224
0.1,723.6408700935772,16.744902850505053,580.8190318459938,98.75782400782845,0.0029259000477263974
0.1,728.6408700935772,16.80053781741785,577.882659146385,98.76261059036415,0.0014454664956399415
0.1,733.5746913380635,16.853978275624023,575.0664760825676,98.76732879310089,0.0
0.1,738.5746913380635,16.854818011989554,547.7734184671073,99.1255898618445,0.0
0.1,743.5746913380635,16.85574524884429,524.9790491950431,99.42919538922399,0.0
0.1,748.5746913380635,16.85675251313223,505.81338555266353,99.68761029379857,0.0
0.1,753.5746913380635,16.857832350192997,489.6164924727479,99.90826245237855,0.0
0.1,758.5746913380635,16.858977323188828,475.8661173138937,100.09721652027588,0.0
0.1,763.5746913380635,16.860180196789777,464.1408934916782,100.259511556228,0.0
0.1,768.5746913380635,16.861434103295014,454.0972968182406,100.39936578932884,0.0
0.1,773.5746913380635,16.862732657780455,445.453449941875,100.52032158852933,0.0
0.1,778.5746913380635,16.86407002327713,437.977008758786,100.62535796756322,0.0
0.1,783.5746913380635,16.86544093570044,431.47579194509956,100.71698189504764,0.0
0.1,788.5746913380635,16.86686134414576,425.77750686192525,100.7974753168453,0.0
0.1,793.5746913380635,16.868480937924843,420.65602048679136,100.86986434180733,0.0
0.1,798.5746913380635,16.87027275500263,416.0324296963901,100.935219694627,0.0
0.1,803.5746913380635,16.8722134640453,411.8386441728616,100.99447475704665,0.0
0.1,808.5746913380635,16.874282900926662,408.01598318886795,101.04844097861923,0.0
0.1,813.5746913380635,16.876463640701235,404.51388597498664,101.09782289217998,0.0
0.1,818.5746913380635,16.878740620923384,401.2887792794024,101.14323177332938,0.0
0.1,823.5746913380635,16.881100815678572,398.3030990059659,101.1851977551064,0.0
0.1,828.5746913380635,16.88353295511784,395.5244496874262,101.2241804611553,0.0
0.1,833.5746913380635,16.886027284559262,392.92488348131104,101.26057829444454,0.0
0.1,838.5746913380635,16.888575357448268,390.4802816916547,101.29473653178832,0.0
0.1,843.5746913380635,16.89116985727476,388.1698239440863,101.32695436745666,0.0
0.1,848.5746913380635,16.893804444324807,385.97553226585234,101.35749103620486,0.0
0.1,853.5746913380635,16.896473623776618,383.8818792165017,101.3865711320368,0.0
0.1,858.5746913380635,16.89917263173896,381.87545085115966,101.41438922568898,0.0
0.1,863.5746913380635,16.901897337077948,379.94465665753,101.44111387124087,0.0
0.1,868.5746913380635,16.904644156669963,378.07947978403183,101.46689108129567,0.0
0.1,873.5746913380635,16.907409981919542,376.271261864363,101.49184734026971,0.0
0.1,878.5746913380635,16.91019211567617,374.51251754907446,101.51609221624756,0.0
0.1,883.5746913380635,16.912988217216448,372.79677459657927,101.53972062464715,0.0
0.1,888.5746913380635,16.915796254929713,371.118435942776,101.56281478944953,0.0
0.1,893.5746913380635,16.918614465299854,369.4726606914253,101.58544594231734,0.0
0.1,898.5746913380635,16.921441317272762,367.8552614077002,101.60767579439795,0.0
0.1,903.5746913380635,16.9242754814624,366.2626154508077,101.62955781108747,0.0
0.1,908.5746913380635,16.92711580361789,364.69158840909085,101.65113831600809,0.0
0.1,913.5746913380635,16.929961281259974,363.1394679825741,101.67245744717746,0.0
0.1,918.5746913380635,16.932811043873485,361.6039068583418,101.693549984904,0.0
0.1,923.5746913380635,16.935664335347077,360.0828733649976,101.71444606882687,0.0
0.1,928.5746913380635,16.938520499048575,358.57460882459014,101.7351718187557,0.0
0.1,933.5746913380635,16.941378964561533,357.0775907019088,101.75574987237707,0.0
0.1,938.5746913380635,16.94423923650035,355.5905007431672,101.77619985079917,0.0
0.1,943.5746913380635,16.94710088461433,354.11219743624486,101.7965387617748,0.0
0.1,948.5746913380635,16.949963535150502,352.6416922020847,101.81678134889108,0.0
0.1,953.5746913380635,16.952826863538093,351.1781288011544,101.83694039394675,0.0
0.1,958.5746913380635,16.95569058796055,349.72076552762917,101.8570269788438,0.0
0.1,963.5746913380635,16.9585544636993,348.2689598083452,101.87705071245801,0.0
0.1,968.5746913380635,16.961418278255355,346.82215488245555,101.89701992711463,0.0
0.1,973.5746913380635,16.964281847227845,345.37986827422327,101.91694184875877,0.0
0.1,978.5746913380635,16.967145010599175,343.9416818230165,101.93682274440323,0.0
0.1,983.5746913380635,16.97000762950272,342.50723305782,101.95666804986024,0.0
0.1,988.5746913380635,16.97286958351808,341.07620772931796,101.97648248038831,0.0
0.1,993.5746913380635,16.975730768325935,339.648333347891,101.9962701265502,0.0
0.1,998.5746913380635,16.978591093495403,338.22337359476455,102.01603453731565,0.0
0.1,1003.5746913380635,16.981450480693077,336.8011234809199,102.0357787920513,0.0
0.1,1008.5746913380635,16.984308862183116,335.3814051549374,102.05550556288642,0.0
0.1,1013.5746913380635,16.987166179412643,333.96406427653386,102.07521716879626,0.0
0.1,1018.5746913380635,16.99002238182502,332.5489668753956,102.09491562246319,0.0
0.1,1023.5746913380635,16.99287742578114,331.1359966331834,102.11460267090956,0.0
0.1,1028.5746913380635,16.995731273720473,329.72505252623915,102.13427983070022,0.0
0.1,1033.5746913380635,16.998583893330277,328.31604678734453,102.1539484184861,0.0
0.1,1038.5746913380635,17.00143525695637,326.90890313696747,102.17360957744302,0.0
0.1,1043.5746913380635,17.00428534082281,325.5035552567603,102.19326430029332,0.0
0.1,1048.5746913380635,17.0071341247252,324.0999454596767,102.21291344913493,0.0
0.1,1053.5746913380635,17.009981591465966,322.6980235443469,102.23255777273755,0.0
0.1,1058.5746913380635,17.012827726444733,321.2977457998585,102.25219792152768,0.0
0.1,1063.5746913380635,17.015672517469543,319.8990741403288,102.27183446052334,0.0
0.1,1068.5746913380635,17.018515954225375,318.50197536302255,102.29146788067158,0.0
0.1,1073.5746913380635,17.021358028229535,317.10642049578803,102.31109860856094,0.0
0.1,1078.5746913380635,17.02419873250094,315.7123842383658,102.33072701492512,0.0
0.1,1083.5746913380635,17.02703806137994,314.31984447566236,102.3503534219995,0.0
0.1,1088.5746913380635,17.029876010378864,312.92878185458153,102.36997810990647,0.0
0.1,1093.5746913380635,17.032712576028754,311.53917941960475,102.3896013221871,0.0
0.1,1098.5746913380635,17.035547755740943,310.1510222949365,102.4092232706231,0.0
0.1,1103.5746913380635,17.038381547667264,308.76429741120006,102.42884413940601,0.0
0.1,1108.5746913380635,17.04121395065974,307.37899326473354,102.44846408875895,0.0
0.1,1113.5746913380635,17.044044964221136,305.9950997106478,102.46808325805972,0.0
0.1,1118.5746913380635,17.04687458826507,304.6126077864567,102.48770176863513,0.0
0.1,1123.5746913380635,17.04970282322054,303.23150955333386,102.5073197260715,0.0
0.1,1128.5746913380635,17.052529669866768,301.85179796320875,102.52693722231095,0.0
0.1,1133.5746913380635,17.055355129420626,300.4734667386682,102.54655433740152,0.0
0.1,1138.5746913380635,17.058179203288812,299.0965102758661,102.56617114110918,0.0
0.1,1143.5746913380635,17.061001893229236,297.7209235518551,102.58578769421075,0.0
0.1,1148.5746913380635,17.063823201230317,296.3467020499559,102.60540404969498,0.0
0.1,1153.5746913380635,17.0666431294149,294.9738416945952,102.62502025380292,0.0
0.1,1158.5746913380635,17.069461680176143,293.6023387910259,102.6446363468508,0.0
0.1,1163.5746913380635,17.07227885604247,292.23218997680016,102.66425236405115,0.0
0.1,1168.5746913380635,17.075094659631826,290.86339217832034,102.68386833619377,0.0
0.1,1173.5746913380635,17.0779090937907,289.49594257112796,102.70348429016315,0.0
0.1,1178.5746913380635,17.080722161391954,288.1298385504291,102.72310024950866,0.0
0.1,1183.5746913380635,17.083533865447624,286.76507769977684,102.74271623484998,0.0
0.1,1188.5746913380635,17.08634420907715,285.4016577671764,102.76233226425734,0.0
0.1,1193.5746913380635,17.08915319545463,284.03957664423496,102.78194835360642,0.0
0.1,1198.5746913380635,17.09196082786693,282.67883234566756,102.80156451684707,0.0
0.1,1203.5746913380635,17.094767109608405,281.3194229962407,102.82118076627245,0.0
0.1,1208.5746913380635,17.097572044039044,279.9613468143962,102.84079711273273,0.0
0.1,1213.5746913380635,17.100375634682162,278.6046020977221,102.8604135657884,0.0
0.1,1218.5746913380635,17.103177884997407,277.24918721743666,102.88003013394655,0.0
0.1,1223.5746913380635,17.105978798533428,275.8951006057953,102.89964682475136,0.0
0.1,1228.5746913380635,17.108778378880416,274.54234074862734,102.91926364492844,0.0
0.1,1233.5746913380635,17.11157662965341,273.1909061786896,102.9388806005029,0.0
0.1,1238.5746913380635,17.114373554574478,271.8407954677898,102.95849769685759,0.0
0.1,1243.5746913380635,17.117169157343728,270.49200722423626,102.97811493886587,0.0
0.1,1248.5746913380635,17.11996344171877,269.1445400866683,102.99773233092714,0.0
0.1,1253.5746913380635,17.122756411490077,267.7983927197074,103.01734987705368,0.0
0.1,1258.5746913380635,17.125548070477187,266.45356381121087,103.03696758091547,0.0
0.1,1263.5746913380635,17.12833842252789,265.1100520692975,103.05658544588545,0.0
0.1,1268.5746913380635,17.131127471586815,263.7678562172678,103.07620347507492,0.0
0.1,1273.5746913380635,17.13391522152756,262.4269749958037,103.09582167140599,0.0
0.1,1278.5746913380635,17.136701676327267,261.0874071567609,103.11544003759866,0.0
0.1,1283.5746913380635,17.139486839975024,259.7491514634164,103.13505857622391,0.0
0.1,1288.5746913380635,17.14227071647074,258.41220668859887,103.15467728973039,0.0
0.1,1293.5746913380635,17.145053309931473,257.07657161184727,103.17429618042905,0.0
0.1,1298.5746913380635,17.147834624421655,255.7422450207331,103.193915250575,0.0
0.1,1303.5746913380635,17.150614664068694,254.40922570821758,103.2135345023359,0.0
0.1,1308.5746913380635,17.153393433029247,253.07751247165888,103.23315393782798,0.0
0.1,1313.5746913380635,17.156170935491126,251.7471041127464,103.25277355912215,0.0
0.1,1318.5746913380635,17.15894717569721,250.4179994360583,103.27239336824539,0.0
0.1,1323.5746913380635,17.16172215790088,249.0901972489393,103.29201336721434,0.0
0.1,1328.5746913380635,17.164495886389254,247.76369636079534,103.31163355802761,0.0
0.1,1333.5746913380635,17.16726836553845,246.43849558110858,103.3312539426704,0.0
0.1,1338.5746913380635,17.170039599689492,245.11459372220128,103.35087452314218,0.0
0.1,1343.5746913380635,17.1728095932628,243.79198959572747,103.37049530144543,0.0
0.1,1348.5746913380635,17.175578350712026,242.47068201379963,103.39011627959076,0.0
0.1,1353.5746913380635,17.17834587653049,241.15066978821147,103.4097374596135,0.0
0.1,1358.5746913380635,17.181112175242912,239.83195173046914,103.42935884357308,0.0
0.1,1363.5746913380635,17.183877251421055,238.51452665094965,103.44898043355761,0.0
0.1,1368.5746913380635,17.186641109694207,237.19839335897478,103.46860223168028,0.0
0.1,1373.5746913380635,17.189403754716896,235.88355066230315,103.4882242401049,0.0
0.1,1378.5746913380635,17.192165191193432,234.56999736768728,103.5078464610205,0.0
0.1,1383.5746913380635,17.19492542388413,233.25773227923534,103.52746889666764,0.0
0.1,1388.5746913380635,17.197684457583755,231.94675419939742,103.54709154933511,0.0
0.1,1393.5746913380635,17.200442297138885,230.6370619283672,103.56671442135956,0.0
0.1,1398.5746913380635,17.203198947449625,229.32865426364958,103.5863375151306,0.0
0.1,1403.5746913380635,17.205954413472508,228.021529999983,103.60596083309179,0.0
0.1,1408.5746913380635,17.2087087002018,226.71568792955614,103.62558437774845,0.0
0.1,1413.5746913380635,17.211461812718262,225.4111268405098,103.64520815166401,0.0
0.1,1418.5746913380635,17.214213756116038,224.10784551881704,103.66483215747235,0.0
0.1,1423.5746913380635,17.21696453558735,222.80584274592016,103.68445639786734,0.0
0.1,1428.5746913380635,17.21971415634491,221.50511730055288,103.70408087562157,0.0
0.1,1433.5746913380635,17.222462623688706,220.20566795672855,103.72370559357392,0.0
0.1,1438.5746913380635,17.225209942977948,218.90749348449324,103.74333055464132,0.0
0.1,1443.5746913380635,17.227956119632086,217.61059264966207,103.76295576181752,0.0
0.1,1448.5746913380635,17.230701159132117,216.31496421351372,103.7825812181843,0.0
0.1,1453.5746913380635,17.23344506703286,215.02060693242265,103.80220692690267,0.0
0.1,1458.5746913380635,17.236187848956458,213.72751955798552,103.82183289122383,0.0
0.1,1463.5746913380635,17.23892951061233,212.43570083589677,103.84145911448786,0.0
0.1,1468.5746913380635,17.241670057751783,211.1451495073221,103.86108560013668,0.0
0.1,1473.5746913380635,17.24440949624143,209.85586430651477,103.88071235170298,0.0
0.1,1478.5746913380635,17.247147831973436,208.56784396365592,103.90033937282698,0.0
0.1,1483.5746913380635,17.249885071029773,207.28108719957424,103.91996666723162,0.0
0.1,1488.5746913380635,17.25262121946104,205.9955927311447,103.93959423878152,0.0
0.1,1493.5746913380635,17.255356283451896,204.71135926764336,103.95922209143788,0.0
0.1,1498.5746913380635,17.25809026927144,203.42838551112712,103.97885022928199,0.0
0.1,1503.5746913380635,17.260823183268887,202.14667015656826,103.99847865652117,0.0
0.1,1508.5746913380635,17.26355503191279,200.86621189062276,104.01810737747763,0.0
0.1,1513.5746913380635,17.266285821771188,199.58700939184598,104.0377363966063,0.0
0.1,1518.5746913380635,17.26901555945382,198.30906133161142,104.05736571851514,0.0
0.1,1523.5746913380635,17.27174425173693,197.0323663711555,104.07699534793102,0.0
0.1,1528.5746913380635,17.27447190551006,195.7569231624446,104.09662528972802,0.0
0.1,1533.5746913380635,17.277198527730533,194.48273034882618,104.11625554893953,0.0
0.1,1538.5746913380635,17.279924125479322,193.20978656349354,104.13588613075677,0.0
0.1,1543.5746913380635,17.282648705975706,191.93809042864362,104.15551704052558,0.0
0.1,1548.5746913380635,17.2853722765558,190.6676405558883,104.17514828376432,0.0
0.1,1553.5746913380635,17.288094844625398,189.39843554657705,104.19477986618205,0.0
0.1,1558.5746913380635,17.2908164178794,188.13047398754324,104.21441179361233,0.0
0.1,1563.5746913380635,17.293537003964264,186.86375445629432,104.23404407214929,0.0
0.1,1568.5746913380635,17.296256610753776,185.59827551602916,104.25367670804877,0.0
0.1,1573.5746913380635,17.298975246255,184.33403571684272,104.27330970777456,0.0
0.1,1578.5746913380635,17.30169291861043,183.07103359498757,104.2929430780074,0.0
0.1,1583.5746913380635,17.304409636136203,181.80926767208203,104.31257682563802,0.0
0.1,1588.5746913380635,17.307125407296994,180.54873645433824,104.33221095779828,0.0
0.1,1593.5746913380635,17.309840240721414,179.28943843232156,104.35184548185424,0.0
0.1,1598.5746913380635,17.31255414520314,178.0313720801496,104.37148040542297,0.0
0.1,1603.5746913380635,17.315267129735037,176.7745358542485,104.39111573637246,0.0
0.1,1608.5746913380635,17.317979203428425,175.51892819416148,104.41075148286387,0.0
0.1,1613.5746913380635,17.32069037569377,174.26454751853944,104.43038765329959,0.0
0.1,1618.5746913380635,17.323400656046395,173.0113922280908,104.45002425640865,0.0
0.1,1623.5746913380635,17.32611005424226,171.75946070216696,104.46966130121268,0.0
0.1,1628.5746913380635,17.328818580249344,170.5087512987137,104.48929879704986,0.0
0.1,1633.5746913380635,17.33152624419571,169.2592623540822,104.508936753613,0.0
0.1,1638.5746913380635,17.33423305652297,168.01099217989736,104.5285751809098,0.0
0.1,1643.5746913380635,17.336939027866226,166.76393906358234,104.54821408932725,0.0
0.1,1648.5746913380635,17.339644169075665,165.5181012677479,104.56785348963825,0.0
0.1,1653.5746913380635,17.342348491302825,164.27347702717307,104.58749339299436,0.0
0.1,1658.5746913380635,17.345052005952713,163.0300645485718,104.60713381096627,0.0
0.1,1663.5746913380635,17.347754724685064,161.78786200962674,104.62677475556143,0.0
0.1,1668.5746913380635,17.350456659447364,160.54686755720812,104.64641623923791,0.0
0.1,1673.5746913380635,17.353157822478206,159.30707930598027,104.66605827492918,0.0
0.1,1678.5746913380635,17.355858226380978,158.06849533581675,104.68570087604036,0.0
0.1,1683.5746913380635,17.358557883968793,156.8311136928143,104.70534405654018,0.0
0.1,1688.5746913380635,17.361256808475684,155.59493238465492,104.72498783090373,0.0
0.1,1693.5746913380635,17.363955013461876,154.35994938038084,104.74463221418495,0.0
0.1,1698.5746913380635,17.36665251279619,153.1261626090628,104.76427722204977,0.0
0.1,1703.5746913380635,17.369349320805146,151.89356995519117,104.78392287077071,0.0
0.1,1708.5746913380635,17.372045452094014,150.6621692609202,104.80356917729904,0.0
0.1,1713.5746913380635,17.37474092180667,149.43195831838023,104.82321615924678,0.0
0.1,1718.5746913380635,17.377435745426904,148.20293487145472,104.8428638349734,0.0
0.1,1723.5746913380635,17.380129938977177,146.9750966102115,104.86251222357157,0.0
0.1,1728.5746913380635,17.382823518764255,145.74844117320941,104.88216134499356,0.0
0.1,1733.5746913380635,17.385516501711976,144.5229661390601,104.90181121998683,0.0
0.1,1738.5746913380635,17.388208905216324,143.29866902595927,104.92146187019847,0.0
0.1,1743.5746913380635,17.390900747205862,142.07554728836007,104.94111331820892,0.0
0.1,1748.5746913380635,17.393592046159206,140.85359831336888,104.96076558757943,0.0
0.1,1753.5746913380635,17.396282821100623,139.63281941777754,104.98041870292201,0.0
0.1,1758.5746913380635,17.398973091721512,138.41320784299467,105.00007268991129,0.0
0.1,1763.5746913380635,17.40166287824652,137.19476075230668,105.01972757542865,0.0
0.1,1766.5355008060146,17.40325561029387,136.47373508888325,105.03136775536348,0.0
0.2,492.267073259448,9.339018393849706,151717.3721560253,61.445765453742524,0.02508586227626869
0.2,492.36707325944803,9.39480215542107,146223.09023541494,61.705298928337186,0.02673814605344902
0.2,492.46707325944806,9.44652356384697,140935.4846152013,62.035432317153834,0.02846212174554829
0.2,492.5670732594481,9.495442203630285,135839.34486597744,62.42014747720566,0.03022857999359384
0.2,492.6670732594481,9.542000448801382,130923.76629816537,62.84805807303718,0.03201991663742444
0.2,492.7670732594481,9.586445514658752,126181.16581602131,63.30969007357794,0.033822278273158424
0.2,492.86707325944815,9.628953432885954,121605.54266558471,63.79681238087949,0.03562364846253592
0.2,492.96707325944817,9.669667681161098,117191.64401563082,64.302206269431,0.037413379758929936
0.2,493.0670732594482,9.708714302619013,112934.51892885428,64.81958285551639,0.03918213590673854
0.2,493.1670732594482,9.746208505372687,108829.26990360497,65.34354923284161,0.040921947228883204
0.2,493.26707325944824,9.782257603380826,104870.92453269527,65.86958050655392,0.04262626467758708
0.2,493.36707325944826,9.816962239403969,101054.38790799429,66.39397839874937,0.044289963294407236
0.2,493.4670732594483,9.850416796209002,97374.44991250166,66.91381011851894,0.0459092799784984
0.2,493.5670732594483,9.882709464172871,93825.82724501342,67.42682933249392,0.04748169180138512
0.2,493.66707325944833,9.913922491132874,90403.17649780215,67.93136623337756,0.049005729671711996
0.2,493.76707325944835,9.944132555565272,87101.09518921774,68.42620875400814,0.05048077355743768
0.2,493.8670732594484,9.973410694802539,83914.21169615576,68.91052645948082,0.05190690087801172
0.2,493.9670732594484,10.001822102784828,80837.30705669118,69.38381764735783,0.053284754096836584
0.2,494.0670732594484,10.02942610377118,77865.40988120953,69.84585715976311,0.05461540780470467
0.2,494.16707325944844,10.05627624382462,74993.87189424872,70.29664932296197,0.05590025238208644
0.2,494.26707325944847,10.082420473075906,72218.42571520792,70.73638760938036,0.0571408972909082
0.2,494.3670732594485,10.1079014108372,69535.22334890543,71.16542003103746,0.05833909213072242
0.2,494.4670732594485,10.132756699379254,66940.85173353982,71.58421784617843,0.05949666182696571
0.2,494.56707325944853,10.157019460014986,64432.32050017331,71.99334466361859,0.060615452122370274
0.2,494.66707325944856,10.180718863859699,62007.017519103,72.39342337608582,0.06169728240169722
0.2,494.7670732594486,10.20388081500569,59662.63095057306,72.7850996530446,0.06274390460768327
0.2,494.8670732594486,10.226528715154304,57397.04289036846,73.16900293292747,0.0637569692141168
0.2,494.9670732594486,10.248684240691098,55208.208690791245,73.54570863694079,0.06473800130117796
0.2,495.06707325944865,10.270368030206704,53094.044718915895,73.91570771165408,0.06568839063750004
0.2,495.16707325944867,10.291600173818676,51052.350746370765,74.27939015535719,0.0666093982137113
0.2,495.2670732594487,10.312400433161338,49080.7864883941,74.63704665553075,0.06750217759310853
0.2,495.3670732594487,10.332788198900081,47176.90465404725,74.9888870964499,0.0683678043023557
0.2,495.46707325944874,10.352782277225353,45338.22229483613,75.33506886944235,0.06920730343446502
0.2,495.56707325944876,10.37240063995262,43562.29996742279,75.67572509592941,0.07002166731625648
0.2,495.6670732594488,10.391660252257939,41846.79785923904,76.01099848669332,0.07081180498989813
0.2,495.7670732594488,10.41057703706429,40189.46853933508,76.34117218081082,0.07157795878521589
0.2,495.86707325944883,10.429165755366022,38588.24270433255,76.66638210939607,0.07232058714826554
0.2,495.96707325944885,10.44744019971672,37041.197086916916,76.98676041811433,0.07304046708435523
0.2,496.0670732594489,10.465413290627657,35546.54441618643,77.30244977994812,0.07373838208622754
0.2,496.1670732594489,10.483097152930975,34102.632311385416,77.61360635550375,0.07441508780950307
0.2,496.2670732594489,10.500503170969646,32707.95686681351,77.92040704993457,0.07507131267191673
0.2,497.02262690873397,10.618412149043154,24431.722969644306,79.98838507773542,0.07905919844442483
0.2,497.072626908734,10.626075981935449,23942.735204272252,80.14142354829016,0.07934656097498038
0.2,497.172626908734,10.64117085794066,22992.11731038065,80.44309327000127,0.07986380895731272
0.2,497.272626908734,10.65604531381624,22069.765955422175,80.74008391519249,0.08036461481304233
0.2,497.37262690873405,10.670711441459062,21173.93878589907,81.03217331702422,0.08085200524096581
0.2,497.47262690873407,10.685179634010987,20303.428877714785,81.3193478722128,0.08132659936194071
0.2,497.5726269087341,10.699459206934893,19457.356548519634,81.60168556964908,0.0817887773359082
0.2,497.6726269087341,10.713558742888502,18635.053884571378,81.87931658585086,0.08223887803474617
0.2,497.77262690873414,10.727486294305596,17835.996714473353,82.15240244878527,0.08267722113216025
0.2,497.87262690873416,10.741249510335026,17059.761574958262,82.42112318651556,0.08310411124345536
0.2,497.9726269087342,10.754855720222892,16305.997052967588,82.68566891686811,0.0835198393754693
0.2,498.0726269087342,10.768311990094618,15574.403948509062,82.94623415726306,0.08392468367479265
0.2,498.17262690873423,10.7816251627686,14864.721108701753,83.20301388742342,0.08431890992162061
0.2,498.27262690873425,10.794801886362626,14176.715047374368,83.45620078359389,0.08470277192744576
0.2,498.3726269087343,10.807848635281792,13510.172161963517,83.70598325573889,0.0850765118994447
0.2,498.4726269087343,10.820771725890696,12864.892777194931,83.95254404716763,0.0854403607988636
0.2,498.5726269087343,10.833577328380976,12240.686499043879,84.19605923433704,0.08579453870328209
0.2,498.67262690873434,10.846271475844382,11637.36852341144,84.4366975144817,0.08613925517490892
0.2,498.77262690873437,10.858860071235924,11054.756652202439,84.6746197024803,0.0864747096347594
0.2,498.8726269087344,10.87134889269269,10492.66883760138,84.90997837978881,0.0868010917400095
0.2,498.9726269087344,10.883743597526616,9950.92112853134,85.14291765502844,0.08711858176343096
0.2,499.07262690873443,10.896049725109865,9429.325924737412,85.373573005857,0.08742735097231424
0.2,499.17262690873446,10.908272698797346,8927.69046663903,85.60207117900387,0.08772756200463876
0.2,499.2726269087345,10.920417826984371,8445.81551186752,85.82853013263133,0.0880193692425402
0.2,499.3726269087345,10.93249030336004,7983.494157605096,86.05305900788909,0.08830291918102048
0.2,499.4726269087345,10.944495206388828,7540.510776649121,86.2757581193647,0.08857835079086149
0.2,500.3751523599077,11.048421777122076,4712.765000598797,88.09757720560663,0.09047123868358659
0.2,501.0616174255933,11.1265174447607,3241.2025495941,89.41776286458412,0.09160922420546375
0.2,501.5913115960402,11.186657728353678,2462.4285662039956,90.39783242964967,0.09231624004859812
0.2,502.0035180018054,11.233513555550903,2041.0968288565853,91.13364743039335,0.09276680094045371
0.2,502.32621292548185,11.270248455022514,1806.3838892764252,91.69021859658346,0.09306027789021387
0.2,502.5799208132352,11.299154323209478,1670.7447003827974,92.1138173071758,0.09325527729865925
0.2,502.7799999876964,11.321952541174342,1588.916937154841,92.43802607122058,0.09338727830433578
0.2,502.9381227084186,11.33996185254544,1537.201552305276,92.68745726718578,0.09347822550660567
0.2,503.0632694103219,11.35420409176986,1502.9705897093982,92.88027356347811,0.09354194809759343
0.2,503.162414555645,11.36547653062835,1479.3353379766202,93.02996396960935,0.09358731014864105
0.2,503.2410120712337,11.374404025263063,1462.4224503868934,93.14661255792237,0.09362008475668011
0.2,503.3033476647095,11.381477810433132,1449.9719413412593,93.23780917732984,0.09364409063087477
0.2,503.35280038031226,11.387084926208093,1440.6080640912758,93.30930512153395,0.09366189275577073
0.2,503.392040459335,11.391530817449858,1433.4547501465909,93.36548692112365,0.09367524057180056
0.2,503.4231812104733,11.395056834572559,1427.9289252574772,93.40972047827444,0.09368534561364876
0.2,503.44789683221455,11.397853865027225,1423.6266663752513,93.44460267238827,0.09369305962515637
0.2,503.4675145124605,11.400072996158148,1420.2585347530714,93.47214671918982,0.09369899023381185
0.2,503.4830867942646,11.401833882546132,1417.6114674684613,93.49391984556252,0.09370357701278068
0.2,503.49544863395136,11.403231328071072,1415.5253747132426,93.51114639793758,0.09370714214103365
0.2,503.5052624932606,11.404340473422543,1413.8781354264495,93.52478568559297,0.09370992459728268
0.2,503.5130540293384,11.405220890613412,1412.5755670284277,93.53559119259376,0.09371210356030017
0.2,503.51924037148666,11.405919818614429,1411.5444626197902,93.54415592582723,0.09371381465057059
0.2,503.52415253820106,11.406474722732137,1410.7276006803359,93.55094735620884,0.09371516136501244
0.2,503.5280532198928,11.40691532062706,1410.0800755204855,93.55633448309476,0.09371622324145855
0.2,503.53115088769744,11.40726518717471,1409.566544845431,93.56060889263551,0.09371706176808141
0.2,503.53361099058145,11.40754302633577,1409.1591342903826,93.56400120476496,0.09371772471581577
0.2,503.53556484278664,11.407763679449834,1408.8358246116911,93.56669395812412,0.0937182493522746
0.2,503.53711667669273,11.407938924673779,1408.5792005761546,93.56883172866907,0.09371866485119248
0.2,503.53834923869834,11.408078110777808,1408.3754750359421,93.57052909016028,0.09371899411543319
0.2,503.5393282276134,11.408188659532179,1408.213724674621,93.57187688527682,0.09371925516721975
0.2,503.5401058140562,11.40827646387368,1408.0852898090293,93.57294717125075,0.09371946221550567
0.2,503.5407234309157,11.408346203478096,1407.983301986939,93.57379712411449,0.09371962648024719
0.2,503.541213986187,11.408401594928804,1407.9023114783079,93.5744721239837,0.09371975683217088
0.2,503.5416036183298,11.408445590115296,1407.8379930638146,93.57500819568457,0.09371986029151966
0.2,503.5419130893053,11.408480533647891,1407.7869133402764,93.57543394129766,0.09371994241832272
0.2,503.54310788484054,11.408615438391921,1407.5897855006183,93.57707709203805,0.09372025875041685
0.2,508.54310788484054,11.912036838420086,1071.1459956670599,96.44997074341097,0.09054178130633585
0.2,513.5431078848405,12.36313711072869,928.4968077441681,97.65819909009087,0.0858069440630843
0.2,518.5431078848405,12.770082985927802,855.7230776154967,98.17127575611516,0.08068190353504073
0.2,523.5431078848405,13.139446747321976,812.0243092830959,98.39240710428851,0.07561720793262625
0.2,528.5431078848405,13.476523660704872,781.7387404885761,98.4900220807861,0.07077383105197048
0.2,533.5431078848405,13.785609174897829,758.3312812178133,98.53499915595285,0.06619677144039395
0.2,538.5431078848405,14.070219590026262,738.8984440345685,98.5573853866938,0.06188598684740724
0.2,543.5431078848405,14.33326236602252,722.0613589715726,98.57000506702468,0.05782532051888166
0.2,548.5431078848405,14.577165882267773,707.108278567699,98.57836613197395,0.053994125559985506
0.2,553.5431078848405,14.803978060277906,693.632594903651,98.58484894008768,0.050371756296890106
0.2,558.5431078848405,15.015441610478033,681.375552769296,98.59048890918444,0.04693913921660423
0.2,563.5431078848405,15.213051871261996,670.155702019489,98.59573988898137,0.0436791752800001
0.2,568.5431078848405,15.398101682635593,659.8359205626966,98.60080289445744,0.04057669841712192
0.2,573.5431078848405,15.571782284549549,650.284422974863,98.60601404384414,0.03761771047170579
0.2,578.5431078848405,15.735140566716415,641.4014899799841,98.61150611733405,0.034789576943254186
0.2,583.5431078848405,15.889027987461256,633.1319378159101,98.61705621324916,0.0320815998389239
0.2,588.5431078848405,16.03419724403477,625.4198751660264,98.62257966692584,0.029484418009626763
0.2,593.5431078848405,16.171318280502433,618.2134678820609,98.62804672404872,0.026989708810906492
0.2,598.5431078848405,16.300990514673387,611.4661076266519,98.63344986654465,0.024590004136412408
0.2,603.5431078848405,16.423752622247783,605.1363449380024,98.63879045324893,0.022278561270590618
0.2,608.5431078848405,16.540090568517943,599.1874271070255,98.64407311298584,0.020049264231631277
0.2,613.5431078848405,16.65044430348981,593.5867470773763,98.6493033790947,0.017896544523002874
0.2,618.5431078848405,16.755213401110076,588.3053131675113,98.65448671703973,0.015815315556092734
0.2,623.5431078848405,16.854761846411403,583.3172747943624,98.65962815795632,0.013800917384333852
0.2,628.5431078848405,16.949422125352445,578.5995108155997,98.66473219393436,0.011849069564030021
0.2,633.5431078848405,17.039498738225213,574.1312766430902,98.66980278233524,0.009955830601998717
0.2,638.5431078848405,17.125271232764877,569.8939030148407,98.67484339144681,0.008117562840527101
0.2,643.5431078848405,17.206996834428804,565.8705389167836,98.67985705780814,0.006330901887508371
0.2,648.5431078848405,17.284912736866595,562.0459317685693,98.68484644293011,0.004592729880551458
0.2,653.5431078848405,17.359238104269263,558.4062389317028,98.68981388471025,0.002900152008122073
0.2,658.5431078848405,17.4301758282596,554.9388655302881,98.6947614423234,0.0012504758135035115
0.2,662.4071696343968,17.483055467905128,552.3585293988579,98.6985758563498,0.0
0.2,667.4071696343968,17.483549667942828,528.191435245399,99.01703722144981,0.0
0.2,672.4071696343968,17.48412568889465,507.9115866892457,99.28779768815394,0.0
0.2,677.4071696343968,17.484776066305574,490.7818288687835,99.51903912946364,0.0
0.2,682.4071696343968,17.485493588655523,476.2402058382052,99.71719093625535,0.0
0.2,687.4071696343968,17.486271215276528,463.83984200881804,99.88751054313337,0.0
0.2,692.4071696343968,17.487102190175996,453.2184654578119,100.03437396785694,0.0
0.2,697.4071696343968,17.48798015857992,444.07938725269736,100.16145141440882,0.0
0.2,702.4071696343968,17.488899248316102,436.178125062846,100.27183121791978,0.0
0.2,707.4071696343968,17.489854113094495,429.3123616522197,100.36811590070778,0.0
0.2,712.4071696343968,17.490839944184984,423.3141352175821,100.4525001732951,0.0
0.2,717.4071696343968,17.491911135607573,418.00685460378713,100.5273250174489,0.0
0.2,722.4071696343968,17.493151900540347,413.22479272688383,100.5948073849176,0.0
0.2,727.4071696343968,17.49453931363186,408.8962942034077,100.65591763509889,0.0
0.2,732.4071696343968,17.496053537285473,404.9595230433592,100.71150092347256,0.0
0.2,737.4071696343968,17.49767742075387,401.3611680802902,100.76229175931223,0.0
0.2,742.4071696343968,17.499396136014404,398.05527157145434,100.80892781639898,0.0
0.2,747.4071696343968,17.50119685891745,395.00220561729844,100.85196237662376,0.0
0.2,752.4071696343968,17.503068493661935,392.16778893846225,100.89187532247348,0.0
0.2,757.4071696343968,17.505001435728808,389.5225280070876,100.9290827672495,0.0
0.2,762.4071696343968,17.50698736797629,387.0409657154853,100.9639454593725,0.0
0.2,767.4071696343968,17.5090190854425,384.70112224841165,100.99677610192191,0.0
0.2,772.4071696343968,17.51109034443927,382.48401483323084,101.02784571962252,0.0
0.2,777.4071696343968,17.513195732670383,380.37324494708,101.05738919246511,0.0
0.2,782.4071696343968,17.5153305571079,378.35464326586026,101.08561006201501,0.0
0.2,787.4071696343968,17.51749074736291,376.4159640786278,101.11268470374597,0.0
0.2,792.4071696343968,17.519672772360543,374.54662211979576,101.13876594752116,0.0
0.2,797.4071696343968,17.521873568067445,372.7374658231039,101.16398621819422,0.0
0.2,802.4071696343968,17.524090475251352,370.9805818552948,101.18846025898637,0.0
0.2,807.4071696343968,17.526321185502304,369.26912655257996,101.2122874925962,0.0
0.2,812.4071696343968,17.528563694615634,367.5971804960368,101.23555406778888,0.0
0.2,817.4071696343968,17.530816262193834,365.9596230159629,101.2583346330203,0.0
0.2,822.4071696343968,17.533077376705997,364.35202385562826,101.28069387335455,0.0
0.2,827.4071696343968,17.535345725088444,362.7705496286222,101.30268784213041,0.0
0.2,832.4071696343968,17.53762016660187,361.21188302461167,101.32436511459366,0.0
0.2,837.4071696343968,17.539899710006225,359.67315301672664,101.34576778735004,0.0
0.2,842.4071696343968,17.542183493812274,358.1518745571033,101.3669323441365,0.0
0.2,847.4071696343968,17.54447076922649,356.645896461176,101.38789040576813,0.0
0.2,852.4071696343968,17.546760885273827,355.1533563630641,101.40866937977125,0.0
0.2,857.4071696343968,17.549053275909216,353.67264177761035,101.42929302309528,0.0
0.2,862.4071696343968,17.551347448877234,352.20235642984625,101.44978192956285,0.0
0.2,867.4071696343968,17.55364297594604,350.74129114797364,101.47015395207944,0.0
0.2,872.4071696343968,17.55593948463585,349.28839868142063,101.49042456836929,0.0
0.2,877.4071696343968,17.55823665074236,347.84277193025326,101.51060719784823,0.0
0.2,882.4071696343968,17.560534192081143,346.40362510703693,101.53071347607812,0.0
0.2,887.4071696343968,17.56283186299024,344.9702774417383,101.55075349254639,0.0
0.2,892.4071696343968,17.565129449475283,343.54213908547445,101.57073599668689,0.0
0.2,897.4071696343968,17.567426765192486,342.1186989082214,101.59066857633746,0.0
0.2,902.4071696343968,17.569723647673108,340.69951394718413,101.61055781241879,0.0
0.2,907.4071696343968,17.572019955315444,339.2842002674098,101.63040941291155,0.0
0.2,912.4071696343968,17.574315564579027,337.8724250574144,101.65022832899126,0.0
0.2,917.4071696343968,17.576610367642495,336.46389978411673,101.67001885564287,0.0
0.2,922.4071696343968,17.578904270361775,335.05837426883545,101.68978471885453,0.0
0.2,927.4071696343968,17.581197190534013,333.6556315554918,101.70952915120591,0.0
0.2,932.4071696343968,17.58348905617002,332.2554834750057,101.72925495740293,0.0
0.2,937.4071696343968,17.585779804306156,330.85776679650303,101.74896457102159,0.0
0.2,942.4071696343968,17.588069379860375,329.4623398958213,101.76866010373828,0.0
0.2,947.4071696343968,17.59035773445391,328.0690798769266,101.78834338802551,0.0
0.2,952.4071696343968,17.592644825626152,326.6778800716654,101.8080160141302,0.0
0.2,957.4071696343968,17.594930615996734,325.28864787827666,101.82767936216823,0.0
0.2,962.4071696343968,17.597215072686318,323.9013028856516,101.84733462991369,0.0
0.2,967.4071696343968,17.599498166658112,322.5157752522903,101.86698285693308,0.0
0.2,972.4071696343968,17.601779872217193,321.13200429969714,101.88662494550573,0.0
0.2,977.4071696343968,17.604060166649017,319.74993729127965,101.90626167875797,0.0
0.2,982.4071696343968,17.606339029703577,318.36952838159164,101.92589373640067,0.0
0.2,987.4071696343968,17.608616443298978,316.99073769926554,101.94552170839279,0.0
0.2,992.4071696343968,17.61089239131223,315.6135305532157,101.96514610674785,0.0
0.2,997.4071696343968,17.61316685927769,314.2378767459025,101.98476737582553,0.0
0.2,1002.4071696343968,17.615439834127315,312.8637499793539,102.00438590124872,0.0
0.2,1007.4071696343968,17.61771130403627,311.49112733749143,102.02400201763226,0.0
0.2,1012.4071696343968,17.619981258232006,310.1199888396874,102.04361601529195,0.0
0.2,1017.4071696343968,17.622249686913623,308.75031705087156,102.06322814605892,0.0
0.2,1022.4071696343968,17.624516580999153,307.3820967493534,102.08283862834435,0.0
0.2,1027.4071696343967,17.626781932118202,306.01531463027425,102.10244765153692,0.0
0.2,1032.4071696343967,17.629045732463194,304.6499590566209,102.1220553797848,0.0
0.2,1037.4071696343967,17.631307974833415,303.28601983527403,102.14166195529168,0.0
0.2,1042.4071696343967,17.633568652297786,301.9234880329882,102.16126750124857,0.0
0.2,1047.4071696343967,17.635827758411274,300.56235580621313,102.18087212424263,0.0
0.2,1052.4071696343967,17.63808528694365,299.20261626086693,102.20047591649472,0.0
0.2,1057.4071696343967,17.640341231978677,297.8442633272571,102.22007895767518,0.0
0.2,1062.4071696343967,17.642595587838933,296.48729165115384,102.23968131655869,0.0
0.2,1067.4071696343967,17.644848348919307,295.1316965046351,102.25928305246907,0.0
0.2,1072.4071696343967,17.64709950986428,293.7774736991136,102.27888421646128,0.0
0.2,1077.4071696343967,17.64934906536098,292.4246195194615,102.29848485243252,0.0
0.2,1082.4071696343967,17.651597010261906,291.07313066040376,102.31808499800331,0.0
0.2,1087.4071696343967,17.653843339344963,289.7230041779494,102.33768468538312,0.0
0.2,1092.4071696343967,17.656088047559887,288.3742374371185,102.35728394201254,0.0
0.2,1097.4071696343967,17.658331129847944,287.02682807623535,102.37688279119868,0.0
0.2,1102.4071696343967,17.660572581140606,285.68077397199556,102.39648125264813,0.0
0.2,1107.4071696343967,17.66281239636125,284.33607320868794,102.41607934292301,0.0
0.2,1112.4071696343967,17.6650505704887,282.99272405100066,102.43567707581406,0.0
0.2,1117.4071696343967,17.66728709840618,281.65072492409064,102.45527446273007,0.0
0.2,1122.4071696343967,17.669521974976206,280.3100743925358,102.47487151297065,0.0
0.2,1127.4071696343967,17.671755195050906,278.9707711426018,102.49446823398398,0.0
0.2,1132.4071696343967,17.67398675342242,277.6328139686123,102.51406463160907,0.0
0.2,1137.4071696343967,17.676216644777874,276.29620176071614,102.53366071027637,0.0
0.2,1142.4071696343967,17.67844486377722,274.9609334923374,102.5532564731605,0.0
0.2,1147.4071696343967,17.680671404993255,273.62700821151395,102.57285192234338,0.0
0.2,1152.4071696343967,17.68289626294889,272.2944250318714,102.59244705892468,0.0
0.2,1157.4071696343967,17.685119432072007,270.9631831259006,102.61204188315367,0.0
0.2,1162.4071696343967,17.68734090670202,269.6332817187919,102.63163639451949,0.0
0.2,1167.4071696343967,17.689560681080245,268.3047200830521,102.65123059183486,0.0
0.2,1172.4071696343967,17.691778749372727,266.97749753328293,102.67082447330455,0.0
0.2,1177.4071696343967,17.69399510562703,265.651613423027,102.69041803659502,0.0
0.2,1182.4071696343967,17.696209743802207,264.3270671404839,102.71001127888212,0.0
0.2,1187.4071696343967,17.698422657749028,263.00385810613676,102.72960419690259,0.0
0.2,1192.4071696343967,17.700633841216515,261.6819857695628,102.74919678699132,0.0
0.2,1197.4071696343967,17.702843287821036,260.3614496082557,102.76878904512216,0.0
0.2,1202.4071696343967,17.70505099108863,259.0422491244348,102.78838096692857,0.0
0.2,1207.4071696343967,17.707256944426494,257.7243838442353,102.80797254773205,0.0
0.2,1212.4071696343967,17.709461141011364,256.4078533183977,102.82756378259933,0.0
0.2,1217.4071696343967,17.711663574062893,255.09265711599124,102.84715466627244,0.0
0.2,1222.4071696343967,17.713864236576356,253.7787948278889,102.86674519327539,0.0
0.2,1227.4071696343967,17.716063121446275,252.4662660642614,102.8863353578767,0.0
0.2,1232.4071696343967,17.718260221390207,251.15507045479495,102.90592515413266,0.0
0.2,1237.4071696343967,17.7204555290326,249.84520764712454,102.92551457585802,0.0
0.2,1242.4071696343967,17.722649036827207,248.5366773070704,102.9451036166709,0.0
0.2,1247.4071696343967,17.724840737097207,247.22947911819992,102.96469226997056,0.0
0.2,1252.4071696343967,17.727030622020038,245.92361278157884,102.98428052895247,0.0
0.2,1257.4071696343967,17.729218683593466,244.6190780161993,103.0038683866207,0.0
0.2,1262.4071696343967,17.731404913685537,243.3158745572829,103.02345583578,0.0
0.2,1267.4071696343967,17.733589303991206,242.01400215858214,103.0430428690313,0.0
0.2,1272.4071696343967,17.7357718460482,240.71346059038905,103.06262947878446,0.0
0.2,1277.4071696343967,17.73795253121314,239.41424964088347,103.08221565725506,0.0
0.2,1282.4071696343967,17.740131350711106,238.11636911493636,103.10180139645297,0.0
0.2,1287.4071696343967,17.742308295562378,236.81981883588134,103.12138668819381,0.0
0.2,1292.4071696343967,17.744483356606384,235.52459864480613,103.14097152409738,0.0
0.2,1297.4071696343967,17.74665652451507,234.23070840101542,103.16055589556817,0.0
0.2,1302.4071696343967,17.748827789746,232.9381479826339,103.18013979381715,0.0
0.2,1307.4071696343967,17.750997142597356,231.64691728582181,103.19972320983538,0.0
0.2,1312.4071696343967,17.753164573145742,230.35701622640207,103.21930613440605,0.0
0.2,1317.4071696343967,17.755330071275047,229.06844473966865,103.23888855809054,0.0
0.2,1322.4071696343967,17.75749362667021,227.78120278048897,103.25847047122562,0.0
0.2,1327.4071696343967,17.759655228804263,226.49529032404564,103.27805186391964,0.0
0.2,1332.4071696343967,17.761814866950242,225.210707365954,103.29763272604413,0.0
0.2,1337.4071696343967,17.763972530113236,223.9274539239494,103.31721304724249,0.0
0.2,1342.4071696343967,17.76612820712553,222.64553003645085,103.33679281689717,0.0
0.2,1347.4071696343967,17.768281886554526,221.36493576455607,103.35637202414853,0.0
0.2,1352.4071696343967,17.770433556753815,220.08567119177502,103.37595065787127,0.0
0.2,1357.4071696343967,17.77258320583081,218.80773642454795,103.3955287066778,0.0
0.2,1362.4071696343967,17.774730821629,217.53113159387163,103.41510615890718,0.0
0.2,1367.4071696343967,17.776876391749823,216.2558568547638,103.4346830026144,0.0
0.2,1372.4071696343967,17.779019903545276,214.98191238700736,103.45425922556325,0.0
0.2,1377.4071696343967,17.78116134407102,213.70929839674602,103.47383481522718,0.0
0.2,1382.4071696343967,17.783300700120634,212.43801511619534,103.49340975876987,0.0
0.2,1387.4071696343967,17.78543795822516,211.1680628042335,103.5129840430331,0.0
0.2,1392.4071696343967,17.78757310460856,209.89944174801832,103.53255765453952,0.0
0.2,1397.4071696343967,17.789706125212344,208.63215226297282,103.55213057947196,0.0
0.2,1402.4071696343967,17.791837005648738,207.36619469430497,103.57170280367626,0.0
0.2,1407.4071696343967,17.79396573127886,206.10156941631308,103.59127431262345,0.0
0.2,1412.4071696343967,17.79609228709326,204.83827683514872,103.61084509143342,0.0
0.2,1417.4071696343967,17.798216657748068,203.57631738914,103.63041512484807,0.0
0.2,1422.4071696343967,17.800338827602403,202.3156915485436,103.64998439720745,0.0
0.2,1427.4071696343967,17.80245878064693,201.05639981771586,103.66955289245539,0.0
0.2,1432.4071696343967,17.80457650052749,199.79844273560093,103.68912059411616,0.0
0.2,1437.4071696343967,17.806691970522813,198.5418208771528,103.70868748528108,0.0
0.2,1442.4071696343967,17.808805173533397,197.28653485350398,103.72825354860987,0.0
0.2,1447.4071696343967,17.810916092115715,196.03258531392632,103.74781876627463,0.0
0.2,1452.4071696343967,17.813024708378496,194.77997294672025,103.76738312000447,0.0
0.2,1457.4071696343967,17.81513100406079,193.52869848018727,103.7869465910216,0.0
0.2,1462.4071696343967,17.817234960489504,192.27876268381394,103.806509160041,0.0
0.2,1467.4071696343967,17.819336558505636,191.0301663708765,103.82607080727291,0.0
0.2,1472.4071696343967,17.821435778574752,189.7829103974644,103.84563151236415,0.0
0.2,1477.4071696343967,17.823532600696996,188.5369956652641,103.86519125440668,0.0
0.2,1482.4071696343967,17.82562700440502,187.29242312277563,103.88475001191404,0.0
0.2,1487.4071696343967,17.827718968742488,186.04919376691066,103.90430776280414,0.0
0.2,1492.4071696343967,17.82980847226752,184.80730864440918,103.92386448437031,0.0
0.2,1497.4071696343967,17.831895493044627,183.56676885310193,103.94342015325918,0.0
0.2,1502.4071696343967,17.833980008580276,182.32757554445928,103.96297474546719,0.0
0.2,1507.4071696343967,17.83606199591094,181.0897299240063,103.98252823627229,0.0
0.2,1512.4071696343967,17.838141431455657,179.85323325464043,104.00208060026557,0.0
0.2,1517.4071696343967,17.840218291092977,178.61808685755014,104.02163181128702,0.0
0.2,1522.4071696343967,17.8422925501252,177.38429211406762,104.04118184240525,0.0
0.2,1527.4071696343967,17.844364183195445,176.1518504691386,104.06073066591125,0.0
0.2,1532.4071696343967,17.846433164388795,174.9207634314353,104.08027825324609,0.0
0.2,1537.4071696343967,17.848499467151694,173.691032576018,104.0998245750041,0.0
0.2,1542.4071696343967,17.850563064210654,172.46265954878163,104.11936960089758,0.0
0.2,1547.4071696343967,17.852623927620566,171.23564606672937,104.13891329972091,0.0
0.2,1552.4071696343967,17.854682028778907,170.00999392043144,104.15845563929253,0.0
0.2,1557.4071696343967,17.856737338356233,168.7857049772804,104.1779965864377,0.0
0.2,1562.4071696343967,17.85878982616978,167.56278118594022,104.19753610698518,0.0
0.2,1567.4071696343967,17.860839461396832,166.3412245755368,104.21707416564027,0.0
0.2,1572.4071696343967,17.862886212335717,165.1210372619711,104.23661072602391,0.0
0.2,1577.4071696343967,17.864930046452162,163.90222144977068,104.2561457505982,0.0
0.2,1582.4071696343967,17.866970930388817,162.68477943502572,104.27567920060937,0.0
0.2,1587.4071696343967,17.869008829907646,161.46871360945664,104.29521103604657,0.0
0.2,1592.4071696343967,17.871043709844063,160.25402646376142,104.31474121560211,0.0
0.2,1597.4071696343967,17.873075534096984,159.04072059142328,104.33426969660388,0.0
0.2,1602.4071696343967,17.875104265566016,157.8287986932423,104.3537964349739,0.0
0.2,1607.4071696343967,17.87712986616524,156.618263580521,104.37332138515137,0.0
0.2,1612.4071696343967,17.87915229678486,155.40911817943146,104.39284450003498,0.0
0.2,1617.4071696343967,17.881171517179023,154.20136553685677,104.41236573094295,0.0
0.2,1622.4071696343967,17.883187486002928,152.99500882412207,104.43188502751326,0.0
0.2,1627.4071696343967,17.885200160778798,151.79005134174085,104.45140233763647,0.0
0.2,1632.4071696343967,17.88720949778449,150.58649652575244,104.47091760740494,0.0
0.2,1637.4071696343967,17.889215452065184,149.38434795267332,104.49043078100624,0.0
0.2,1642.4071696343967,17.891217977394806,148.1836093447124,104.50994180064856,0.0
0.2,1647.4071696343967,17.893217026178522,146.9842845770093,104.52945060648221,0.0
0.2,1652.4071696343967,17.895212549450534,145.7863776833945,104.54895713649034,0.0
0.2,1657.4071696343967,17.897204496801738,144.589892863082,104.5684613264047,0.0
0.2,1662.4071696343967,17.89919281629812,143.39483448853213,104.5879631096048,0.0
0.2,1667.4071696343967,17.90117745447271,142.2012071120571,104.60746241699712,0.0
0.2,1672.4071696343967,17.903158356263557,141.00901547357898,104.62695917690206,0.0
0.2,1677.4071696343967,17.905135464895096,139.8182645101555,104.64645331494683,0.0
0.2,1682.4071696343967,17.9071087218239,138.62895936434674,104.66594475393663,0.0
0.2,1687.4071696343967,17.909078066721257,137.44110539260137,104.68543341370457,0.0
0.2,1692.4071696343967,17.911043437411337,136.25470817484788,104.7049192109643,0.0
0.2,1697.4071696343967,17.913004769665335,135.06977352687124,104.72440205920083,0.0
0.2,1702.4071696343967,17.91496199728075,133.88630750884275,104.74388186845874,0.0
0.2,1707.4071696343967,17.916915051894723,132.70431643799049,104.76335854520823,0.0
0.2,1712.4071696343967,17.91886386291426,131.5238069007941,104.78283199216162,0.0
0.2,1717.4071696343967,17.92080835746103,130.34478576550606,104.80230210806104,0.0
0.2,1722.4071696343967,17.92274846022886,129.16726019558553,104.82176878750886,0.0
0.2,1727.4071696343967,17.924684093384215,127.99123766487388,104.84123192074009,0.0
0.2,1732.4071696343967,17.926615176483676,126.81672597212268,104.86069139339116,0.0
0.2,1737.4071696343967,17.92854162630851,125.64373325794811,104.88014708627668,0.0
0.2,1742.4071696343967,17.930463356793418,124.47226802138775,104.89959887511696,0.0
0.2,1747.4071696343967,17.9323802789206,123.30233913774934,104.91904663025446,0.0
0.2,1752.4071696343967,17.934292300460424,122.13395587981913,104.93849021641478,0.0
0.2,1757.4071696343967,17.936199325964804,120.96712793636107,104.95792949234703,0.0
0.2,1762.4071696343967,17.938101256553548,119.80186543507885,104.97736431051703,0.0
0.2,1766.5355008060146,17.939668147573773,118.84087011846759,104.99340838439389,0.0
0.32,492.267073259448,9.339430302039865,151716.36494164067,61.44572704707821,0.02507967599966144
0.32,492.36707325944803,9.401358790322078,146212.12664195328,61.70510172086745,0.026642710519421884
0.32,492.46707325944806,9.459355336149486,140914.7168050963,62.03512934618806,0.028276215125801182
0.32,492.5670732594481,9.514602401237255,135809.2825192019,62.41978249466922,0.02995211916421295
0.32,492.6670732594481,9.567518501659404,130885.00105399231,62.84766199801578,0.03165308869600644
0.32,492.7670732594481,9.618339063865957,126134.33004051364,63.309275550461564,0.03336536369717377
0.32,492.86707325944815,9.667232742049572,121551.29056332557,63.79637219997562,0.03507696425089881
0.32,492.96707325944817,9.714337712339855,117130.63790851837,64.3017142042732,0.03677725998284448
0.32,493.0670732594482,9.759775869771486,112867.41748063003,64.8189963640533,0.038456927605780775
0.32,493.1670732594482,9.803658994769645,108756.71778977312,65.34281344734882,0.04010801313859115
0.32,493.26707325944824,9.846091462789968,104793.54376979604,65.86863282115661,0.041723988395465414
0.32,493.36707325944826,9.88717133132705,100972.77112795105,66.39275295720591,0.04329975424547153
0.32,493.4670732594483,9.92699066540316,97289.15574427953,66.91224166371961,0.044831576706557234
0.32,493.5670732594483,9.965635548850955,93737.37771119211,67.42485609739725,0.04631696300846435
0.32,493.66707325944833,10.003186296795047,90312.05638688579,67.92893183856677,0.04775447337986199
0.32,493.76707325944835,10.039717807138643,87007.75282508526,68.42326313820439,0.049143514798150524
0.32,493.8670732594484,10.075299473781232,83819.06049603938,68.90702608641743,0.050484188072871944
0.32,493.9670732594484,10.109994969900319,80740.7275731499,69.37972523858616,0.05177715469661402
0.32,494.0670732594484,10.143862207848535,77767.75202816984,69.84114110952328,0.053023503839962086
0.32,494.16707325944844,10.176953417313216,74895.45710711727,70.29128295210211,0.05422463630026541
0.32,494.26707325944847,10.209315314544845,72119.54887471232,70.73034837538034,0.055382168274402205
0.32,494.3670732594485,10.240989354769566,69436.15439025997,71.15868877261539,0.05649785299567242
0.32,494.4670732594485,10.272012074063023,66841.83693796424,71.57677810839783,0.057573516552907135
0.32,494.56707325944853,10.302415535097749,64333.583538917694,71.98518212951893,0.05861100404611082
0.32,494.66707325944856,10.332227890058743,61908.76039602749,72.38452542362273,0.059612133104124686
0.32,494.7670732594486,10.361474059437983,59565.03503496948,72.77545504934159,0.06057865349485398
0.32,494.8670732594486,10.390176496549412,57300.270207495916,73.15860166049055,0.06151221372205978
0.32,494.9670732594486,10.418355968774211,55112.40356890946,73.53454183092316,0.06241433755507782
0.32,495.06707325944865,10.446032252633227,52999.33574154217,73.90376766205378,0.06328641427317908
0.32,495.16707325944867,10.473224632044722,50958.85279302291,74.26667030967775,0.06412970499701333
0.32,495.2670732594487,10.499952125957694,48988.60255402039,74.62354156109387,0.0649453635211908
0.32,495.3670732594487,10.526233449756024,47086.12720218243,74.97459225762248,0.06573446506873726
0.32,495.46707325944874,10.552086800917651,45248.93406636234,75.31998053636403,0.0664980333969148
0.32,495.56707325944876,10.577529604241185,43474.574409088375,75.6598400465092,0.06723705831420176
0.32,495.6670732594488,10.602578332977505,41760.69939140754,75.99431386069404,0.0679524439660958
0.32,495.7670732594488,10.627248466664636,40105.052915960056,76.32368542789061,0.06864441373536961
0.32,495.86707325944883,10.651554367834812,38505.55738452991,76.64809022874925,0.06931343426830743
0.32,495.96707325944885,10.675509475386287,36960.28138057244,76.96766045533712,0.06996028084052869
0.32,496.0670732594489,10.69912640240995,35467.429596894675,77.28253884839017,0.07058573237621964
0.32,496.1670732594489,10.722417018946718,34025.34148897088,77.59288147002445,0.07119053904580222
0.32,496.2670732594489,10.74539252215628,32632.504293623413,77.89886475444365,0.07177542278200087
0.32,497.0262175037928,10.903713485404705,24336.507613240054,79.9696695462327,0.07526766861326352
0.32,497.0762175037928,10.914008132997946,23848.432726581963,80.12197932256004,0.07552006774946043
0.32,497.1762175037928,10.934332799890925,22900.32228779817,80.42236677029422,0.0759700209900731
0.32,497.27621750379285,10.95440854580658,21980.54914356465,80.71810839762605,0.07640413846655839
0.32,497.3762175037929,10.974247706670527,21087.31054084702,81.00896753046732,0.07682527452185833
0.32,497.4762175037929,10.993860786694809,20219.38337784592,81.29492655748874,0.07723402402604664
0.32,497.5762175037929,11.013257177858037,19375.880587169344,81.57606233581362,0.0776307592178603
0.32,497.67621750379294,11.032445525628384,18556.129110783044,81.85250491214293,0.07801581322612386
0.32,497.77621750379296,11.051433938163377,17759.600174809275,82.12441606472845,0.07838950072209823
0.32,497.876217503793,11.07023011590846,16985.865766647697,82.39197622400928,0.07875212183229319
0.32,497.976217503793,11.088841436263312,16234.569853856363,82.65537597350993,0.07910396347532091
0.32,498.07621750379303,11.107275011108891,15505.408540388958,82.91481032358092,0.07944530002726831
0.32,498.17621750379305,11.125537727137322,14798.115932940296,83.17047476026204,0.07977639375614463
0.32,498.2762175037931,11.143636274879977,14112.45379871925,83.42256247400871,0.08009749517568705
0.32,498.3762175037931,11.161577170076278,13448.20382360097,83.67126239660269,0.08040884337930919
0.32,498.4762175037931,11.179366769715871,12805.16168989638,83.91675780117595,0.08071066637436507
0.32,498.57621750379315,11.197011284274984,12183.132461381743,84.159225303435,0.08100318142677347
0.32,498.67621750379317,11.214516787162912,11581.926919120808,84.39883415086763,0.08128659541528248
0.32,498.7762175037932,11.231889222063382,11001.358601710268,84.63574572122525,0.08156110519435517
0.32,498.8762175037932,11.249134408636417,10441.241370915599,84.87011317285021,0.08182689796203213
0.32,498.97621750379324,11.266258046897455,9901.387377984083,85.10208120665482,0.0820841516314438
0.32,499.07621750379326,11.283265720488677,9381.605334202222,85.33178590862565,0.08233303520220557
0.32,499.1762175037933,11.30016289898759,8881.699020372353,85.55935465168346,0.0825737091314456
0.32,499.2762175037933,11.316954939344463,8401.465978333968,85.7849060385185,0.08280632570075767
0.32,499.3762175037933,11.33364708650945,7940.696350397181,86.008549874332,0.08303102938034067
0.32,499.47621750379335,11.350244473276739,7499.171830827143,86.23038715792381,0.08324795718688155
0.32,500.3817748796176,11.493867711856288,4671.579693025036,88.0520841571809,0.08464320514677817
0.32,501.070613221055,11.600950027555124,3200.2641002023433,89.37297561312744,0.08541564611182664
0.32,501.60216421788533,11.682756777501453,2421.4383537769368,90.35421195149189,0.08584823231664054
0.32,502.0158228437045,11.746058121360909,1999.8320597596269,91.09131337754758,0.08608978890702612
0.32,502.33965518777137,11.795416561523856,1764.746183873184,91.64909718461888,0.08622241105856852
0.32,502.59425598417306,11.834093499800991,1628.720605307839,92.07375124362943,0.08629264147492628
0.32,502.79503779786285,11.864502069103308,1546.5369652859117,92.39883821533596,0.08632729898472868
0.32,502.9537146045858,11.888466322147819,1494.5135249377802,92.64898144109912,0.08634197108311173
0.32,503.0792989986966,11.907384267068384,1460.0252139289337,92.84236634847088,0.08634573561703011
0.32,503.17879035164395,11.922337443743308,1436.179473471521,92.9925069826291,0.08634385421060015
0.32,503.2576619840683,11.934168038602074,1419.0966094772311,93.10951049443594,0.08633933803180908
0.32,503.3202147736182,11.943534926932964,1406.5098944792987,93.20098637791199,0.0863338702185701
0.32,503.3698396765065,11.950955337232635,1397.037374835569,93.27270196838066,0.08632835389724287
0.32,503.40921631517915,11.956836335615996,1389.7976376412958,93.32905660123805,0.08632323907322034
0.32,503.44046540286655,11.961498902011552,1384.2031688513262,93.37342627535418,0.08631871758544044
0.32,503.4652669913436,11.965196503769835,1379.8464313709985,93.40841578359704,0.0863148388514805
0.32,503.4849529009792,11.968129518590255,1376.4350792074374,93.43604452878094,0.08631157793257181
0.32,503.50057934396705,11.970456490065065,1373.7537268249368,93.45788457370833,0.08630887491871977
0.32,503.5129841843712,11.972302944620493,1371.6404362017822,93.47516404788888,0.08630665713568848
0.32,503.5228321891732,11.973768318230729,1369.9716188014986,93.48884522430745,0.08630485114799702
0.32,503.5306508434897,11.97493141033978,1368.6519282196787,93.49968391264088,0.0863033887821977
0.32,503.53685872654563,11.975854685663696,1367.60723505102,93.50827494768811,0.08630220971904445
0.32,503.5417880069178,11.97658767196892,1366.7795866908982,93.51508723926133,0.08630126218109159
0.32,503.5457022873388,11.977169646748251,1366.1234980628728,93.52049092094546,0.08630050261972133
0.32,503.54881076283095,11.977631763546077,1365.6031676482858,93.52477847406425,0.08629989492764971
0.32,503.5512794567019,11.9779987359357,1365.1903570351026,93.52818122578827,0.08629940947519146
0.32,503.5532401389953,11.978290171806973,1364.8627583137124,93.53088227406852,0.08629902213246676
0.32,503.55479740388,11.978521630823675,1364.6027272974707,93.53302663756364,0.08629871335966835
0.32,503.55603428498773,11.978705462500395,1364.3962951942804,93.534729240714,0.08629846740126453
0.32,503.55701670922394,11.978851470340512,1364.2323945360952,93.53608120417744,0.0862982715941179
0.32,503.55779702838464,11.978967438090109,1364.102251212375,93.5371548056732,0.08629811578570368
0.32,503.55841681930264,11.979059546759652,1363.9989059174648,93.53800739621136,0.08629799185196191
0.32,503.55890910435886,11.979132705173138,1363.9168367720936,93.53868449483633,0.08629789330180833
0.32,503.5593001129295,11.979190812086259,1363.8516612525332,93.53922223672294,0.08629781495511175
0.32,503.5596106792511,11.979236964140899,1363.7999004368667,93.53964931163517,0.08629775268190278
0.32,503.56080973909803,11.979415144312933,1363.6001373318243,93.54129764204623,0.08629751154921353
0.32,508.56080973909803,12.617753102049221,1019.8919043602874,96.42338405915092,0.08131509534024323
0.32,513.560809739098,13.170880591736141,872.6698733624148,97.6398813791825,0.07516327142482795
0.32,518.560809739098,13.655482908646475,797.1274143938882,98.15955338245277,0.06891637439033625
0.32,523.560809739098,14.083958018663411,751.9165778345462,98.3852671696792,0.06296171396844015
0.32,528.560809739098,14.46573030429126,721.0000473639776,98.48579637807501,0.057414640871931266
0.32,533.560809739098,14.808109586123637,697.5764317934018,98.5325329931722,0.05228590549382859
0.32,538.560809739098,15.116867750298384,678.5545059992012,98.55595459160082,0.047548995721342135
0.32,543.560809739098,15.396635845264283,662.4243310433797,98.56918072939351,0.04316686267265566
0.32,548.560809739098,15.651183305937796,648.3828987816408,98.57790228422641,0.03910210677848227
0.32,553.560809739098,15.883617954016684,635.9597853115167,98.58460606971681,0.03532047527164105
0.32,558.560809739098,16.096531738168842,624.8511279730609,98.5903876670867,0.03179172108735275
0.32,563.560809739098,16.292108680173207,614.8432039423003,98.59573422674652,0.028489479457348532
0.32,568.560809739098,16.472206064512136,605.775505451486,98.60086510983604,0.02539083228483658
0.32,573.560809739098,16.638562595313267,597.4710644537632,98.60644738618782,0.02247453071144648
0.32,578.560809739098,16.792532102826247,589.8590187379999,98.6121403161128,0.019722859864647484
0.32,583.560809739098,16.935288435739455,582.8678354834792,98.61781060744437,0.017120567875061467
0.32,588.560809739098,17.067858656402713,576.4316269968976,98.62341152935971,0.014654303076019271
0.32,593.560809739098,17.191147049099243,570.4918877509226,98.6289308818142,0.012312259931117724
0.32,598.560809739098,17.30595402737881,564.9973250388841,98.63437005920673,0.010083928208253035
0.32,603.560809739098,17.412991376919344,559.9031149748982,98.63973538891105,0.007959901651177503
0.32,608.560809739098,17.512894730113754,555.1700524010437,98.64503452737307,0.005931725527527037
0.32,613.560809739098,17.606233886384967,550.7637541742525,98.65027500254092,0.0039917719183093
0.32,618.560809739098,17.693521423971198,546.6539617212928,98.65546367898162,0.0021331359657203197
0.32,623.560809739098,17.77521993848837,542.8139471868525,98.66060661623709,0.0003495485405562248
0.32,624.5487448383641,17.791137100886708,542.0677470714248,98.66162493434518,0.0
0.32,629.5487448383641,17.791481116246356,519.4921864880205,98.95963608432703,0.0
0.32,634.5487448383641,17.791903526906644,500.49967036642346,99.21345593839237,0.0
0.32,639.5487448383641,17.792396916385993,484.4177758714821,99.43062614500263,0.0
0.32,644.5487448383641,17.792954232470127,470.73248126154976,99.61707818161187,0.0
0.32,649.5487448383641,17.793568668826627,459.03397133061344,99.77766653043591,0.0
0.32,654.5487448383641,17.794233744947693,448.9891889555484,99.91643552479013,0.0
0.32,659.5487448383641,17.794943397782223,440.3247290081101,100.03678046332908,0.0
0.32,664.5487448383641,17.795692045785017,432.8148022473877,100.14156121229638,0.0
0.32,669.5487448383641,17.796474620809818,426.2721817803862,100.23319020716588,0.0
0.32,674.5487448383641,17.797286572772244,420.5411406079889,100.31370395070445,0.0
0.32,679.5487448383641,17.79820759827868,415.4391699364495,100.38552247223475,0.0
0.32,684.5487448383641,17.799283896857652,410.834971039469,100.45040159111937,0.0
0.32,689.5487448383641,17.800494486127107,406.6607213081443,100.5092587088555,0.0
0.32,694.5487448383641,17.801821211776467,402.85789789691535,100.56289240132782,0.0
0.32,699.5487448383641,17.803248375974306,399.37603778360767,100.61199654329175,0.0
0.32,704.5487448383641,17.804762403572028,396.17162743607554,100.65717348934709,0.0
0.32,709.5487448383641,17.806351550832424,393.20713599331464,100.69894587775116,0.0
0.32,714.5487448383641,17.808005654101358,390.4501818719064,100.73776703127447,0.0
0.32,719.5487448383641,17.80971591342987,387.8728167786376,100.77403005854057,0.0
0.32,724.5487448383641,17.811474706623734,385.45091102043864,100.80807579202383,0.0
0.32,729.5487448383641,17.813275429115503,383.1636256398406,100.8401996992302,0.0
0.32,734.5487448383641,17.815112356322587,380.9929588252593,100.87065789318018,0.0
0.32,739.5487448383641,17.816980524739193,378.92335588605715,100.89967235567832,0.0
0.32,744.5487448383641,17.81887562968091,376.94137364615415,100.92743547362977,0.0
0.32,749.5487448383641,17.820793936830423,375.0353914925331,100.9541139770061,0.0
0.32,754.5487448383641,17.82273220586218,373.1953624502753,100.97985235599043,0.0
0.32,759.5487448383641,17.824687624606533,371.4125986251842,101.00477582520136,0.0
0.32,764.5487448383641,17.8266577517782,369.67958620132686,101.02899289441064,0.0
0.32,769.5487448383641,17.82864046778119,367.9898258409662,101.05259759735509,0.0
0.32,774.5487448383641,17.830633931904487,366.3376949632725,101.07567142388137,0.0
0.32,779.5487448383641,17.832636545324846,364.7183288572531,101.09828499460184,0.0
0.32,784.5487448383641,17.83464691909018,363.12751802767315,101.1204995121659,0.0
0.32,789.5487448383641,17.83666384635989,361.56161953327893,101.1423680188596,0.0
0.32,794.5487448383641,17.83868627829944,360.01748039340106,101.16393648630168,0.0
0.32,799.5487448383641,17.840713303258806,358.49237140532654,101.18524475954928,0.0
0.32,804.5487448383641,17.842744128630148,356.98392994774247,101.20632737509493,0.0
0.32,809.5487448383641,17.844778065191456,355.49011054091324,101.22721426950045,0.0
0.32,814.5487448383641,17.84681451346511,354.00914210540765,101.2479313933535,0.0
0.32,819.5487448383641,17.848852951930052,352.5394910047268,101.26850124315274,0.0
0.32,824.5487448383641,17.8508929268057,351.07982908656516,101.28894332208489,0.0
0.32,829.5487448383641,17.852934043064312,349.6290060446816,101.30927453926313,0.0
0.32,834.5487448383641,17.854975956770257,348.1860255099802,101.3295095555751,0.0
0.32,839.5487448383641,17.857018368364542,346.7500243686652,101.34966108334186,0.0
0.32,844.5487448383641,17.859061016848937,345.32025486879786,101.36974014594307,0.0
0.32,849.5487448383641,17.86110367470484,343.8960691396284,101.38975630277582,0.0
0.32,854.5487448383641,17.863146143535776,342.47690579308926,101.40971784416456,0.0
0.32,859.5487448383641,17.86518825021253,341.0622783314077,101.42963196027375,0.0
0.32,864.5487448383641,17.86722984359597,339.651765111804,101.44950488746196,0.0
0.32,869.5487448383641,17.869270791675707,338.24500066040935,101.46934203512359,0.0
0.32,874.5487448383641,17.871310978937675,336.84166815717475,101.48914809564405,0.0
0.32,879.5487448383641,17.87335030443718,335.4414929232678,101.50892713958501,0.0
0.32,884.5487448383641,17.87538867966865,334.0442367883655,101.52868269837307,0.0
0.32,889.5487448383641,17.87742602700495,332.6496932122872,101.54841783581907,0.0
0.32,894.5487448383641,17.879462278367555,331.2576830569431,101.56813521015886,0.0
0.32,899.5487448383641,17.8814973737942,329.86805093330884,101.58783712786715,0.0
0.32,904.5487448383641,17.883531260530393,328.48066202817046,101.60752559026969,0.0
0.32,909.5487448383641,17.88556389201651,327.09539936181176,101.62720233398329,0.0
0.32,914.5487448383641,17.887595227105972,325.7121614098997,101.64686886597639,0.0
0.32,919.5487448383641,17.8896252293197,324.3308600464205,101.66652649395456,0.0
0.32,924.5487448383641,17.891653866225955,322.95141875933933,101.686176352735,0.0
0.32,929.5487448383641,17.893681108910354,321.57377110503876,101.70581942710788,0.0
0.32,934.5487448383641,17.895706931520447,320.1978593696169,101.72545657165267,0.0
0.32,939.5487448383641,17.89773131090835,318.82363340763067,101.7450885279253,0.0
0.32,944.5487448383641,17.89975422613479,317.4510496387803,101.76471593942534,0.0
0.32,949.5487448383641,17.901775658314065,316.08007017551057,101.78433936447283,0.0
0.32,954.5487448383641,17.90379559031985,314.71066206634106,101.80395928746293,0.0
0.32,959.5487448383641,17.9058140064158,313.342796646284,101.82357612862035,0.0
0.32,964.5487448383641,17.907830892212726,311.9764489639234,101.84319025243974,0.0
0.32,969.5487448383641,17.909846234378332,310.61159729436275,101.86280197501412,0.0
0.32,974.5487448383641,17.911860020610348,309.2482227085455,101.88241157038743,0.0
0.32,979.5487448383641,17.91387223935209,307.88630870885567,101.90201927609104,0.0
0.32,984.5487448383641,17.915882879772347,306.52584090330566,101.9216252979565,0.0
0.32,989.5487448383641,17.91789193164895,305.1668067311052,101.94122981423595,0.0
0.32,994.5487448383641,17.919899385248307,303.80919522137333,101.96083297923144,0.0
0.32,999.5487448383641,17.921905231306443,302.4529967821475,101.98043492643126,0.0
0.32,1004.5487448383641,17.923909460851604,301.09820302239365,102.00003577124266,0.0
0.32,1009.5487448383641,17.925912065270293,299.74480659179096,102.01963561332849,0.0
0.32,1014.5487448383641,17.927913036152077,298.3928010471157,102.03923453867867,0.0
0.32,1019.5487448383641,17.92991236534104,297.04218073108535,102.05883262137604,0.0
0.32,1024.5487448383642,17.931910044818903,295.692940671921,102.0784299251556,0.0
0.32,1029.5487448383642,17.933906066704587,294.3450764937955,102.0980265047408,0.0
0.32,1034.5487448383642,17.935900423181014,292.9985843403772,102.11762240701705,0.0
0.32,1039.5487448383642,17.93789310657463,291.65346080497295,102.13721767202975,0.0
0.32,1044.5487448383642,17.939884109200076,290.3097028761232,102.15681233388312,0.0
0.32,1049.5487448383642,17.94187342340314,288.9673078857168,102.1764064214911,0.0
0.32,1054.5487448383642,17.943861041545563,287.62627346483873,102.19599995924364,0.0
0.32,1059.5487448383642,17.945846955975107,286.2865975062377,102.21559296758471,0.0
0.32,1064.5487448383642,17.94783115902543,284.9482781310929,102.23518546350954,0.0
0.32,1069.5487448383642,17.94981364296808,283.6113136613935,102.25477746100677,0.0
0.32,1074.5487448383642,17.951794400045568,282.2757025939405,102.27436897142616,0.0
0.32,1079.5487448383642,17.953773422435027,280.94144357960806,102.29396000381172,0.0
0.32,1084.5487448383642,17.955750702241083,279.6085354046125,102.31355056518612,0.0
0.32,1089.5487448383642,17.957726231501553,278.276976973919,102.33314066079703,0.0
0.32,1094.5487448383642,17.959700002128475,276.9467672989543,102.35273029433478,0.0
0.32,1099.5487448383642,17.96167200599685,275.6179054826074,102.3723194681051,0.0
0.32,1104.5487448383642,17.963642234845523,274.29039071094263,102.39190818321293,0.0
0.32,1109.5487448383642,17.96561068030256,272.96422224385236,102.41149643968697,0.0
0.32,1114.5487448383642,17.96757733390228,271.6393994062644,102.4310842366018,0.0
0.32,1119.5487448383642,17.96954218705702,270.3159215820172,102.45067157218563,0.0
0.32,1124.5487448383642,17.97150523104295,268.99378820791634,102.470258443918,0.0
0.32,1129.5487448383642,17.973466457024227,267.67299876844635,102.48984484859591,0.0
0.32,1134.5487448383642,17.97542585602217,266.353552791795,102.50943078240994,0.0
0.32,1139.5487448383642,17.97738341893235,265.03544984555816,102.52901624099928,0.0
0.32,1144.5487448383642,17.979339136493365,263.71868953407744,102.54860121950895,0.0
0.32,1149.5487448383642,17.981292999320303,262.4032714949958,102.56818571262136,0.0
0.32,1154.5487448383642,17.983244997856623,261.08919539765907,102.58776971460907,0.0
0.32,1159.5487448383642,17.985195122401173,259.77646094052534,102.60735321935539,0.0
0.32,1164.5487448383642,17.987143363096667,258.46506784972496,102.62693622038597,0.0
0.32,1169.5487448383642,17.989089709923345,257.1550158774526,102.64651871089092,0.0
0.32,1174.5487448383642,17.99103415269361,255.84630480089515,102.66610068374513,0.0
0.32,1179.5487448383642,17.992976681054735,254.53893442121057,102.68568213152605,0.0
0.32,1184.5487448383642,17.994917284476536,253.2329045626007,102.70526304652407,0.0
0.32,1189.5487448383642,17.996855952253792,251.928215071735,102.72484342075717,0.0
0.32,1194.5487448383642,17.99879267349879,250.62486581726805,102.74442324597965,0.0
0.32,1199.5487448383642,18.00072743713344,249.32285668938317,102.76400251368926,0.0
0.32,1204.5487448383642,18.002660231917016,248.02218759893316,102.78358121512491,0.0
0.32,1209.5487448383642,18.00459104638816,246.72285847831327,102.80315934128924,0.0
0.32,1214.5487448383642,18.006519868857,245.42486928137234,102.8227368829468,0.0
0.32,1219.5487448383642,18.008446687483776,244.12821998189142,102.84231383060552,0.0
0.32,1224.5487448383642,18.010371490212158,242.83291057454454,102.8618901745366,0.0
0.32,1229.5487448383642,18.012294264768986,241.53894107520256,102.88146590476981,0.0
0.32,1234.5487448383642,18.014214998649273,240.24631152077745,102.90104101110148,0.0
0.32,1239.5487448383642,18.016133679155526,238.9550219695328,102.92061548306896,0.0
0.32,1244.5487448383642,18.01805029336699,237.66507250046723,102.94018930997186,0.0
0.32,1249.5487448383642,18.019964828071444,236.3764632159622,102.95976248087351,0.0
0.32,1254.5487448383642,18.02187726988046,235.0891942390906,102.97933498457047,0.0
0.32,1259.5487448383642,18.02378760516038,233.80326571553223,102.99890680960345,0.0
0.32,1264.5487448383642,18.02569581999402,232.51867781429715,103.01847794426573,0.0
0.32,1269.5487448383642,18.027601900258986,231.23543072718383,103.03804837656418,0.0
0.32,1274.5487448383642,18.0295058315353,229.9535246698567,103.0576180942574,0.0
0.32,1279.5487448383642,18.031407599186572,228.67295988144843,103.07718708480479,0.0
0.32,1284.5487448383642,18.033307188274303,227.39373662626423,103.09675533539962,0.0
0.32,1289.5487448383642,18.035204583563957,226.11585519416326,103.11632283294756,0.0
0.32,1294.5487448383642,18.037099769544565,224.83931590066246,103.13588956405619,0.0
0.32,1299.5487448383642,18.03899273050828,223.5641190854862,103.15545551500901,0.0
0.32,1304.5487448383642,18.04088345035272,222.29026511748393,103.17502067180232,0.0
0.32,1309.5487448383642,18.042771912705287,221.01775439220265,103.19458502010349,0.0
0.32,1314.5487448383642,18.044658100871228,219.74658733366334,103.21414854526029,0.0
0.32,1319.5487448383642,18.0465419978539,218.4767643943035,103.23371123227668,0.0
0.32,1324.5487448383642,18.04842358634654,217.20828605598822,103.25327306581175,0.0
0.32,1329.5487448383642,18.050302848688915,215.94115283118938,103.2728340301698,0.0
0.32,1334.5487448383642,18.052179766878773,214.6753652632497,103.29239410930126,0.0
0.32,1339.5487448383642,18.0540543226142,213.41092392692715,103.31195328675574,0.0
0.32,1344.5487448383642,18.05592649716408,212.14782943050056,103.33151154572766,0.0
0.32,1349.5487448383642,18.057796271499136,210.88608241473923,103.35106886899183,0.0
0.32,1354.5487448383642,18.059663626196258,209.6256835549817,103.37062523892365,0.0
0.32,1359.5487448383642,18.061528541441987,208.36663356204352,103.39018063747812,0.0
0.32,1364.5487448383642,18.063390997024968,207.1089331833262,103.40973504617807,0.0
0.32,1369.5487448383642,18.06525097235344,205.85258320261465,103.42928844609872,0.0
0.32,1374.5487448383642,18.06710844641437,204.59758444225577,103.44884081785762,0.0
0.32,1379.5487448383642,18.068963397785346,203.34393776347787,103.4683921415969,0.0
0.32,1384.5487448383642,18.070815804598666,202.09164406820742,103.48794239697497,0.0
0.32,1389.5487448383642,18.072665644556544,200.84070429948412,103.50749156314401,0.0
0.32,1394.5487448383642,18.07451289488716,199.59111944332716,103.52703961874568,0.0
0.32,1399.5487448383642,18.076357532385927,198.34289052892464,103.5465865418754,0.0
0.32,1404.5487448383642,18.07819953334581,197.09601863080783,103.5661323100926,0.0
0.32,1409.5487448383642,18.080038873581532,195.85050486984463,103.5856769003787,0.0
0.32,1414.5487448383642,18.08187552838561,194.60635041482803,103.60522028913675,0.0
0.32,1419.5487448383642,18.08370947256742,193.36355648293807,103.62476245215805,0.0
0.32,1424.5487448383642,18.085540680381296,192.1221243423017,103.64430336461726,0.0
0.32,1429.5487448383642,18.087369125549806,190.88205531299374,103.66384300103743,0.0
0.32,1434.5487448383642,18.089194781238483,189.64335076835079,103.68338133528243,0.0
0.32,1439.5487448383642,18.091017620033885,188.40601213708052,103.70291834052671,0.0
0.32,1444.5487448383642,18.092837613926147,187.17004090473526,103.72245398924258,0.0
0.32,1449.5487448383642,18.094654734330934,185.93543861485526,103.74198825315614,0.0
0.32,1454.5487448383642,18.096468952014614,184.70220687188726,103.76152110324415,0.0
0.32,1459.5487448383642,18.09828023708969,183.4703473427428,103.78105250970731,0.0
0.32,1464.5487448383642,18.100088559051144,182.2398617576247,103.80058244192622,0.0
0.32,1469.5487448383642,18.10189388670374,181.0107519133833,103.82011086844562,0.0
0.32,1474.5487448383642,18.103696188138887,179.78301967507699,103.83963775695486,0.0
0.32,1479.5487448383642,18.105495430749382,178.5566669781964,103.85916307424009,0.0
0.32,1484.5487448383642,18.107291581211154,177.3316958304808,103.87868678615717,0.0
0.32,1489.5487448383642,18.109084605430265,176.10810831486538,103.89820885760821,0.0
0.32,1494.5487448383642,18.110874468502963,174.88590659262175,103.91772925250825,0.0
0.32,1499.5487448383642,18.112661134768953,173.66509290388595,103.93724793373548,0.0
0.32,1504.5487448383642,18.114444567716482,172.44566957220115,103.9567648631106,0.0
0.32,1509.5487448383642,18.11622473000035,171.22763900609922,103.97628000134546,0.0
0.32,1514.5487448383642,18.11800158338774,170.01100370281048,103.99579330801356,0.0
0.32,1519.5487448383642,18.119775088751545,168.79576625058803,104.01530474150366,0.0
0.32,1524.5487448383642,18.12154520603315,167.581929332302,104.0348142589749,0.0
0.32,1529.5487448383642,18.123311894217938,166.3694957284357,104.0543218163146,0.0
0.32,1534.5487448383642,18.12507511130665,165.158468320462,104.07382736808853,0.0
0.32,1539.5487448383642,18.126834814278652,163.9488500946103,104.09333086749365,0.0
0.32,1544.5487448383642,18.128590959058176,162.74064414559484,104.11283226630422,0.0
0.32,1549.5487448383642,18.130343500486454,161.53385368020233,104.13233151482041,0.0
0.32,1554.5487448383642,18.132092392297828,160.3284820212613,104.15182856180655,0.0
0.32,1559.5487448383642,18.13383758706963,159.12453261203015,104.17132335443551,0.0
0.32,1564.5487448383642,18.135579036187632,157.92200902061225,104.19081583822691,0.0
0.32,1569.5487448383642,18.137316689796712,156.72091494478542,104.21030595698278,0.0
0.32,1574.5487448383642,18.13905049679084,155.52125421604953,104.22979365271539,0.0
0.32,1579.5487448383642,18.1407804047353,154.32303080539742,104.24927886558334,0.0
0.32,1584.5487448383642,18.14250635984398,153.12624882825386,104.2687615338109,0.0
0.32,1589.5487448383642,18.144228306931197,151.93091254989258,104.28824159361221,0.0
0.32,1594.5487448383642,18.14594618935448,150.73702639148615,104.30771897910734,0.0
0.32,1599.5487448383642,18.1476599489947,149.5445949355127,104.3271936222348,0.0
0.32,1604.5487448383642,18.149369526184433,148.35362293239857,104.34666545266174,0.0
0.32,1609.5487448383642,18.151074859571416,147.16411530838374,104.36613439772032,0.0
0.32,1614.5487448383642,18.152775886211284,145.97607717041222,104.38560038225279,0.0
0.32,1619.5487448383642,18.154472541444967,144.78951381404107,104.40506332853528,0.0
0.32,1624.5487448383642,18.156164758814555,143.60443073171317,104.42452315617004,0.0
0.32,1629.5487448383642,18.15785247001686,142.4208336201439,104.44397978196815,0.0
0.32,1634.5487448383642,18.159535604852664,141.23872838876437,104.46343311982076,0.0
0.32,1639.5487448383642,18.161214091062725,140.05812116982779,104.48288308060324,0.0
0.32,1644.5487448383642,18.162887854462458,138.87901832464817,104.50232957197039,0.0
0.32,1649.5487448383642,18.164556818621087,137.70142645691547,104.52177249829987,0.0
0.32,1654.5487448383642,18.16622090493511,136.52535242077022,104.54121176048386,0.0
0.32,1659.5487448383642,18.167880032512908,135.35080333204024,104.56064725579023,0.0
0.32,1664.5487448383642,18.169534118074814,134.17778657966443,104.58007887769679,0.0
0.32,1669.5487448383642,18.171183075774827,133.00630983931543,104.59950651574371,0.0
0.32,1674.5487448383642,18.172826817369426,131.83638108121687,104.61893005526963,0.0
0.32,1679.5487448383642,18.17446525181583,130.6680085890024,104.63834937730235,0.0
0.32,1684.5487448383642,18.176098285297257,129.50120097096493,104.65776435832004,0.0
0.32,1689.5487448383642,18.177725821124586,128.33596717501513,104.67717487002614,0.0
0.32,1694.5487448383642,18.17934775958033,127.1723165048309,104.69658077912948,0.0
0.32,1699.5487448383642,18.18096399780936,126.01025863615638,104.71598194709742,0.0
0.32,1704.5487448383642,18.182574429727758,124.84980363354356,104.73537822988834,0.0
0.32,1709.5487448383642,18.184178945790908,123.69096197030007,104.75476947770687,0.0
0.32,1714.5487448383642,18.185777432970706,122.53374454610515,104.77415553467887,0.0
0.32,1719.5487448383642,18.187369774497338,121.37816270933254,104.79353623857588,0.0
0.32,1724.5487448383642,18.188955849761477,120.22422827800719,104.81291142047115,0.0
0.32,1729.5487448383642,18.19053553413369,119.07195356302165,104.83228090440093,0.0
0.32,1734.5487448383642,18.19210869880771,117.92135139251124,104.85164450699119,0.0
0.32,1739.5487448383642,18.19367521054279,116.77243513876147,104.87100203708997,0.0
0.32,1744.5487448383642,18.1952349315285,115.62521874507338,104.89035329533573,0.0
0.32,1749.5487448383642,18.196787719251766,114.47971675421594,104.90969807368572,0.0
0.32,1754.5487448383642,18.198333426079692,113.33594434182164,104.92903615502877,0.0
0.32,1759.5487448383642,18.199871899191194,112.19391734785027,104.94836731261324,0.0
0.32,1764.5487448383642,18.201402980304216,111.0536523118852,104.9676913095389,0.0
0.32,1766.5355008060146,18.202010281879744,110.60092184445489,104.97536950952087,0.0
