quantity,v1pts_finest | indep,v1pts_finest | old13,v1pts_reported | indep,v1pts_reported | old13,v2pts_existing_marches_reported | indep,v2pts_existing_marches_reported | old13,v2pts_remarched_finest | indep,v2pts_remarched_finest | old13,v2pts_remarched_reported | indep,v2pts_remarched_reported | old13
A frozen time ratio span,"[0.5737811403875595, 18.242866664970563]","[0.5737811403875595, 18.242866664970563]","[0.5758427038981964, 18.294725119747365]","[0.5758427038981964, 18.294725119747365]","[0.5876936812468537, 17.510878352337222]","[0.5791496025080427, 17.510878352337222]","[0.585858812006571, 17.46130512957035]","[0.5763528903044167, 17.46130512957035]","[0.5887685111679745, 17.511133513230202]","[0.5794903574972129, 17.511133513230202]"
A frozen rms_rel span,"[0.09748418013393943, 0.6316887844781086]","[0.09748418013393943, 0.6316887844781086]","[0.09608230421650898, 0.6352978965427967]","[0.09608230421650898, 0.6352978965427967]","[0.08127931614241408, 1.2247823279478056]","[0.08127931614241408, 1.2247823279478056]","[0.08234602505802824, 1.2212694383345133]","[0.08234602505802824, 1.2212694383345133]","[0.08067149161139792, 1.224792495078172]","[0.08067149161139792, 1.224792495078172]"
A frozen rms_raw span,"[0.07364539872398589, 0.41904395627061786]","[0.07364539872398589, 0.41904395627061786]","[0.07258633754340388, 0.42027901414287905]","[0.07258633754340388, 0.42027901414287905]","[0.06186656427495991, 0.45618242586743973]","[0.06186656427495991, 0.45618242586743973]","[0.06267850043316878, 0.4548740150020728]","[0.06267850043316878, 0.4548740150020728]","[0.06140391255493164, 0.4561862127168159]","[0.06140391255493164, 0.4561862127168159]"
A frozen declared-box count,9,11,9,11,22,24,22,24,22,24
A tabulated time ratio span,"[6.10451530799451, 24.286369685513833]","[6.10451530799451, 24.286369685513833]","[6.131287009010728, 24.42593749624215]","[6.131287009010728, 24.42593749624215]","[7.790259697144752, 23.5531407423075]","[7.647303704720574, 23.5531407423075]","[7.738361988499433, 23.403371949516142]","[7.738361988499433, 23.403371949516142]","[7.774827988546211, 23.49140959375996]","[7.641738605677942, 23.49140959375996]"
A tabulated rms_rel span,"[0.44393411137233807, 1.1908962890005885]","[0.44393411137233807, 1.1908962890005885]","[0.44522756793209173, 1.1927462663750235]","[0.44522756793209173, 1.1927462663750235]","[0.3414648688326382, 1.2355457453961356]","[0.3414648688326382, 1.2355457453961356]","[0.3404244730361286, 1.232046414939899]","[0.3404244730361286, 1.232046414939899]","[0.3419093445011048, 1.2355557677367683]","[0.3419093445011048, 1.2355557677367683]"
A tabulated rms_raw span,"[0.3055357871564329, 0.5110057832297082]","[0.3055357871564329, 0.5110057832297082]","[0.3067510828026138, 0.5118636936528136]","[0.3067510828026138, 0.5118636936528136]","[0.30451495537625844, 0.49604361547127857]","[0.30451495537625844, 0.49604361547127857]","[0.3035871408088891, 0.4951923652079896]","[0.3035871408088891, 0.4951923652079896]","[0.3049113343326402, 0.496046029546944]","[0.3049113343326402, 0.496046029546944]"
A tabulated declared-box count,3,3,3,3,3,3,3,3,3,3
"A readings-band count, both cases",0,0,0,0,10,11,9,9,10,11
A points per case,92,100,92,100,124,134,124,134,124,134
A series,12,13,12,13,12,13,12,13,12,13
A frozen time-constant band factor,31.794120407388174,31.794120407388174,31.7703515142248,31.7703515142248,29.795927557339155,30.235500942252735,29.804630009345157,30.29620467479165,29.741966802015863,30.21816202233257
A retardation span (this set),"[8.512635445762715, 19.27104275432132]","[8.512635445762715, 19.27104275432132]","[8.533743694868674, 19.54070520253358]","[8.533743694868674, 19.54070520253358]","[8.533743694868674, 19.54070520253358]","[8.533743694868674, 19.54070520253358]","[8.509546378524846, 19.271121078277204]","[8.509546378524846, 19.271121078277204]","[8.52047035115378, 19.539825219853377]","[8.52047035115378, 19.539825219853377]"
A retardation span (all posed rows),"[8.512635445762715, 19.27104275432132]","[8.512635445762715, 19.27104275432132]","[8.533743694868674, 19.54070520253358]","[8.533743694868674, 19.54070520253358]","[8.533743694868674, 19.54070520253358]","[8.533743694868674, 19.54070520253358]","[8.509546378524846, 19.271285863942257]","[8.509546378524846, 19.271285863942257]","[8.52047035115378, 19.540325855985625]","[8.52047035115378, 19.540325855985625]"
A 3.8 frozen time ratio span,"[0.6735959446800116, 5.812526029995515]","[0.6735959446800116, 5.812526029995515]","[0.67783229127983, 5.854292084373065]","[0.67783229127983, 5.854292084373065]","[0.6823908524424205, 5.814294637454934]","[0.6823908524424205, 5.814294637454934]","[0.6788144040310289, 5.76589225065473]","[0.6788144040310289, 5.76589225065473]","[0.6851845538948288, 5.786512618115782]","[0.6851845538948288, 5.786512618115782]"
A 3.8 frozen rms_rel span,"[0.09748418013393943, 0.43466896960497176]","[0.09748418013393943, 0.43466896960497176]","[0.09608230421650898, 0.4359322235862861]","[0.09608230421650898, 0.4359322235862861]","[0.08127931614241408, 0.3125936105159196]","[0.08127931614241408, 0.3125936105159196]","[0.08234602505802824, 0.3117301961581246]","[0.08234602505802824, 0.3117301961581246]","[0.08067149161139792, 0.3127577462885933]","[0.08067149161139792, 0.3127577462885933]"
A 3.8 tabulated time ratio span,"[7.874955547694223, 24.286369685513833]","[7.874955547694223, 24.286369685513833]","[7.894482581884536, 24.42593749624215]","[7.894482581884536, 24.42593749624215]","[7.947574596177005, 23.5531407423075]","[7.947574596177005, 23.5531407423075]","[7.925039354488705, 23.403371949516142]","[7.925039354488705, 23.403371949516142]","[7.935212977046323, 23.49140959375996]","[7.935212977046323, 23.49140959375996]"
A 3.8 tabulated rms_rel span,"[0.48092338077152125, 1.1908962890005885]","[0.48092338077152125, 1.1908962890005885]","[0.4822640533938002, 1.1927462663750235]","[0.4822640533938002, 1.1927462663750235]","[0.5018125480102061, 0.5870153729832046]","[0.5018125480102061, 0.5870153729832046]","[0.5009720638817526, 0.5860407133775208]","[0.5009720638817526, 0.5860407133775208]","[0.5020201415041642, 0.5870782156455733]","[0.5020201415041642, 0.5870782156455733]"
A 3.9 frozen time ratio span,"[2.715933478442277, 18.242866664970563]","[2.715933478442277, 18.242866664970563]","[2.7296208804228876, 18.294725119747365]","[2.7296208804228876, 18.294725119747365]","[3.018651762624109, 17.510878352337222]","[3.018651762624109, 17.510878352337222]","[3.007638184685589, 17.46130512957035]","[3.007638184685589, 17.46130512957035]","[3.0350977138670263, 17.511133513230202]","[3.0350977138670263, 17.511133513230202]"
A 3.9 frozen rms_rel span,"[0.21934239248949347, 0.6316887844781086]","[0.21934239248949347, 0.6316887844781086]","[0.2208646107461246, 0.6352978965427967]","[0.2208646107461246, 0.6352978965427967]","[0.15810874385431298, 1.2247823279478056]","[0.15810874385431298, 1.2247823279478056]","[0.15699159487376407, 1.2212694383345133]","[0.15699159487376407, 1.2212694383345133]","[0.15888983966405154, 1.224792495078172]","[0.15888983966405154, 1.224792495078172]"
A 3.9 tabulated time ratio span,"[6.10451530799451, 18.763165370981376]","[6.10451530799451, 18.763165370981376]","[6.131287009010728, 18.815343049716592]","[6.131287009010728, 18.815343049716592]","[10.670653110067052, 18.00919014330786]","[10.670653110067052, 18.00919014330786]","[10.648006604085841, 17.959313066334907]","[10.648006604085841, 17.959313066334907]","[10.683652467971054, 18.00945016697712]","[10.683652467971054, 18.00945016697712]"
A 3.9 tabulated rms_rel span,"[0.44393411137233807, 0.8076547373947475]","[0.44393411137233807, 0.8076547373947475]","[0.44522756793209173, 0.8108672556241444]","[0.44522756793209173, 0.8108672556241444]","[0.3414648688326382, 1.2355457453961356]","[0.3414648688326382, 1.2355457453961356]","[0.3404244730361286, 1.232046414939899]","[0.3404244730361286, 1.232046414939899]","[0.3419093445011048, 1.2355557677367683]","[0.3419093445011048, 1.2355557677367683]"
A 3.13 frozen time ratio span,"[0.5737811403875595, 3.997894908877454]","[0.5737811403875595, 3.997894908877454]","[0.5758427038981964, 4.005075558159893]","[0.5758427038981964, 4.005075558159893]","[0.5876936812468537, 4.084316807480513]","[0.5876936812468537, 4.084316807480513]","[0.585858812006571, 4.077013522781519]","[0.585858812006571, 4.077013522781519]","[0.5887685111679745, 4.08439236292316]","[0.5887685111679745, 4.08439236292316]"
A 3.13 frozen rms_rel span,"[0.13188204182746982, 0.3192020487352188]","[0.13188204182746982, 0.3192020487352188]","[0.13201903903162962, 0.31973311559263884]","[0.13201903903162962, 0.31973311559263884]","[0.11845879347440026, 0.3291432005732574]","[0.11845879347440026, 0.3291432005732574]","[0.11821524880821974, 0.32854859399194564]","[0.11821524880821974, 0.32854859399194564]","[0.11860596937265203, 0.32914871218861547]","[0.11860596937265203, 0.32914871218861547]"
A 3.13 tabulated time ratio span,"[7.586099258197473, 17.72802339163156]","[7.586099258197473, 17.72802339163156]","[7.6331673305650245, 17.976094149955188]","[7.6331673305650245, 17.976094149955188]","[7.790259697144752, 18.33175489534247]","[7.790259697144752, 18.33175489534247]","[7.738361988499433, 18.07884948387847]","[7.738361988499433, 18.07884948387847]","[7.774827988546211, 18.33092935569902]","[7.774827988546211, 18.33092935569902]"
A 3.13 tabulated rms_rel span,"[0.47701169386652, 0.735507045700614]","[0.47701169386652, 0.735507045700614]","[0.4776011705135863, 0.7364435473727866]","[0.4776011705135863, 0.7364435473727866]","[0.4876480216622849, 0.5943759183280155]","[0.4876480216622849, 0.5943759183280155]","[0.48704350580757444, 0.5936711544720882]","[0.48704350580757444, 0.5936711544720882]","[0.4876670625058655, 0.5944157310035073]","[0.4876670625058655, 0.5944157310035073]"
B pipeline rms_rel span,"[0.04135038501297508, 0.296808955252814]","[0.04135038501297508, 0.296808955252814]","[0.04053219024123148, 0.2970238906860301]","[0.04053219024123148, 0.2970238906860301]","[0.033168312140791495, 0.14495474934281416]","[0.033168312140791495, 0.14495474934281416]","[0.03378146925689491, 0.1452426549420946]","[0.03378146925689491, 0.1452426549420946]","[0.032794287149926125, 0.14561448797423376]","[0.032794287149926125, 0.14561448797423376]"
B pipeline rms_raw span,"[0.03123856186190216, 0.1297491609557614]","[0.03123856186190216, 0.1297491609557614]","[0.030620448439640735, 0.1297636967221694]","[0.030620448439640735, 0.1297636967221694]","[0.019032321254364753, 0.12011675304292295]","[0.019032321254364753, 0.12011675304292295]","[0.01695487658476688, 0.12035532601776669]","[0.01695487658476688, 0.12035532601776669]","[0.019035740974784544, 0.1206634454598488]","[0.019035740974784544, 0.1206634454598488]"
B pipeline time ratio span,"[0.5553749860030425, 2.1957777729296466]","[0.5553749860030425, 2.1957777729296466]","[0.5655591820915027, 2.1946096144210436]","[0.5655591820915027, 2.1946096144210436]","[0.8616638779451238, 2.1161910010959613]","[0.8616638779451238, 2.1161910010959613]","[0.8620463909716536, 2.1194186728979783]","[0.8620463909716536, 2.1194186728979783]","[0.8619812399159724, 2.124632312784564]","[0.8619812399159724, 2.124632312784564]"
B pipeline time-constant band factor,3.9536850385220945,3.9536850385220945,3.8804243373878675,3.8804243373878675,2.4559356093034848,2.4559356093034848,2.458590042363127,2.458590042363127,2.4648243075355993,2.4648243075355993
B pipeline declared-box count,34,34,35,35,52,53,52,53,52,53
B pipeline readings-band count,1,1,2,2,15,15,14,14,14,14
B pipeline points,92,100,92,100,124,134,124,134,124,134
B pipeline D_star span,"[2.6090110070628174e-10, 7.173361404736949e-09]","[2.607700658325692e-10, 7.173361404736949e-09]","[2.625198656961476e-10, 7.1933094966195086e-09]","[2.61993653787158e-10, 7.1933094966195086e-09]","[2.625198656961476e-10, 7.1933094966195086e-09]","[2.61993653787158e-10, 7.1933094966195086e-09]","[2.6077099209845473e-10, 7.1733873763798876e-09]","[2.6077099209845473e-10, 7.1733873763798876e-09]","[2.619998406615218e-10, 7.19341335641079e-09]","[2.6180299565611415e-10, 7.19341335641079e-09]"
B fixed rms_rel span,"[0.041593055352962385, 0.2967683468171055]","[0.041593055352962385, 0.2967683468171055]","[0.04053219024123148, 0.2970238906860301]","[0.04053219024123148, 0.2970238906860301]",null,null,"[0.03400488747718844, 0.14423896147706505]","[0.03400488747718844, 0.14423896147706505]","[0.03290757443940084, 0.1452001400331667]","[0.03290757443940084, 0.1452001400331667]"
B fixed rms_raw span,"[0.031421889596948964, 0.1288759348397689]","[0.031421889596948964, 0.1288759348397689]","[0.030620448439640735, 0.1297636967221694]","[0.030620448439640735, 0.1297636967221694]",null,null,"[0.01670068494214818, 0.11952361542796996]","[0.01670068494214818, 0.11952361542796996]","[0.019037243588159558, 0.12032009603848358]","[0.019037243588159558, 0.12032009603848358]"
B fixed time ratio span,"[0.5529499921876647, 2.1832470638690498]","[0.5529499921876647, 2.1832470638690498]","[0.5655591820915027, 2.1946096144210436]","[0.5655591820915027, 2.1946096144210436]",null,null,"[0.8571053914707822, 2.1059670787601728]","[0.8571053914707822, 2.1059670787601728]","[0.8617252756494532, 2.1190691687875773]","[0.8617252756494532, 2.1190691687875773]"
B fixed time-constant band factor,3.9483625910389404,3.9483625910389404,3.8804243373878675,3.8804243373878675,null,null,2.4570689902514316,2.4570689902514316,2.4591006306395116,2.4591006306395116
B fixed declared-box count,35,35,35,35,null,null,51,52,52,53
B fixed readings-band count,1,1,2,2,null,null,13,13,14,14
B fixed points,92,100,92,100,null,null,124,134,124,134
B fixed D_star span,"[2.625198656961476e-10, 7.1933094966195086e-09]","[2.61993653787158e-10, 7.1933094966195086e-09]","[2.625198656961476e-10, 7.1933094966195086e-09]","[2.61993653787158e-10, 7.1933094966195086e-09]",null,null,"[2.625198656961476e-10, 7.1933094966195086e-09]","[2.61993653787158e-10, 7.1933094966195086e-09]","[2.625198656961476e-10, 7.1933094966195086e-09]","[2.61993653787158e-10, 7.1933094966195086e-09]"
C series,8,13,8,13,8,13,8,13,8,13
C points,56,89,56,89,76,123,76,123,76,123
C ratio span,"[7.593787703542764, 18.425385964002118]","[7.593787703542764, 18.654281782537975]","[7.620751995089759, 18.617137988765467]","[7.620751995089759, 18.89787647849974]","[8.429802522074615, 20.14962010815155]","[8.429802522074615, 20.254949712232662]","[8.357032231081629, 19.957455823768846]","[8.357032231081629, 20.05306542246994]","[8.429802522074615, 20.14962010815155]","[8.429802522074615, 20.254949712232662]"
C ratio span soybean (3.9),"[7.593787703542764, 17.68315545871952]","[7.593787703542764, 17.68315545871952]","[7.620751995089759, 17.920033794966624]","[7.620751995089759, 17.920033794966624]","[8.66807857928345, 20.141986045921776]","[8.66807857928345, 20.141986045921776]","[8.617893860799526, 19.844378382657805]","[8.617893860799526, 19.844378382657805]","[8.66807857928345, 20.141986045921776]","[8.66807857928345, 20.141986045921776]"
C rms span,"[0.04076588563345021, 0.11391479562494661]","[0.04076588563345021, 0.11391479562494661]","[0.0403082512923791, 0.11455634026042201]","[0.0403082512923791, 0.11455634026042201]","[0.013102165182882803, 0.09778438941429651]","[0.013102165182882803, 0.09851313053484158]","[0.013008251097924754, 0.09710234782186945]","[0.013008251097924754, 0.09777680736087221]","[0.013102165182882803, 0.09778438941429651]","[0.013102165182882803, 0.09851313053484158]"
"C series [paper's 9, no 3.17]",null,9,null,9,null,9,null,9,null,9
"C points [paper's 9, no 3.17]",null,64,null,64,null,86,null,86,null,86
"C ratio span [paper's 9, no 3.17]",null,"[7.593787703542764, 18.425385964002118]",null,"[7.620751995089759, 18.617137988765467]",null,"[8.429802522074615, 20.14962010815155]",null,"[8.357032231081629, 19.957455823768846]",null,"[8.429802522074615, 20.14962010815155]"
"C ratio span soybean (3.9) [paper's 9, no 3.17]",null,"[7.593787703542764, 17.68315545871952]",null,"[7.620751995089759, 17.920033794966624]",null,"[8.66807857928345, 20.141986045921776]",null,"[8.617893860799526, 19.844378382657805]",null,"[8.66807857928345, 20.141986045921776]"
"C rms span [paper's 9, no 3.17]",null,"[0.04076588563345021, 0.11391479562494661]",null,"[0.0403082512923791, 0.11455634026042201]",null,"[0.013102165182882803, 0.09778438941429651]",null,"[0.013008251097924754, 0.09710234782186945]",null,"[0.013102165182882803, 0.09778438941429651]"
C analytic-sphere rms span,null,null,"[0.04142892558206267, 0.11240259217368691]","[0.04142892558206267, 0.11240259217368691]","[0.014670904336358155, 0.0850865167900066]","[0.014670904336358155, 0.09128847254134456]",null,null,"[0.014670904336358155, 0.0850865167900066]","[0.014670904336358155, 0.09128847254134456]"
"C analytic-sphere rms span [paper's 9, no 3.17]",null,null,null,"[0.04142892558206267, 0.11240259217368691]",null,"[0.014670904336358155, 0.0850865167900066]",null,null,null,"[0.014670904336358155, 0.0850865167900066]"
A frozen declared-box count (v1 per-figure box),null,null,null,null,22,24,22,24,22,24
A tabulated declared-box count (v1 per-figure box),null,null,null,null,3,3,3,3,3,3
B pipeline declared-box count (v1 per-figure box),null,null,null,null,52,53,52,53,52,53
