study,kind,operator,bc,recession,n_cells,n_steps,dt_s,refused,refusal,linf,l2,units,max_scaled_newton_residual,ledger_relative
A1,spatial,wet_core,robin,0.0,16,128,0.003125,False,,0.0856639043170162,0.01269544729635231,K,1.685056075820958e-15,1.3230630212441615e-12
A1,spatial,wet_core,robin,0.0,32,128,0.003125,False,,0.021779086050344176,0.0031673366344396998,K,1.5546197207877674e-15,1.6140543747762382e-13
A1,spatial,wet_core,robin,0.0,64,128,0.003125,False,,0.005472012525729042,0.0007911178539785473,K,1.740070331653616e-15,6.28450591521641e-14
A1,spatial,wet_core,robin,0.0,128,128,0.003125,False,,0.0013682809662896034,0.00019743786129921903,K,2.1982783584744674e-15,7.823909688970143e-13
A1,spatial,wet_core,robin,0.0,256,128,0.003125,False,,0.0003402870855211404,4.905500569387339e-05,K,5.587929383153266e-15,1.0857203310477505e-13
A2,spatial,wet_core,dirichlet,0.0,16,128,0.003125,False,,0.08569367847468357,0.012650095415318693,K,1.5503780113233403e-15,1.780933921180471e-12
A2,spatial,wet_core,dirichlet,0.0,32,128,0.003125,False,,0.021785168141036593,0.003151547314867553,K,1.5613603046035248e-15,1.1704002169427389e-12
A2,spatial,wet_core,dirichlet,0.0,64,128,0.003125,False,,0.005473446928363046,0.0007868630132801219,K,1.7015706476603615e-15,1.6918028036505457e-14
A2,spatial,wet_core,dirichlet,0.0,128,128,0.003125,False,,0.0013686342836081167,0.0001963165812237515,K,2.5678966260559018e-15,2.417435727032767e-15
A3,spatial,wet_core,robin,0.0,256,64,0.00625,False,,0.00033697677827149164,4.8585763959967014e-05,K,1.0448944583185714e-14,3.6264002810389545e-14
B0,mesh-independence of the temporal error,wet_core,flux,0.0,12,128,0.003125,False,,0.09428685286439986,0.0873859044255193,K,1.5636209563349715e-15,8.034107080770103e-14
B0,mesh-independence of the temporal error,wet_core,flux,0.0,24,128,0.003125,False,,0.09451889433495353,0.08749076497876504,K,1.3711036449930798e-15,1.2893714908333608e-14
B0,mesh-independence of the temporal error,wet_core,flux,0.0,48,128,0.003125,False,,0.09457644363720874,0.08751699122616696,K,1.357141091489309e-15,8.492125919821889e-15
B1,temporal,wet_core,flux,0.0,24,32,0.0125,False,,0.374030664395093,0.3462666875126883,K,3.426841636366513e-14,1.7869514528061426e-12
B1,temporal,wet_core,flux,0.0,24,64,0.00625,False,,0.1883632394134338,0.17436535899319813,K,2.495507844576504e-15,2.5936763871736983e-13
B1,temporal,wet_core,flux,0.0,24,128,0.003125,False,,0.09451889433495353,0.08749076497876504,K,1.3711036449930798e-15,1.2893714908333608e-14
B1,temporal,wet_core,flux,0.0,24,256,0.0015625,False,,0.04734379994988558,0.043822410904413744,K,1.4783408089662038e-15,4.526975120579368e-15
B1,temporal,wet_core,flux,0.0,24,512,0.00078125,False,,0.023692992243468325,0.021930463239102905,K,1.5661520297146558e-15,4.966679274231428e-14
C1,spatial,wet_core,dirichlet,0.12,16,128,0.003125,False,,0.10028663189291365,0.03541482846832786,K,1.5688148188048196e-15,8.083244228519058e-14
C1,spatial,wet_core,dirichlet,0.12,32,128,0.003125,False,,0.0691545577332704,0.021715868159670974,K,1.5982741528251518e-15,1.8239987201230154e-13
C1,spatial,wet_core,dirichlet,0.12,64,128,0.003125,False,,0.042175647197041144,0.012449620309594803,K,1.7227636175245968e-15,1.6706050000347938e-13
C1,spatial,wet_core,dirichlet,0.12,128,128,0.003125,False,,0.02508890465657032,0.007183084710729756,K,2.562506468503766e-15,7.342597832007255e-14
C1b,spatial,wet_core,dirichlet,0.12,64,128,0.003125,False,,0.042175647197041144,0.012449620309594803,K,1.7227636175245968e-15,1.6706050000347938e-13
C1b,spatial,wet_core,dirichlet,0.12,128,128,0.003125,False,,0.02508890465657032,0.007183084710729756,K,2.562506468503766e-15,7.342597832007255e-14
C1b,spatial,wet_core,dirichlet,0.12,256,128,0.003125,False,,0.015568608013722951,0.004421691364279733,K,6.862332285269234e-15,1.4514249427786487e-14
C2,spatial,wet_core,dirichlet,0.012,16,128,0.003125,False,,0.06981754098228521,0.009332096861352333,K,1.5213761687293598e-15,3.7924621979259696e-13
C2,spatial,wet_core,dirichlet,0.012,32,128,0.003125,False,,0.01332589084324809,0.0016758463048786025,K,1.7587025942598908e-15,3.332671136719978e-13
C2,spatial,wet_core,dirichlet,0.012,64,128,0.003125,False,,0.0012342002192440304,0.0005670340099877149,K,1.9601842178659114e-15,2.5034123052921486e-13
C2,spatial,wet_core,dirichlet,0.012,128,128,0.003125,False,,0.0014203549264379944,0.00043396623679242485,K,2.329410990908097e-15,4.144850626187614e-14
C2b,spatial,wet_core,dirichlet,0.012,256,128,0.003125,False,,0.0011678431898189956,0.0003021302658059554,K,7.233630614778664e-15,2.387022512323229e-13
D1,temporal,wet_core,dirichlet,0.12,48,32,0.0125,False,,0.06746818844067093,0.0201842365062193,K,2.0168734510493378e-15,1.8778665581888073e-14
D1,temporal,wet_core,dirichlet,0.12,48,64,0.00625,False,,0.057277878697902906,0.01716461082084074,K,1.7676384982829278e-15,3.901037197348917e-14
D1,temporal,wet_core,dirichlet,0.12,48,128,0.003125,False,,0.05218690759841138,0.01572792513052922,K,1.623411046522773e-15,2.1883191674402963e-14
D1,temporal,wet_core,dirichlet,0.12,48,256,0.0015625,False,,0.049633830826678604,0.0150348743162589,K,1.763736861779597e-15,5.555678015111256e-14
D1,temporal,wet_core,dirichlet,0.12,48,512,0.00078125,False,,0.04835538443586529,0.01469583064870118,K,1.792489747288636e-15,2.12562561546568e-15
E1,spatial,dry_shell,dirichlet,0.0,8,2048,0.0078125,False,,0.006958944545118806,0.004523042321955951,kg/m3,,3.926282648585505e-13
E1,spatial,dry_shell,dirichlet,0.0,16,2048,0.0078125,False,,0.004196608463654883,0.0018734719130637477,kg/m3,,5.97835578538416e-14
E1,spatial,dry_shell,dirichlet,0.0,32,2048,0.0078125,False,,0.001594972819737972,0.0005679244560151635,kg/m3,,1.2738697272795538e-13
E1,spatial,dry_shell,dirichlet,0.0,64,2048,0.0078125,False,,0.0004517453140857608,0.00014624865327360334,kg/m3,,2.561979621411371e-15
E1b,spatial,dry_shell,dirichlet,0.0,8,1024,0.015625,False,,0.006958483431841023,0.004522780169056925,kg/m3,,1.1068219691994622e-13
E1b,spatial,dry_shell,dirichlet,0.0,16,1024,0.015625,False,,0.004196024677724175,0.001873241049127478,kg/m3,,1.153954473309478e-13
E1b,spatial,dry_shell,dirichlet,0.0,32,1024,0.015625,False,,0.0015948354847545865,0.0005678679755238659,kg/m3,,2.4779229513419315e-14
E1b,spatial,dry_shell,dirichlet,0.0,64,1024,0.015625,False,,0.0004517256633960187,0.00014623499563592337,kg/m3,,5.694546587759926e-14
E1c,spatial,dry_shell,dirichlet,0.0,8,4096,,True,dry-shell Newton line search failed inside the admissible storage domain,,,kg/m3,,
E1c,spatial,dry_shell,dirichlet,0.0,16,4096,,True,dry-shell Newton line search failed inside the admissible storage domain,,,kg/m3,,
E1c,spatial,dry_shell,dirichlet,0.0,32,4096,,True,dry-shell Newton line search failed inside the admissible storage domain,,,kg/m3,,
E1c,spatial,dry_shell,dirichlet,0.0,64,4096,,True,dry-shell Newton line search failed inside the admissible storage domain,,,kg/m3,,
E1d,spatial,dry_shell,dirichlet,0.0,8,8192,,True,dry-shell Newton line search failed inside the admissible storage domain,,,kg/m3,,
E1d,spatial,dry_shell,dirichlet,0.0,16,8192,,True,dry-shell Newton line search failed inside the admissible storage domain,,,kg/m3,,
E1d,spatial,dry_shell,dirichlet,0.0,32,8192,,True,dry-shell Newton line search failed inside the admissible storage domain,,,kg/m3,,
E1d,spatial,dry_shell,dirichlet,0.0,64,8192,,True,dry-shell Newton line search failed inside the admissible storage domain,,,kg/m3,,
E1r,spatial,dry_shell,dirichlet,0.0,8,16384,,True,dry-shell Newton line search failed inside the admissible storage domain,,,kg/m3,,
E1r,spatial,dry_shell,dirichlet,0.0,16,16384,,True,dry-shell Newton line search failed inside the admissible storage domain,,,kg/m3,,
E1r,spatial,dry_shell,dirichlet,0.0,32,16384,,True,dry-shell Newton line search failed inside the admissible storage domain,,,kg/m3,,
E1r,spatial,dry_shell,dirichlet,0.0,64,16384,,True,dry-shell Newton line search failed inside the admissible storage domain,,,kg/m3,,
E1w,spatial,dry_shell,dirichlet,0.0,8,2048,0.0078125,False,,0.006958944545118806,0.004523042321955951,kg/m3,,3.926282648585505e-13
E1w,spatial,dry_shell,dirichlet,0.0,16,2048,0.0078125,False,,0.004196608463654883,0.0018734719130637477,kg/m3,,5.97835578538416e-14
E1w,spatial,dry_shell,dirichlet,0.0,32,2048,0.0078125,False,,0.001594972819737972,0.0005679244560151635,kg/m3,,1.2738697272795538e-13
E1w,spatial,dry_shell,dirichlet,0.0,64,2048,0.0078125,False,,0.0004517453140857608,0.00014624865327360334,kg/m3,,2.561979621411371e-15
E1w,spatial,dry_shell,dirichlet,0.0,128,2048,0.0078125,False,,0.00011890248609969234,3.6786775261286215e-05,kg/m3,,3.587683062652143e-14
E1w,spatial,dry_shell,dirichlet,0.0,256,2048,0.0078125,False,,3.0453295549293102e-05,9.209990967415054e-06,kg/m3,,4.414994275288985e-14
E2,temporal,dry_shell,dirichlet,0.0,48,16,0.25,False,,0.024054918782872914,0.013147857952837549,kg/m3,,4.840656500140435e-15
E2,temporal,dry_shell,dirichlet,0.0,48,32,0.125,False,,0.012153069584072806,0.006686696203724018,kg/m3,,3.9951063220561054e-15
E2,temporal,dry_shell,dirichlet,0.0,48,64,0.0625,False,,0.0061067924447295585,0.0033809128841194086,kg/m3,,2.77265597926214e-15
E2,temporal,dry_shell,dirichlet,0.0,48,128,0.03125,False,,0.003058361944224597,0.0017119144289869002,kg/m3,,7.288833505167945e-16
E2,temporal,dry_shell,dirichlet,0.0,48,256,0.015625,False,,0.0015303718095653895,0.0008782001169218777,kg/m3,,4.1605644616901375e-15
E2,temporal,dry_shell,dirichlet,0.0,48,512,,True,dry-shell Newton line search failed inside the admissible storage domain,,,kg/m3,,
