record,cells,dt_s,part,index,time_after_s,interface_temperature_k,solver_front_over_radius,regime,oracle_front_over_radius,relative_difference,signed_excess_percent,oracle_refusal
F38a_hold_f38an12h1800comb.json,12,0.075,three_segments,0,0.075,337.7114981194268,0.5909952882006595,RECEDING_FRONT,0.5339944289281298,0.09644892338494641,10.674429579152308,
F38a_hold_f38an12h1800comb.json,12,0.075,three_segments,1,0.15,337.76773017422823,0.5843102843598237,RECEDING_FRONT,0.5273069327313606,0.09755664610784062,10.810279192271441,
F38a_hold_f38an12h1800comb.json,12,0.075,three_segments,2,0.225,337.7100704810923,0.5780560480123459,RECEDING_FRONT,0.5184972696137317,0.10303287821900307,11.48680656370363,
F38a_hold_f38an12h1800comb.json,12,0.075,return_hold,0,0.3,337.71018198076916,0.5719226932620253,RECEDING_FRONT,0.509613684794431,0.10894655729117482,12.226714141856014,
F38a_hold_f38an12h1800comb.json,12,0.075,return_hold,1,0.375,337.7102770733491,0.5658093294278084,RECEDING_FRONT,0.5004277025774825,0.11555416895731468,13.065149373940322,
F38a_hold_f38an12h1800comb.json,12,0.075,return_hold,2,0.45,337.71036526128137,0.5595789110059745,RECEDING_FRONT,0.49081958128343817,0.1228769139975723,14.009084466992608,
F38a_hold_f38an12h1800comb.json,12,0.075,return_hold,3,0.525,337.71044640545676,0.553170530167799,RECEDING_FRONT,0.4807259595245732,0.13096245496167425,15.069827041350512,
F38a_hold_f38an12h1800comb.json,12,0.075,return_hold,4,0.6,337.7105187554798,0.5465603043642248,RECEDING_FRONT,0.47010474084886994,0.13988495488030403,16.26351680208515,
F38a_hold_f38an12h1800comb.json,12,0.075,return_hold,5,0.6749999999999999,337.71057912553374,0.539744449000541,RECEDING_FRONT,0.45892115015628243,0.14974364070611781,17.61158726651293,
F38a_hold_f38an12h1800comb.json,12,0.075,return_hold,6,0.7499999999999999,337.71063014606375,0.5327293999031454,RECEDING_FRONT,0.44713889240792004,0.16066413363104495,19.14181677069192,
F38a_hold_f38an12h1800comb.json,12,0.075,return_hold,7,0.8249999999999998,337.71071708304066,0.5255236497104445,RECEDING_FRONT,0.43471037875944146,0.17280529810797246,20.89052283733419,
F38a_hold_f38an12h1800comb.json,12,0.075,return_hold,8,0.8999999999999998,337.7110453171371,0.5181376808123918,RECEDING_FRONT,0.42157600473113166,0.18636296810118183,22.904926987683798,
F38a_hold_f38an12h1800comb.json,12,0.075,return_hold,9,0.9749999999999998,337.7132154170065,0.510591475812266,RECEDING_FRONT,0.40768058810835867,0.20155230272928723,25.243018849981247,
F38a_hold_f38an12h1800comb.json,12,0.075,return_hold,10,1.0499999999999998,337.7387039949007,0.503021003800738,RECEDING_FRONT,0.3932708366970316,0.2181820764430381,27.90701899623842,
F38a_hold_f38an12h1800comb.json,12,0.075,return_hold,11,1.1249999999999998,337.7085890270912,0.4953863971814527,RECEDING_FRONT,0.3775705861660531,0.2378260922902278,31.20365180236391,
F38a_hold_f38an12h1800comb.json,12,0.075,return_hold,12,1.1999999999999997,337.70852894699726,0.48716770830176054,RECEDING_FRONT,0.3602592902853964,0.2605025248055948,35.22696608762752,
F38a_hold_f38an12h1800comb.json,12,0.075,return_hold,13,1.2749999999999997,337.70853295697964,0.4789127841744709,RECEDING_FRONT,0.3415694624995822,0.2867814896852987,40.209484966782334,
F38a_hold_f38an12h1800comb.json,12,0.075,return_hold,14,1.3499999999999996,337.70854580511633,0.47056581552606225,RECEDING_FRONT,0.32100678425414064,0.31782808342064595,46.59061384619084,
F38a_hold_f38an12h1800comb.json,12,0.075,return_hold,15,1.4249999999999996,337.7085574272337,0.4621119746716519,RECEDING_FRONT,0.2978937017357168,0.35536467769011704,55.126466917257986,
F38a_hold_f38an12h1800comb.json,12,0.075,return_hold,16,1.4999999999999996,337.70855891844883,0.45354797756136894,RECEDING_FRONT,0.271100516992144,0.4022671681840721,67.29882428609015,
F38a_hold_f38an12h1800comb.json,12,0.075,return_hold,17,1.5749999999999995,337.70856235105265,0.4448733393257111,RECEDING_FRONT,0.2384071377785748,0.4641010896721177,86.60235740881875,
F38a_hold_f38an12h1800comb.json,12,0.075,return_hold,18,1.6499999999999995,337.7086971442478,0.4360884912786217,RECEDING_FRONT,0.19414552475226687,0.5548024572191125,124.61938890174179,
F38a_hold_f38an12h1800comb.json,12,0.075,return_hold,19,1.7249999999999994,337.71029281484607,0.4272009582776819,RECEDING_FRONT,0.10740242518795065,0.7485903926317068,297.7572736649983,
F38a_hold_f38an12h1800comb.json,12,0.075,return_hold,20,1.7999999999999994,337.73725758712385,0.41834476852601893,,,,,ZeroDivisionError: division by zero
F38a_hold_f38an12h1800comb.json,12,0.075,return_hold,21,1.8749999999999996,337.7105981299568,0.4092593957126477,,,,,ZeroDivisionError: division by zero
F38a_hold_f38an12h1800comb.json,12,0.075,return_hold,22,1.9499999999999995,337.71056703793795,0.3998700460079301,,,,,ZeroDivisionError: division by zero
F38a_hold_f38an12h1800comb.json,12,0.075,return_hold,23,2.0249999999999995,337.7105730846566,0.3904135353306152,,,,,ZeroDivisionError: division by zero
