quantity,label,before_v1_everywhere_min,before_v1_everywhere_max,printed_now_thesis_v2_journal_v1_min,printed_now_thesis_v2_journal_v1_max,after_v2_everywhere_min,after_v2_everywhere_max,faner2008_sunflower_136C_v1,faner2008_sunflower_136C_v2,faner2008_soybean_136C_v1,faner2008_soybean_136C_v2,faner2019_soybean_120C_v1,faner2019_soybean_120C_v2,faner2019_sunflower_100C_v1,faner2019_sunflower_100C_v2
whitaker_duty_ratio_charge,"duty, simulated over measured, Whitaker, charge basis",0.8233213394545684,0.9815780148887441,0.8233213394545684,1.0568546803333532,0.8151857923353579,1.0568546803333532,0.9815780148887441,1.0568546803333532,0.8821277994681757,0.9197161316356793,0.9061096002650859,0.9076254937225525,0.8233213394545684,0.8151857923353579
whitaker_crossing_ratio_charge,"crossing, simulated over measured, Whitaker, charge basis",0.8937824445369728,1.1215754069848691,0.8574478587111619,1.1215754069848691,0.8574478587111619,1.1290967979156452,0.8937824445369728,0.8574478587111619,1.0055723650578392,0.9517836646608975,0.9734866726619311,0.9694699569988898,1.1215754069848691,1.1290967979156452
whitaker_duty_ratio_dry,"duty ratio, Whitaker, dry-meal reading",0.5084035223157247,0.607871045133384,0.5300670958744013,0.6091052139851766,0.5300670958744013,0.6091052139851766,0.5657204324565877,0.6091052139851766,0.5084035223157247,0.5300670958744013,0.607871045133384,0.6081797026211785,0.5491448485936029,0.5428636639509854
whitaker_crossing_ratio_dry,"crossing ratio, Whitaker, dry-meal reading",1.4511064918967094,1.7447623760631934,1.4511064918967094,1.6815544546088679,1.446802062906691,1.6954969156220498,1.5507963780649456,1.4877524634730135,1.7447623760631934,1.6514339354944023,1.4511064918967094,1.446802062906691,1.6815544546088679,1.6954969156220498
whitaker_over_demand,Whitaker h over the demanded h,0.8734122697177891,0.9976540932772061,0.8734122697177891,1.0741636241244157,0.8610166431756237,1.0741636241244157,0.9976540932772061,1.0741636241244157,0.8854851300755018,0.9266533771072567,0.909021743400159,0.89063610473667,0.8734122697177891,0.8610166431756237
bird_bm_over_demand,Bird and Bradshaw-Myers h over the demanded h,1.776707993362197,2.5480109288946213,1.776707993362197,2.7434164527900884,1.7514926288387356,2.7434164527900884,1.8925097086469043;2.5480109288946213,2.037645212934492;2.7434164527900884,2.2021998113918393;2.2254678198589395,2.3045851623925193;2.328934954266224,2.084402399408142;2.2900824262422823,2.0422438156085057;2.2437638114190483,1.776707993362197;2.1993684379084923,1.7514926288387356;2.1681545991176217
demand_h_bed_charge_w_m2_k,"demanded h, bed area, charge reading, W/m2K",85.50142125403126,97.11533924512595,81.7028664559682,91.60995671399586,81.7028664559682,92.92881950250413,97.11533924512595,90.19809788930476,85.50142125403126,81.7028664559682,86.52025633777734,88.30631706632722,91.60995671399586,92.92881950250413
demand_h_bed_dry_w_m2_k,"demanded h, dry-meal reading, W/m2K",128.96951666426838,168.50422300911472,128.96951666426838,156.50216041952578,131.78516856237235,156.50216041952578,168.50422300911472,156.50216041952578,148.35298590905788,141.76213702997842,128.96951666426838,131.78516856237235,137.348884292203,139.54563251774033
demand_h_particle_area_w_m2_k,"demanded h, frozen particle area (S13.2), W/m2K",16.177352583302923,18.652249169900752,16.177352583302923,17.823589370568424,16.468894992239445,17.823589370568424,17.731885279072348,16.468894992239445,18.652249169900752,17.823589370568424,16.177352583302923,16.530535216576247,17.228422541912526,17.503972699038204
specific_duty_w_per_kg_dry,"specific duty, W/kg dry",1671.434681057839,3682.5904876933805,1671.434681057839,3532.0848808795376,1690.7739563620464,3532.0848808795376,3544.7248821173857,3292.244504247302,3682.5904876933805,3532.0848808795376,2433.024768739569,2431.7899835114126,1671.434681057839,1690.7739563620464
slope_match_closest_miss_charge,"flux definition vs plotted slope, closest |ratio-1|, charge reading",0.008821306640576676,0.10189547191843906,0.007102756000049393,0.10037013646380899,0.0012872101003578162,0.10037013646380899,0.10189547191843906,0.10037013646380899,0.047681963140077,0.007102756000049393,0.008821306640576676,0.007163095210078407,0.011280047750652944,0.0012872101003578162
