material,key,value,unit,origin,source_location,notes
soybean,equivalent_sphere_diameter_mean,1.77e-3,m,tabulated,Sec. 3 pp. 4-5,"""For sunflower, approximately 97.1% of the particles had a Deq value in the range 1 to 3 10−3 m, with an average equivalent diameter of 1.81 10−3 m. For soybean, the percentage of particles that had a Deq value between 1 and 3 10−3 m was 95.1%, with an average equivalent diameter of 1.77 10−3 m."" This is the soybean value; it is not interchangeable with the other meal's value."
soybean,particle_fraction_diameter_1_to_3_mm,95.1,percent,tabulated,Sec. 3 pp. 4-5,"""For sunflower, approximately 97.1% of the particles had a Deq value in the range 1 to 3 10−3 m, with an average equivalent diameter of 1.81 10−3 m. For soybean, the percentage of particles that had a Deq value between 1 and 3 10−3 m was 95.1%, with an average equivalent diameter of 1.77 10−3 m."""
soybean,sphericity,0.74,1,tabulated,Sec. 3 p. 5,"""The average sphericity shape factor (ψ) was 0.74 for both sunflower and soybean meals."" Measured by image analysis on the 2019 study's own soybean meal (Sec. 2.1); not a value borrowed from the other meal."
soybean,apparent_particle_density,1160,kg/m3,tabulated,Sec. 3 p. 4,"""The sunflower and soybean meal apparent density (ρp) was 1,030 kg/m3 and 1,160 kg/m3, respectively. Furthermore, the true density (ρm) was similar for meals, being 1,340 and 1,350 kg/m3 for sunflower and soybean, respectively."""
soybean,true_solid_density,1350,kg/m3,tabulated,Sec. 3 p. 4,"""The sunflower and soybean meal apparent density (ρp) was 1,030 kg/m3 and 1,160 kg/m3, respectively. Furthermore, the true density (ρm) was similar for meals, being 1,340 and 1,350 kg/m3 for sunflower and soybean, respectively."""
soybean,particle_porosity,0.141,1,tabulated,Sec. 3 p. 4,"""The value of particle porosity, calculated from apparent and true densities, resulted higher for sunflower meal, 0.231, than for soybean meal, 0.141."""
soybean,bulk_density_corrected,338,kg/m3,tabulated,Sec. 3 p. 4,"""The average values were 0.373 ± 0.012 kg/m3 and 0.338 ± 0.014 kg/m3 for sunflower and soybean meals, respectively. The resulting bed porosities (ε) were calculated from bulk and apparent densities, ranging from 0.638 to 0.709."" Printed kg/m3 values are a factor-1000 unit error; corrected here."
soybean,bulk_density_uncertainty_corrected,14,kg/m3,tabulated,Sec. 3 p. 4,"""The average values were 0.373 ± 0.012 kg/m3 and 0.338 ± 0.014 kg/m3 for sunflower and soybean meals, respectively. The resulting bed porosities (ε) were calculated from bulk and apparent densities, ranging from 0.638 to 0.709."""
soybean,bulk_density_as_printed,0.338,kg/m3,tabulated,Sec. 3 p. 4,verbatim value with the unit error
soybean,bed_porosity,0.709,1,derived,Sec. 3 p. 4,"""The average values were 0.373 ± 0.012 kg/m3 and 0.338 ± 0.014 kg/m3 for sunflower and soybean meals, respectively. The resulting bed porosities (ε) were calculated from bulk and apparent densities, ranging from 0.638 to 0.709."" The article prints only the range; the per-meal value is 1 - rho_b/rho_p (373/1030 -> 0.638 sunflower; 338/1160 -> 0.709 soybean). v1 labelled it tabulated."
soybean,oil_content,1.95,percent_w_w,tabulated,Sec. 3 p. 4,"""The meal oil content was 1.80 and 1.95% for sunflower and soybean, respectively."""
soybean,critical_solvent_loading,0.20,kg_hexane_per_kg_dry_meal,tabulated,Sec. 3 p. 6,"""An average value of Xc = 0.20 was obtained for both sunflower and soybean meals and used in model solution."" No uncertainty stated."
soybean,figure2_gas_temperature,120,degC,tabulated,Fig. 2 p. 5,"""Typical results of experimental desolventization of oilseed meals with superheated hexane at 100 °C for sunflower and 120 °C for soybean are shown in Figure 2."" Caption: ""...superheated hexane al 100 °C (sunflower) and 120 °C (soybean)."""
soybean,figure4_temperature_setpoints,92;101;109;120;125;136,degC,tabulated,Fig. 4 p. 5,"Legend labels as printed (the 125 label is printed ""125°"" without C in both figures). ""It should be taken into account that gas flow rate, amount of meal, and initial solvent content were not exactly the same in all the experiments."""
sunflower,equivalent_sphere_diameter_mean,1.81e-3,m,tabulated,Sec. 3 pp. 4-5,"""For sunflower, approximately 97.1% of the particles had a Deq value in the range 1 to 3 10−3 m, with an average equivalent diameter of 1.81 10−3 m. For soybean, the percentage of particles that had a Deq value between 1 and 3 10−3 m was 95.1%, with an average equivalent diameter of 1.77 10−3 m."" This is the sunflower value; it is not interchangeable with the other meal's value."
sunflower,particle_fraction_diameter_1_to_3_mm,97.1,percent,tabulated,Sec. 3 pp. 4-5,"""For sunflower, approximately 97.1% of the particles had a Deq value in the range 1 to 3 10−3 m, with an average equivalent diameter of 1.81 10−3 m. For soybean, the percentage of particles that had a Deq value between 1 and 3 10−3 m was 95.1%, with an average equivalent diameter of 1.77 10−3 m."""
sunflower,sphericity,0.74,1,tabulated,Sec. 3 p. 5,"""The average sphericity shape factor (ψ) was 0.74 for both sunflower and soybean meals."" Measured by image analysis on the 2019 study's own sunflower meal (Sec. 2.1); not a value borrowed from the other meal."
sunflower,apparent_particle_density,1030,kg/m3,tabulated,Sec. 3 p. 4,"""The sunflower and soybean meal apparent density (ρp) was 1,030 kg/m3 and 1,160 kg/m3, respectively. Furthermore, the true density (ρm) was similar for meals, being 1,340 and 1,350 kg/m3 for sunflower and soybean, respectively."""
sunflower,true_solid_density,1340,kg/m3,tabulated,Sec. 3 p. 4,"""The sunflower and soybean meal apparent density (ρp) was 1,030 kg/m3 and 1,160 kg/m3, respectively. Furthermore, the true density (ρm) was similar for meals, being 1,340 and 1,350 kg/m3 for sunflower and soybean, respectively."""
sunflower,particle_porosity,0.231,1,tabulated,Sec. 3 p. 4,"""The value of particle porosity, calculated from apparent and true densities, resulted higher for sunflower meal, 0.231, than for soybean meal, 0.141."""
sunflower,bulk_density_corrected,373,kg/m3,tabulated,Sec. 3 p. 4,"""The average values were 0.373 ± 0.012 kg/m3 and 0.338 ± 0.014 kg/m3 for sunflower and soybean meals, respectively. The resulting bed porosities (ε) were calculated from bulk and apparent densities, ranging from 0.638 to 0.709."" Printed kg/m3 values are a factor-1000 unit error; corrected here."
sunflower,bulk_density_uncertainty_corrected,12,kg/m3,tabulated,Sec. 3 p. 4,"""The average values were 0.373 ± 0.012 kg/m3 and 0.338 ± 0.014 kg/m3 for sunflower and soybean meals, respectively. The resulting bed porosities (ε) were calculated from bulk and apparent densities, ranging from 0.638 to 0.709."""
sunflower,bulk_density_as_printed,0.373,kg/m3,tabulated,Sec. 3 p. 4,verbatim value with the unit error
sunflower,bed_porosity,0.638,1,derived,Sec. 3 p. 4,"""The average values were 0.373 ± 0.012 kg/m3 and 0.338 ± 0.014 kg/m3 for sunflower and soybean meals, respectively. The resulting bed porosities (ε) were calculated from bulk and apparent densities, ranging from 0.638 to 0.709."" The article prints only the range; the per-meal value is 1 - rho_b/rho_p (373/1030 -> 0.638 sunflower; 338/1160 -> 0.709 soybean). v1 labelled it tabulated."
sunflower,oil_content,1.80,percent_w_w,tabulated,Sec. 3 p. 4,"""The meal oil content was 1.80 and 1.95% for sunflower and soybean, respectively."""
sunflower,critical_solvent_loading,0.20,kg_hexane_per_kg_dry_meal,tabulated,Sec. 3 p. 6,"""An average value of Xc = 0.20 was obtained for both sunflower and soybean meals and used in model solution."" No uncertainty stated."
sunflower,figure2_gas_temperature,100,degC,tabulated,Fig. 2 p. 5,"""Typical results of experimental desolventization of oilseed meals with superheated hexane at 100 °C for sunflower and 120 °C for soybean are shown in Figure 2."" Caption: ""...superheated hexane al 100 °C (sunflower) and 120 °C (soybean)."""
sunflower,figure3_temperature_setpoints,93;101;110;121;125;136,degC,tabulated,Fig. 3 p. 5,"Legend labels as printed (the 125 label is printed ""125°"" without C in both figures). ""It should be taken into account that gas flow rate, amount of meal, and initial solvent content were not exactly the same in all the experiments."""
common,desolventizing_gas,pure_superheated_n_hexane,1,tabulated,Abstract and Sec. 2.2 p. 2,"""Sunflower and soybean meal samples embedded with hexane ... were desolventized with flowing superheated hexane vapor."" No water or steam."
common,water_present,false,boolean,tabulated,experimental scope,
common,sample_mass_approximate,30,g,tabulated,Sec. 2.2 p. 2,"""The sample-holder was designed to contain an amount of meal that allow recording weight changes in short times with accuracy (~ 30 g of sample) but a thickness that assure a thin layer condition (~ 3–5Dp)."""
common,sample_holder_cross_area,0.011,m2,tabulated,Sec. 2.2 p. 2,"""Inside, there was a rectangular sample-holder (cross area: 0.011m2) made of stainless steel mesh and a thermocouple, type K, that recorded the solid temperature."""
common,layer_thickness_lower,3,particle_diameters,tabulated,Sec. 2.2 p. 2,"""The sample-holder was designed to contain an amount of meal that allow recording weight changes in short times with accuracy (~ 30 g of sample) but a thickness that assure a thin layer condition (~ 3–5Dp)."""
common,layer_thickness_upper,5,particle_diameters,tabulated,Sec. 2.2 p. 2,"""The sample-holder was designed to contain an amount of meal that allow recording weight changes in short times with accuracy (~ 30 g of sample) but a thickness that assure a thin layer condition (~ 3–5Dp)."""
common,initial_solvent_to_meal_ratio_lower,0.45,kg_hexane_per_kg_meal_basis_not_stated,tabulated,Sec. 2.2 pp. 2-3,"""Weighed-meal sample was placed on the sample-holder and embedded with hexane to a solvent-to-meal ratio of 0.45–0.5 (w : w), higher than the range of solvent content observed in the industrial extractor outlet stream (0.3–0.4 w : w)."" The basis (dry or as-is meal) is not printed. v1 carried the unit as per kg dry meal."
common,initial_solvent_to_meal_ratio_upper,0.50,kg_hexane_per_kg_meal_basis_not_stated,tabulated,Sec. 2.2 pp. 2-3,"""Weighed-meal sample was placed on the sample-holder and embedded with hexane to a solvent-to-meal ratio of 0.45–0.5 (w : w), higher than the range of solvent content observed in the industrial extractor outlet stream (0.3–0.4 w : w)."" The basis (dry or as-is meal) is not printed."
common,sample_preheated_in_rig,true,boolean,tabulated,Sec. 3 p. 5,"""The initial warming-up stage is not observed because the samples were preheated inside the equipment before desolventization."""
common,balance_readability,0.01,g,tabulated,Sec. 2.2 p. 2,"""(Scientech, SL 3000 model, 0.01 g readability)"""
common,mass_log_interval,not_printed,s,tabulated,Sec. 2.2 p. 2,"""The balance output (port RS232) was connected to a data acquisition system (12), and the weight loss was measured continuously at second intervals."" No numeral is printed. v1 carried 2 s from a controlling brief; that number is not in the article."
common,temperature_log_interval,10,s,tabulated,Sec. 2.2 p. 3,"""The thermocouples placed in the center of the sample-holder and within the desolventizing chamber recorded the temperature of the meal and the superheated vapor every 10 s along the process."""
common,figure2_temperature_marker_spacing,15,s,digitized,Fig. 2 p. 5,"Read from the figure: Tp and Tg markers are plotted every 15 s (sunflower at about 0, 19, 34, 49 ... s; soybean at about 0, 10, 25, 40 ... s), although the text states 10 s logging."
common,run_duration,240,s,tabulated,Figs. 2-4,time axes of Figures 2-4 end at 240 s
common,hexane_boiling_temperature,68.7,degC,tabulated,Sec. 3 p. 5,"""...near the boiling point of the solvent (Tb = 68.7 °C)"""
common,gas_flow_rate,not_printed,unspecified,tabulated,Sec. 2.2 p. 3,"""The tests were performed at different flow rates and temperatures, ranging from 90 °C to 135 °C."" No flow rate or velocity is printed anywhere in the article."
common,run_temperature_range,90;135,degC,tabulated,Sec. 2.2 p. 3,"""The tests were performed at different flow rates and temperatures, ranging from 90 °C to 135 °C."" No flow rate or velocity is printed anywhere in the article."
common,superheater_temperature_range,80;140,degC,tabulated,Sec. 2.2 p. 2,"""...the solvent vapor to a temperature in the range 80–140 °C (recorded with a type K thermocouple)."""
common,chamber_length,0.110,m,tabulated,Sec. 2.2 p. 2,"""A cylindrical vessel (110 mm length, 100 mm inner diameter) insulated by a ceramic material was used as desolventizing chamber (10)."""
common,chamber_inner_diameter,0.100,m,tabulated,Sec. 2.2 p. 2,"""A cylindrical vessel (110 mm length, 100 mm inner diameter) insulated by a ceramic material was used as desolventizing chamber (10)."""
common,equivalent_diameter_range,0.5e-3;4e-3,m,tabulated,Sec. 3 p. 4,"""The particle size distribution based on the equivalent sphere diameter (Deq) obtained from image analysis ranged from 0.5 to 4 10−3 m."""
common,model_vs_data_band_loading_60s,14;11,percent_sunflower;soybean,tabulated,Sec. 3 pp. 5-6,"""...the differences between predicted an experimental solvent content at 60 s of processing are in the range ± 14% for sunflower and ± 11% for soybean. On the other hand, experimental and calculated times required to eliminate 90% of the initial hexane differs in ±15% for sunflower and ± 10% for soybean."" Comparison context, not a digitization tolerance."
common,model_vs_data_band_t90,15;10,percent_sunflower;soybean,tabulated,Sec. 3 p. 6,"""...the differences between predicted an experimental solvent content at 60 s of processing are in the range ± 14% for sunflower and ± 11% for soybean. On the other hand, experimental and calculated times required to eliminate 90% of the initial hexane differs in ±15% for sunflower and ± 10% for soybean."""
common,gas_flow_constant_across_temperature_runs,false,boolean,tabulated,Sec. 3 p. 5,"""It should be taken into account that gas flow rate, amount of meal, and initial solvent content were not exactly the same in all the experiments."""
common,meal_mass_constant_across_temperature_runs,false,boolean,tabulated,Sec. 3 p. 5,"""It should be taken into account that gas flow rate, amount of meal, and initial solvent content were not exactly the same in all the experiments."""
common,initial_loading_constant_across_temperature_runs,false,boolean,tabulated,Sec. 3 p. 5,"""It should be taken into account that gas flow rate, amount of meal, and initial solvent content were not exactly the same in all the experiments."""
common,temperature_series_single_factor_controlled,false,boolean,tabulated,Sec. 3 p. 5,"""It should be taken into account that gas flow rate, amount of meal, and initial solvent content were not exactly the same in all the experiments."""
