"figure","material","temperature_c","quantity","series","time_s","value","unit","origin","point_id","superseded_by"
"2","sunflower","100","solvent_loading","experimental","0","0.50164","kg_hexane_per_kg_dry_meal","digitized","f2-sun-X-000",""
"2","soybean","120","solvent_loading","experimental","0","0.492364","kg_hexane_per_kg_dry_meal","digitized","f2-soy-X-000",""
"2","sunflower","100","solvent_loading","experimental","9.884","0.44366","kg_hexane_per_kg_dry_meal","digitized","f2-sun-X-001",""
"2","soybean","120","solvent_loading","experimental","9.884","0.4209","kg_hexane_per_kg_dry_meal","digitized","f2-soy-X-001",""
"2","sunflower","100","solvent_loading","experimental","20.077","0.391761","kg_hexane_per_kg_dry_meal","digitized","f2-sun-X-002",""
"2","soybean","120","solvent_loading","experimental","20.077","0.337384","kg_hexane_per_kg_dry_meal","digitized","f2-soy-X-002",""
"2","sunflower","100","solvent_loading","experimental","29.961","0.339856","kg_hexane_per_kg_dry_meal","digitized","f2-sun-X-003",""
"2","soybean","120","solvent_loading","experimental","29.961","0.278064","kg_hexane_per_kg_dry_meal","digitized","f2-soy-X-003",""
"2","sunflower","100","solvent_loading","experimental","40.154","0.295366","kg_hexane_per_kg_dry_meal","digitized","f2-sun-X-004",""
"2","soybean","120","solvent_loading","experimental","40.154","0.225","kg_hexane_per_kg_dry_meal","digitized","f2-soy-X-004",""
"2","sunflower","100","solvent_loading","experimental","50.039","0.246702","kg_hexane_per_kg_dry_meal","digitized","f2-sun-X-005",""
"2","soybean","120","solvent_loading","experimental","50.039","0.181719","kg_hexane_per_kg_dry_meal","digitized","f2-soy-X-005",""
"2","sunflower","100","solvent_loading","experimental","59.923","0.2161","kg_hexane_per_kg_dry_meal","digitized","f2-sun-X-006",""
"2","soybean","120","solvent_loading","experimental","59.923","0.135942","kg_hexane_per_kg_dry_meal","digitized","f2-soy-X-006",""
"2","sunflower","100","solvent_loading","experimental","70.116","0.18414","kg_hexane_per_kg_dry_meal","digitized","f2-sun-X-007",""
"2","soybean","120","solvent_loading","experimental","70.116","0.10265","kg_hexane_per_kg_dry_meal","digitized","f2-soy-X-007",""
"2","sunflower","100","solvent_loading","experimental","80","0.159423","kg_hexane_per_kg_dry_meal","digitized","f2-sun-X-008",""
"2","soybean","120","solvent_loading","experimental","80","0.0788","kg_hexane_per_kg_dry_meal","digitized","f2-soy-X-008",""
"2","sunflower","100","solvent_loading","experimental","89.884","0.134706","kg_hexane_per_kg_dry_meal","digitized","f2-sun-X-009",""
"2","soybean","120","solvent_loading","experimental","89.884","0.06299","kg_hexane_per_kg_dry_meal","digitized","f2-soy-X-009",""
"2","sunflower","100","solvent_loading","experimental","100.077","0.113697","kg_hexane_per_kg_dry_meal","digitized","f2-sun-X-010",""
"2","soybean","120","solvent_loading","experimental","100.077","0.05383","kg_hexane_per_kg_dry_meal","digitized","f2-soy-X-010",""
"2","sunflower","100","solvent_loading","experimental","109.961","0.0956","kg_hexane_per_kg_dry_meal","digitized","f2-sun-X-011",""
"2","soybean","120","solvent_loading","experimental","109.961","0.04901","kg_hexane_per_kg_dry_meal","digitized","f2-soy-X-011",""
"2","sunflower","100","solvent_loading","experimental","120.154","0.081565","kg_hexane_per_kg_dry_meal","digitized","f2-sun-X-012",""
"2","soybean","120","solvent_loading","experimental","120.154","0.0391","kg_hexane_per_kg_dry_meal","digitized","f2-soy-X-012",""
"2","sunflower","100","solvent_loading","experimental","130.039","0.06703","kg_hexane_per_kg_dry_meal","digitized","f2-sun-X-013",""
"2","soybean","120","solvent_loading","experimental","130.039","0.03514","kg_hexane_per_kg_dry_meal","digitized","f2-soy-X-013",""
"2","sunflower","100","solvent_loading","experimental","139.923","0.055613","kg_hexane_per_kg_dry_meal","digitized","f2-sun-X-014",""
"2","soybean","120","solvent_loading","experimental","139.923","0.02587","kg_hexane_per_kg_dry_meal","digitized","f2-soy-X-014",""
"2","sunflower","100","solvent_loading","experimental","150.116","0.0502","kg_hexane_per_kg_dry_meal","digitized","f2-sun-X-015",""
"2","soybean","120","solvent_loading","experimental","150.116","0.02344","kg_hexane_per_kg_dry_meal","digitized","f2-soy-X-015",""
"2","sunflower","100","solvent_loading","experimental","160","0.039547","kg_hexane_per_kg_dry_meal","digitized","f2-sun-X-016",""
"2","soybean","120","solvent_loading","experimental","160","0.01612","kg_hexane_per_kg_dry_meal","digitized","f2-soy-X-016",""
"2","sunflower","100","solvent_loading","experimental","169.884","0.0319","kg_hexane_per_kg_dry_meal","digitized","f2-sun-X-017",""
"2","soybean","120","solvent_loading","experimental","169.884","0.017302","kg_hexane_per_kg_dry_meal","digitized","f2-soy-X-017",""
"2","sunflower","100","solvent_loading","experimental","180.077","0.028","kg_hexane_per_kg_dry_meal","digitized","f2-sun-X-018",""
"2","soybean","120","solvent_loading","experimental","180.077","0.012358","kg_hexane_per_kg_dry_meal","digitized","f2-soy-X-018",""
"2","sunflower","100","solvent_loading","experimental","189.961","0.022245","kg_hexane_per_kg_dry_meal","digitized","f2-sun-X-019",""
"2","soybean","120","solvent_loading","experimental","189.961","0.011123","kg_hexane_per_kg_dry_meal","digitized","f2-soy-X-019",""
"2","sunflower","100","solvent_loading","experimental","200.154","0.017969","kg_hexane_per_kg_dry_meal","digitized","f2-sun-X-020",""
"2","soybean","120","solvent_loading","experimental","200.154","0.010393","kg_hexane_per_kg_dry_meal","digitized","f2-soy-X-020",""
"2","sunflower","100","solvent_loading","experimental","210.039","0.015365","kg_hexane_per_kg_dry_meal","digitized","f2-sun-X-021",""
"2","soybean","120","solvent_loading","experimental","210.039","0.010393","kg_hexane_per_kg_dry_meal","digitized","f2-soy-X-021",""
"2","sunflower","100","solvent_loading","experimental","219.923","0.012879","kg_hexane_per_kg_dry_meal","digitized","f2-sun-X-022",""
"2","soybean","120","solvent_loading","experimental","219.923","0.009775","kg_hexane_per_kg_dry_meal","digitized","f2-soy-X-022",""
"2","sunflower","100","solvent_loading","experimental","230.116","0.011044","kg_hexane_per_kg_dry_meal","digitized","f2-sun-X-023",""
"2","soybean","120","solvent_loading","experimental","230.116","0.009175","kg_hexane_per_kg_dry_meal","digitized","f2-soy-X-023",""
"2","sunflower","100","solvent_loading","experimental","240","0.0105","kg_hexane_per_kg_dry_meal","digitized","f2-sun-X-024",""
"2","soybean","120","solvent_loading","experimental","240","0.008","kg_hexane_per_kg_dry_meal","digitized","f2-soy-X-024",""
"2","sunflower","100","particle_temperature","experimental","0","68.278","degC","digitized","f2-sun-Tp-000",""
"2","sunflower","100","gas_temperature","experimental","0","102.078","degC","digitized","f2-sun-Tg-000",""
"2","sunflower","100","particle_temperature","experimental","19.151","68.426","degC","digitized","f2-sun-Tp-001",""
"2","sunflower","100","gas_temperature","experimental","19.151","101.844","degC","digitized","f2-sun-Tg-001",""
"2","sunflower","100","particle_temperature","experimental","33.977","68.612","degC","digitized","f2-sun-Tp-002",""
"2","sunflower","100","gas_temperature","experimental","33.977","101.622","degC","digitized","f2-sun-Tg-002",""
"2","sunflower","100","particle_temperature","experimental","49.112","68.65","degC","digitized","f2-sun-Tp-003",""
"2","sunflower","100","gas_temperature","experimental","49.112","101.325","degC","digitized","f2-sun-Tg-003",""
"2","sunflower","100","particle_temperature","experimental","64.247","68.584","degC","digitized","f2-sun-Tp-004",""
"2","sunflower","100","gas_temperature","experimental","64.247","100.903","degC","digitized","f2-sun-Tg-004",""
"2","sunflower","100","particle_temperature","experimental","79.073","68.598","degC","digitized","f2-sun-Tp-005",""
"2","sunflower","100","gas_temperature","experimental","79.073","100.811","degC","digitized","f2-sun-Tg-005",""
"2","sunflower","100","particle_temperature","experimental","94.208","68.671","degC","digitized","f2-sun-Tp-006",""
"2","sunflower","100","gas_temperature","experimental","94.208","100.398","degC","digitized","f2-sun-Tg-006",""
"2","sunflower","100","particle_temperature","experimental","109.035","69.073","degC","digitized","f2-sun-Tp-007",""
"2","sunflower","100","gas_temperature","experimental","109.035","100.202","degC","digitized","f2-sun-Tg-007",""
"2","sunflower","100","particle_temperature","experimental","124.17","71.684","degC","digitized","f2-sun-Tp-008",""
"2","sunflower","100","gas_temperature","experimental","124.17","100.013","degC","digitized","f2-sun-Tg-008",""
"2","sunflower","100","particle_temperature","experimental","138.996","77.112","degC","digitized","f2-sun-Tp-009",""
"2","sunflower","100","gas_temperature","experimental","138.996","99.722","degC","digitized","f2-sun-Tg-009",""
"2","sunflower","100","particle_temperature","experimental","154.131","80.91","degC","digitized","f2-sun-Tp-010",""
"2","sunflower","100","gas_temperature","experimental","154.131","99.309","degC","digitized","f2-sun-Tg-010",""
"2","sunflower","100","particle_temperature","experimental","168.958","83.7","degC","digitized","f2-sun-Tp-011",""
"2","sunflower","100","gas_temperature","experimental","168.958","99.201","degC","digitized","f2-sun-Tg-011",""
"2","sunflower","100","particle_temperature","experimental","184.093","85.465","degC","digitized","f2-sun-Tp-012",""
"2","sunflower","100","gas_temperature","experimental","184.093","98.892","degC","digitized","f2-sun-Tg-012",""
"2","sunflower","100","particle_temperature","experimental","198.919","86.761","degC","digitized","f2-sun-Tp-013",""
"2","sunflower","100","gas_temperature","experimental","198.919","98.83","degC","digitized","f2-sun-Tg-013",""
"2","sunflower","100","particle_temperature","experimental","214.054","87.876","degC","digitized","f2-sun-Tp-014",""
"2","sunflower","100","gas_temperature","experimental","214.054","98.539","degC","digitized","f2-sun-Tg-014",""
"2","sunflower","100","particle_temperature","experimental","228.88","88.667","degC","digitized","f2-sun-Tp-015",""
"2","sunflower","100","gas_temperature","experimental","228.88","98.426","degC","digitized","f2-sun-Tg-015",""
"2","soybean","120","particle_temperature","experimental","0","69.743","degC","digitized","f2-soy-Tp-000",""
"2","soybean","120","gas_temperature","experimental","0","117.87","degC","digitized","f2-soy-Tg-000",""
"2","soybean","120","particle_temperature","experimental","10.193","69.436","degC","digitized","f2-soy-Tp-001",""
"2","soybean","120","gas_temperature","experimental","10.193","119.32","degC","digitized","f2-soy-Tg-001",""
"2","soybean","120","particle_temperature","experimental","25.019","68.809","degC","digitized","f2-soy-Tp-002",""
"2","soybean","120","gas_temperature","experimental","25.019","119.88","degC","digitized","f2-soy-Tg-002",""
"2","soybean","120","particle_temperature","experimental","40.154","68.47","degC","digitized","f2-soy-Tp-003",""
"2","soybean","120","gas_temperature","experimental","40.154","120.69","degC","digitized","f2-soy-Tg-003",""
"2","soybean","120","particle_temperature","experimental","54.981","68.127","degC","digitized","f2-soy-Tp-004",""
"2","soybean","120","gas_temperature","experimental","54.981","120.706","degC","digitized","f2-soy-Tg-004",""
"2","soybean","120","particle_temperature","experimental","70.116","68.16","degC","digitized","f2-soy-Tp-005",""
"2","soybean","120","gas_temperature","experimental","70.116","120.315","degC","digitized","f2-soy-Tg-005",""
"2","soybean","120","particle_temperature","experimental","84.942","69.688","degC","digitized","f2-soy-Tp-006",""
"2","soybean","120","gas_temperature","experimental","84.942","119.9","degC","digitized","f2-soy-Tg-006",""
"2","soybean","120","particle_temperature","experimental","100.077","74.211","degC","digitized","f2-soy-Tp-007",""
"2","soybean","120","gas_temperature","experimental","100.077","119.59","degC","digitized","f2-soy-Tg-007",""
"2","soybean","120","particle_temperature","experimental","114.903","79.614","degC","digitized","f2-soy-Tp-008",""
"2","soybean","120","gas_temperature","experimental","114.903","119.88","degC","digitized","f2-soy-Tg-008",""
"2","soybean","120","particle_temperature","experimental","130.039","83.744","degC","digitized","f2-soy-Tp-009",""
"2","soybean","120","gas_temperature","experimental","130.039","120.002","degC","digitized","f2-soy-Tg-009",""
"2","soybean","120","particle_temperature","experimental","145.174","87.735","degC","digitized","f2-soy-Tp-010",""
"2","soybean","120","gas_temperature","experimental","145.174","119.39","degC","digitized","f2-soy-Tg-010",""
"2","soybean","120","particle_temperature","experimental","160","91.315","degC","digitized","f2-soy-Tp-011",""
"2","soybean","120","gas_temperature","experimental","160","119.52","degC","digitized","f2-soy-Tg-011",""
"2","soybean","120","particle_temperature","experimental","175.135","94.652","degC","digitized","f2-soy-Tp-012",""
"2","soybean","120","gas_temperature","experimental","175.135","118.92","degC","digitized","f2-soy-Tg-012",""
"2","soybean","120","particle_temperature","experimental","189.961","96.067","degC","digitized","f2-soy-Tp-013",""
"2","soybean","120","gas_temperature","experimental","189.961","118.68","degC","digitized","f2-soy-Tg-013",""
"2","soybean","120","particle_temperature","experimental","205.097","97.852","degC","digitized","f2-soy-Tp-014",""
"2","soybean","120","gas_temperature","experimental","205.097","118.41","degC","digitized","f2-soy-Tg-014",""
"2","soybean","120","particle_temperature","experimental","219.923","99.76","degC","digitized","f2-soy-Tp-015",""
"2","soybean","120","gas_temperature","experimental","219.923","118.29","degC","digitized","f2-soy-Tg-015",""
"2","soybean","120","particle_temperature","experimental","235.058","100.76","degC","digitized","f2-soy-Tp-016",""
"2","soybean","120","gas_temperature","experimental","235.058","117.82","degC","digitized","f2-soy-Tg-016",""
"3","sunflower","93","normalized_solvent_loading","experimental","0","1","1","digitized","f3-sun-93-exp-000",""
"3","sunflower","93","normalized_solvent_loading","experimental","10.047","0.915","1","digitized","f3-sun-93-exp-001",""
"3","sunflower","93","normalized_solvent_loading","experimental","20.093","0.849771","1","digitized","f3-sun-93-exp-002",""
"3","sunflower","93","normalized_solvent_loading","experimental","30.14","0.772029","1","digitized","f3-sun-93-exp-003",""
"3","sunflower","93","normalized_solvent_loading","experimental","40.186","0.7089","1","digitized","f3-sun-93-exp-004",""
"3","sunflower","93","normalized_solvent_loading","experimental","49.953","0.649151","1","digitized","f3-sun-93-exp-005",""
"3","sunflower","93","normalized_solvent_loading","experimental","60","0.604317","1","digitized","f3-sun-93-exp-006",""
"3","sunflower","93","normalized_solvent_loading","experimental","70.047","0.556993","1","digitized","f3-sun-93-exp-007",""
"3","sunflower","93","normalized_solvent_loading","experimental","80.093","0.4826","1","digitized","f3-sun-93-exp-008",""
"3","sunflower","93","normalized_solvent_loading","experimental","90.14","0.4126","1","digitized","f3-sun-93-exp-009",""
"3","sunflower","93","normalized_solvent_loading","experimental","99.907","0.3642","1","digitized","f3-sun-93-exp-010",""
"3","sunflower","93","normalized_solvent_loading","experimental","109.953","0.305292","1","digitized","f3-sun-93-exp-011",""
"3","sunflower","93","normalized_solvent_loading","experimental","120","0.264996","1","digitized","f3-sun-93-exp-012",""
"3","sunflower","93","normalized_solvent_loading","experimental","130.047","0.231087","1","digitized","f3-sun-93-exp-013",""
"3","sunflower","93","normalized_solvent_loading","experimental","140.093","0.1878","1","digitized","f3-sun-93-exp-014",""
"3","sunflower","93","normalized_solvent_loading","experimental","149.86","0.166943","1","digitized","f3-sun-93-exp-015",""
"3","sunflower","93","normalized_solvent_loading","experimental","159.907","0.131732","1","digitized","f3-sun-93-exp-016",""
"3","sunflower","93","normalized_solvent_loading","experimental","169.953","0.107226","1","digitized","f3-sun-93-exp-017",""
"3","sunflower","93","normalized_solvent_loading","experimental","180","0.089733","1","digitized","f3-sun-93-exp-018",""
"3","sunflower","93","normalized_solvent_loading","experimental","190.047","0.073005","1","digitized","f3-sun-93-exp-019",""
"3","sunflower","93","normalized_solvent_loading","experimental","200.093","0.060123","1","digitized","f3-sun-93-exp-020",""
"3","sunflower","93","normalized_solvent_loading","experimental","209.86","0.047696","1","digitized","f3-sun-93-exp-021",""
"3","sunflower","93","normalized_solvent_loading","experimental","219.907","0.037995","1","digitized","f3-sun-93-exp-022",""
"3","sunflower","93","normalized_solvent_loading","experimental","229.953","0.028294","1","digitized","f3-sun-93-exp-023",""
"3","sunflower","93","normalized_solvent_loading","experimental","240","0.018593","1","digitized","f3-sun-93-exp-024",""
"3","sunflower","101","normalized_solvent_loading","experimental","0","1","1","digitized","f3-sun-101-exp-000",""
"3","sunflower","101","normalized_solvent_loading","experimental","10.047","0.90655","1","digitized","f3-sun-101-exp-001",""
"3","sunflower","101","normalized_solvent_loading","experimental","20.093","0.8171","1","digitized","f3-sun-101-exp-002",""
"3","sunflower","101","normalized_solvent_loading","experimental","30.14","0.7362","1","digitized","f3-sun-101-exp-003",""
"3","sunflower","101","normalized_solvent_loading","experimental","40.186","0.647617","1","digitized","f3-sun-101-exp-004",""
"3","sunflower","101","normalized_solvent_loading","experimental","49.953","0.577188","1","digitized","f3-sun-101-exp-005",""
"3","sunflower","101","normalized_solvent_loading","experimental","60","0.500404","1","digitized","f3-sun-101-exp-006",""
"3","sunflower","101","normalized_solvent_loading","experimental","70.047","0.440647","1","digitized","f3-sun-101-exp-007",""
"3","sunflower","101","normalized_solvent_loading","experimental","80.093","0.3903","1","digitized","f3-sun-101-exp-008",""
"3","sunflower","101","normalized_solvent_loading","experimental","90.14","0.305736","1","digitized","f3-sun-101-exp-009",""
"3","sunflower","101","normalized_solvent_loading","experimental","99.907","0.253355","1","digitized","f3-sun-101-exp-010",""
"3","sunflower","101","normalized_solvent_loading","experimental","109.953","0.209442","1","digitized","f3-sun-101-exp-011",""
"3","sunflower","101","normalized_solvent_loading","experimental","120","0.1594","1","digitized","f3-sun-101-exp-012",""
"3","sunflower","101","normalized_solvent_loading","experimental","130.047","0.1244","1","digitized","f3-sun-101-exp-013",""
"3","sunflower","101","normalized_solvent_loading","experimental","140.093","0.1108","1","digitized","f3-sun-101-exp-014",""
"3","sunflower","101","normalized_solvent_loading","experimental","149.86","0.088867","1","digitized","f3-sun-101-exp-015",""
"3","sunflower","101","normalized_solvent_loading","experimental","159.907","0.065166","1","digitized","f3-sun-101-exp-016",""
"3","sunflower","101","normalized_solvent_loading","experimental","169.953","0.059498","1","digitized","f3-sun-101-exp-017",""
"3","sunflower","101","normalized_solvent_loading","experimental","180","0.049313","1","digitized","f3-sun-101-exp-018",""
"3","sunflower","101","normalized_solvent_loading","experimental","190.047","0.034762","1","digitized","f3-sun-101-exp-019",""
"3","sunflower","101","normalized_solvent_loading","experimental","200.093","0.031528","1","digitized","f3-sun-101-exp-020",""
"3","sunflower","101","normalized_solvent_loading","experimental","209.86","0.026677","1","digitized","f3-sun-101-exp-021",""
"3","sunflower","101","normalized_solvent_loading","experimental","219.907","0.023444","1","digitized","f3-sun-101-exp-022",""
"3","sunflower","101","normalized_solvent_loading","experimental","229.953","0.02021","1","digitized","f3-sun-101-exp-023",""
"3","sunflower","101","normalized_solvent_loading","experimental","240","0.016977","1","digitized","f3-sun-101-exp-024",""
"3","sunflower","110","normalized_solvent_loading","experimental","0","1","1","digitized","f3-sun-110-exp-000",""
"3","sunflower","110","normalized_solvent_loading","experimental","10.047","0.885719","1","digitized","f3-sun-110-exp-001",""
"3","sunflower","110","normalized_solvent_loading","experimental","20.093","0.783018","1","digitized","f3-sun-110-exp-002",""
"3","sunflower","110","normalized_solvent_loading","experimental","30.14","0.676309","1","digitized","f3-sun-110-exp-003",""
"3","sunflower","110","normalized_solvent_loading","experimental","40.186","0.587796","1","digitized","f3-sun-110-exp-004",""
"3","sunflower","110","normalized_solvent_loading","experimental","49.953","0.508715","1","digitized","f3-sun-110-exp-005",""
"3","sunflower","110","normalized_solvent_loading","experimental","60","0.4303","1","digitized","f3-sun-110-exp-006",""
"3","sunflower","110","normalized_solvent_loading","experimental","70.047","0.364535","1","digitized","f3-sun-110-exp-007",""
"3","sunflower","110","normalized_solvent_loading","experimental","80.093","0.3172","1","digitized","f3-sun-110-exp-008",""
"3","sunflower","110","normalized_solvent_loading","experimental","90.14","0.264461","1","digitized","f3-sun-110-exp-009",""
"3","sunflower","110","normalized_solvent_loading","experimental","99.907","0.2236","1","digitized","f3-sun-110-exp-010",""
"3","sunflower","110","normalized_solvent_loading","experimental","109.953","0.185404","1","digitized","f3-sun-110-exp-011",""
"3","sunflower","110","normalized_solvent_loading","experimental","120","0.156127","1","digitized","f3-sun-110-exp-012",""
"3","sunflower","110","normalized_solvent_loading","experimental","130.047","0.129825","1","digitized","f3-sun-110-exp-013",""
"3","sunflower","110","normalized_solvent_loading","experimental","140.093","0.10719","1","digitized","f3-sun-110-exp-014",""
"3","sunflower","110","normalized_solvent_loading","experimental","149.86","0.094255","1","digitized","f3-sun-110-exp-015",""
"3","sunflower","110","normalized_solvent_loading","experimental","159.907","0.0865","1","digitized","f3-sun-110-exp-016",""
"3","sunflower","110","normalized_solvent_loading","experimental","169.953","0.078416","1","digitized","f3-sun-110-exp-017",""
"3","sunflower","110","normalized_solvent_loading","experimental","180","0.070331","1","digitized","f3-sun-110-exp-018",""
"3","sunflower","110","normalized_solvent_loading","experimental","190.047","0.063864","1","digitized","f3-sun-110-exp-019",""
"3","sunflower","110","normalized_solvent_loading","experimental","200.093","0.057397","1","digitized","f3-sun-110-exp-020",""
"3","sunflower","110","normalized_solvent_loading","experimental","209.86","0.052546","1","digitized","f3-sun-110-exp-021",""
"3","sunflower","110","normalized_solvent_loading","experimental","219.907","0.047696","1","digitized","f3-sun-110-exp-022",""
"3","sunflower","110","normalized_solvent_loading","experimental","229.953","0.042846","1","digitized","f3-sun-110-exp-023",""
"3","sunflower","110","normalized_solvent_loading","experimental","240","0.039612","1","digitized","f3-sun-110-exp-024",""
"3","sunflower","121","normalized_solvent_loading","experimental","0","1","1","digitized","f3-sun-121-exp-000",""
"3","sunflower","121","normalized_solvent_loading","experimental","10.047","0.832903","1","digitized","f3-sun-121-exp-001",""
"3","sunflower","121","normalized_solvent_loading","experimental","20.093","0.674201","1","digitized","f3-sun-121-exp-002",""
"3","sunflower","121","normalized_solvent_loading","experimental","30.14","0.511157","1","digitized","f3-sun-121-exp-003",""
"3","sunflower","121","normalized_solvent_loading","experimental","40.186","0.394746","1","digitized","f3-sun-121-exp-004",""
"3","sunflower","121","normalized_solvent_loading","experimental","49.953","0.299394","1","digitized","f3-sun-121-exp-005",""
"3","sunflower","121","normalized_solvent_loading","experimental","60","0.263784","1","digitized","f3-sun-121-exp-006",""
"3","sunflower","121","normalized_solvent_loading","experimental","70.047","0.234681","1","digitized","f3-sun-121-exp-007",""
"3","sunflower","121","normalized_solvent_loading","experimental","80.093","0.188614","1","digitized","f3-sun-121-exp-008",""
"3","sunflower","121","normalized_solvent_loading","experimental","90.14","0.159946","1","digitized","f3-sun-121-exp-009",""
"3","sunflower","121","normalized_solvent_loading","experimental","99.907","0.139289","1","digitized","f3-sun-121-exp-010",""
"3","sunflower","121","normalized_solvent_loading","experimental","109.953","0.124738","1","digitized","f3-sun-121-exp-011",""
"3","sunflower","121","normalized_solvent_loading","experimental","120","0.115464","1","digitized","f3-sun-121-exp-012",""
"3","sunflower","121","normalized_solvent_loading","experimental","130.047","0.0988","1","digitized","f3-sun-121-exp-013",""
"3","sunflower","121","normalized_solvent_loading","experimental","140.093","0.087262","1","digitized","f3-sun-121-exp-014",""
"3","sunflower","121","normalized_solvent_loading","experimental","149.86","0.080334","1","digitized","f3-sun-121-exp-015",""
"3","sunflower","121","normalized_solvent_loading","experimental","159.907","0.079152","1","digitized","f3-sun-121-exp-016",""
"3","sunflower","121","normalized_solvent_loading","experimental","169.953","0.06465","1","digitized","f3-sun-121-exp-017",""
"3","sunflower","121","normalized_solvent_loading","experimental","180","0.049216","1","digitized","f3-sun-121-exp-018",""
"3","sunflower","121","normalized_solvent_loading","experimental","190.047","0.044462","1","digitized","f3-sun-121-exp-019",""
"3","sunflower","121","normalized_solvent_loading","experimental","200.093","0.037995","1","digitized","f3-sun-121-exp-020",""
"3","sunflower","121","normalized_solvent_loading","experimental","209.86","0.033145","1","digitized","f3-sun-121-exp-021",""
"3","sunflower","121","normalized_solvent_loading","experimental","219.907","0.028294","1","digitized","f3-sun-121-exp-022",""
"3","sunflower","121","normalized_solvent_loading","experimental","229.953","0.023444","1","digitized","f3-sun-121-exp-023",""
"3","sunflower","121","normalized_solvent_loading","experimental","240","0.018593","1","digitized","f3-sun-121-exp-024",""
"3","sunflower","125","normalized_solvent_loading","experimental","0","1","1","digitized","f3-sun-125-exp-000",""
"3","sunflower","125","normalized_solvent_loading","experimental","10.047","0.815","1","digitized","f3-sun-125-exp-001",""
"3","sunflower","125","normalized_solvent_loading","experimental","20.093","0.662086","1","digitized","f3-sun-125-exp-002",""
"3","sunflower","125","normalized_solvent_loading","experimental","30.14","0.5348","1","digitized","f3-sun-125-exp-003",""
"3","sunflower","125","normalized_solvent_loading","experimental","40.186","0.4268","1","digitized","f3-sun-125-exp-004",""
"3","sunflower","125","normalized_solvent_loading","experimental","49.953","0.3055","1","digitized","f3-sun-125-exp-005",""
"3","sunflower","125","normalized_solvent_loading","experimental","60","0.2308","1","digitized","f3-sun-125-exp-006",""
"3","sunflower","125","normalized_solvent_loading","experimental","70.047","0.2083","1","digitized","f3-sun-125-exp-007",""
"3","sunflower","125","normalized_solvent_loading","experimental","80.093","0.1854","1","digitized","f3-sun-125-exp-008",""
"3","sunflower","125","normalized_solvent_loading","experimental","90.14","0.1602","1","digitized","f3-sun-125-exp-009",""
"3","sunflower","125","normalized_solvent_loading","experimental","99.907","0.1307","1","digitized","f3-sun-125-exp-010",""
"3","sunflower","125","normalized_solvent_loading","experimental","109.953","0.109862","1","digitized","f3-sun-125-exp-011",""
"3","sunflower","125","normalized_solvent_loading","experimental","120","0.084556","1","digitized","f3-sun-125-exp-012",""
"3","sunflower","125","normalized_solvent_loading","experimental","130.047","0.079003","1","digitized","f3-sun-125-exp-013",""
"3","sunflower","125","normalized_solvent_loading","experimental","140.093","0.064643","1","digitized","f3-sun-125-exp-014",""
"3","sunflower","125","normalized_solvent_loading","experimental","149.86","0.060198","1","digitized","f3-sun-125-exp-015",""
"3","sunflower","125","normalized_solvent_loading","experimental","159.907","0.0584","1","digitized","f3-sun-125-exp-016",""
"3","sunflower","125","normalized_solvent_loading","experimental","169.953","0.05675","1","digitized","f3-sun-125-exp-017",""
"3","sunflower","125","normalized_solvent_loading","experimental","180","0.0511","1","digitized","f3-sun-125-exp-018",""
"3","sunflower","125","normalized_solvent_loading","experimental","190.047","0.035639","1","digitized","f3-sun-125-exp-019",""
"3","sunflower","125","normalized_solvent_loading","experimental","200.093","0.038472","1","digitized","f3-sun-125-exp-020",""
"3","sunflower","125","normalized_solvent_loading","experimental","209.86","0.033456","1","digitized","f3-sun-125-exp-021",""
"3","sunflower","125","normalized_solvent_loading","experimental","219.907","0.031197","1","digitized","f3-sun-125-exp-022",""
"3","sunflower","125","normalized_solvent_loading","experimental","229.953","0.029531","1","digitized","f3-sun-125-exp-023",""
"3","sunflower","125","normalized_solvent_loading","experimental","240","0.024314","1","digitized","f3-sun-125-exp-024",""
"3","sunflower","136","normalized_solvent_loading","experimental","0","1","1","digitized","f3-sun-136-exp-000",""
"3","sunflower","136","normalized_solvent_loading","experimental","10.047","0.7777","1","digitized","f3-sun-136-exp-001",""
"3","sunflower","136","normalized_solvent_loading","experimental","20.093","0.5741","1","digitized","f3-sun-136-exp-002",""
"3","sunflower","136","normalized_solvent_loading","experimental","30.14","0.4088","1","digitized","f3-sun-136-exp-003",""
"3","sunflower","136","normalized_solvent_loading","experimental","40.186","0.2836","1","digitized","f3-sun-136-exp-004",""
"3","sunflower","136","normalized_solvent_loading","experimental","49.953","0.1942","1","digitized","f3-sun-136-exp-005",""
"3","sunflower","136","normalized_solvent_loading","experimental","60","0.144705","1","digitized","f3-sun-136-exp-006",""
"3","sunflower","136","normalized_solvent_loading","experimental","70.047","0.1196","1","digitized","f3-sun-136-exp-007",""
"3","sunflower","136","normalized_solvent_loading","experimental","80.093","0.0952","1","digitized","f3-sun-136-exp-008",""
"3","sunflower","136","normalized_solvent_loading","experimental","90.14","0.080105","1","digitized","f3-sun-136-exp-009",""
"3","sunflower","136","normalized_solvent_loading","experimental","99.907","0.073565","1","digitized","f3-sun-136-exp-010",""
"3","sunflower","136","normalized_solvent_loading","experimental","109.953","0.070331","1","digitized","f3-sun-136-exp-011",""
"3","sunflower","136","normalized_solvent_loading","experimental","120","0.054163","1","digitized","f3-sun-136-exp-012",""
"3","sunflower","136","normalized_solvent_loading","experimental","130.047","0.0517","1","digitized","f3-sun-136-exp-013",""
"3","sunflower","136","normalized_solvent_loading","experimental","140.093","0.0501","1","digitized","f3-sun-136-exp-014",""
"3","sunflower","136","normalized_solvent_loading","experimental","149.86","0.0476","1","digitized","f3-sun-136-exp-015",""
"3","sunflower","136","normalized_solvent_loading","experimental","159.907","0.0356","1","digitized","f3-sun-136-exp-016",""
"3","sunflower","136","normalized_solvent_loading","experimental","169.953","0.0357","1","digitized","f3-sun-136-exp-017",""
"3","sunflower","136","normalized_solvent_loading","experimental","180","0.0352","1","digitized","f3-sun-136-exp-018",""
"3","sunflower","136","normalized_solvent_loading","experimental","190.047","0.034762","1","digitized","f3-sun-136-exp-019",""
"3","sunflower","136","normalized_solvent_loading","experimental","200.093","0.0322","1","digitized","f3-sun-136-exp-020",""
"3","sunflower","136","normalized_solvent_loading","experimental","209.86","0.029956","1","digitized","f3-sun-136-exp-021",""
"3","sunflower","136","normalized_solvent_loading","experimental","219.907","0.028347","1","digitized","f3-sun-136-exp-022",""
"3","sunflower","136","normalized_solvent_loading","experimental","229.953","0.024839","1","digitized","f3-sun-136-exp-023",""
"3","sunflower","136","normalized_solvent_loading","experimental","240","0.023444","1","digitized","f3-sun-136-exp-024",""
"3","sunflower","93","normalized_solvent_loading","faner_model_line","0","1","1","digitized","f3-sun-93-model-000",""
"3","sunflower","101","normalized_solvent_loading","faner_model_line","0","1","1","digitized","f3-sun-101-model-000",""
"3","sunflower","110","normalized_solvent_loading","faner_model_line","0","1","1","digitized","f3-sun-110-model-000",""
"3","sunflower","121","normalized_solvent_loading","faner_model_line","0","1","1","digitized","f3-sun-121-model-000",""
"3","sunflower","125","normalized_solvent_loading","faner_model_line","0","1","1","digitized","f3-sun-125-model-000",""
"3","sunflower","136","normalized_solvent_loading","faner_model_line","0","1","1","digitized","f3-sun-136-model-000",""
"3","sunflower","93","normalized_solvent_loading","faner_model_line","15","0.8889","1","digitized","f3-sun-93-model-015",""
"3","sunflower","101","normalized_solvent_loading","faner_model_line","15","0.8652","1","digitized","f3-sun-101-model-015",""
"3","sunflower","110","normalized_solvent_loading","faner_model_line","15","0.8321","1","digitized","f3-sun-110-model-015",""
"3","sunflower","121","normalized_solvent_loading","faner_model_line","15","0.78658","1","digitized","f3-sun-121-model-015",""
"3","sunflower","125","normalized_solvent_loading","faner_model_line","15","0.765562","1","digitized","f3-sun-125-model-015",""
"3","sunflower","136","normalized_solvent_loading","faner_model_line","15","0.717057","1","digitized","f3-sun-136-model-015",""
"3","sunflower","93","normalized_solvent_loading","faner_model_line","24.999","0.8173","1","digitized","f3-sun-93-model-025",""
"3","sunflower","101","normalized_solvent_loading","faner_model_line","24.999","0.7776","1","digitized","f3-sun-101-model-025",""
"3","sunflower","110","normalized_solvent_loading","faner_model_line","24.999","0.723525","1","digitized","f3-sun-110-model-025",""
"3","sunflower","121","normalized_solvent_loading","faner_model_line","24.999","0.649151","1","digitized","f3-sun-121-model-025",""
"3","sunflower","125","normalized_solvent_loading","faner_model_line","24.999","0.618432","1","digitized","f3-sun-125-model-025",""
"3","sunflower","136","normalized_solvent_loading","faner_model_line","24.999","0.5362","1","digitized","f3-sun-136-model-025",""
"3","sunflower","93","normalized_solvent_loading","faner_model_line","35.001","0.747777","1","digitized","f3-sun-93-model-035",""
"3","sunflower","101","normalized_solvent_loading","faner_model_line","35.001","0.6934","1","digitized","f3-sun-101-model-035",""
"3","sunflower","110","normalized_solvent_loading","faner_model_line","35.001","0.620049","1","digitized","f3-sun-110-model-035",""
"3","sunflower","121","normalized_solvent_loading","faner_model_line","35.001","0.5196","1","digitized","f3-sun-121-model-035",""
"3","sunflower","125","normalized_solvent_loading","faner_model_line","35.001","0.4763","1","digitized","f3-sun-125-model-035",""
"3","sunflower","136","normalized_solvent_loading","faner_model_line","35.001","0.377526","1","digitized","f3-sun-136-model-035",""
"3","sunflower","93","normalized_solvent_loading","faner_model_line","45","0.6782","1","digitized","f3-sun-93-model-045",""
"3","sunflower","101","normalized_solvent_loading","faner_model_line","45","0.6097","1","digitized","f3-sun-101-model-045",""
"3","sunflower","110","normalized_solvent_loading","faner_model_line","45","0.518189","1","digitized","f3-sun-110-model-045",""
"3","sunflower","121","normalized_solvent_loading","faner_model_line","45","0.3989","1","digitized","f3-sun-121-model-045",""
"3","sunflower","125","normalized_solvent_loading","faner_model_line","45","0.3588","1","digitized","f3-sun-125-model-045",""
"3","sunflower","136","normalized_solvent_loading","faner_model_line","45","0.2652","1","digitized","f3-sun-136-model-045",""
"3","sunflower","93","normalized_solvent_loading","faner_model_line","54.999","0.6097","1","digitized","f3-sun-93-model-055",""
"3","sunflower","101","normalized_solvent_loading","faner_model_line","54.999","0.527","1","digitized","f3-sun-101-model-055",""
"3","sunflower","110","normalized_solvent_loading","faner_model_line","54.999","0.4176","1","digitized","f3-sun-110-model-055",""
"3","sunflower","121","normalized_solvent_loading","faner_model_line","54.999","0.31447","1","digitized","f3-sun-121-model-055",""
"3","sunflower","125","normalized_solvent_loading","faner_model_line","54.999","0.2852","1","digitized","f3-sun-125-model-055",""
"3","sunflower","136","normalized_solvent_loading","faner_model_line","54.999","0.2013","1","digitized","f3-sun-136-model-055",""
"3","sunflower","93","normalized_solvent_loading","faner_model_line","65.001","0.542441","1","digitized","f3-sun-93-model-065",""
"3","sunflower","101","normalized_solvent_loading","faner_model_line","65.001","0.4477","1","digitized","f3-sun-101-model-065",""
"3","sunflower","110","normalized_solvent_loading","faner_model_line","65.001","0.332255","1","digitized","f3-sun-110-model-065",""
"3","sunflower","121","normalized_solvent_loading","faner_model_line","65.001","0.2577","1","digitized","f3-sun-121-model-065",""
"3","sunflower","125","normalized_solvent_loading","faner_model_line","65.001","0.2307","1","digitized","f3-sun-125-model-065",""
"3","sunflower","136","normalized_solvent_loading","faner_model_line","65.001","0.1521","1","digitized","f3-sun-136-model-065",""
"3","sunflower","93","normalized_solvent_loading","faner_model_line","75","0.476152","1","digitized","f3-sun-93-model-075",""
"3","sunflower","101","normalized_solvent_loading","faner_model_line","75","0.3674","1","digitized","f3-sun-101-model-075",""
"3","sunflower","110","normalized_solvent_loading","faner_model_line","75","0.2748","1","digitized","f3-sun-110-model-075",""
"3","sunflower","121","normalized_solvent_loading","faner_model_line","75","0.2121","1","digitized","f3-sun-121-model-075",""
"3","sunflower","125","normalized_solvent_loading","faner_model_line","75","0.1877","1","digitized","f3-sun-125-model-075",""
"3","sunflower","136","normalized_solvent_loading","faner_model_line","75","0.1147","1","digitized","f3-sun-136-model-075",""
"3","sunflower","93","normalized_solvent_loading","faner_model_line","84.999","0.4114","1","digitized","f3-sun-93-model-085",""
"3","sunflower","101","normalized_solvent_loading","faner_model_line","84.999","0.3018","1","digitized","f3-sun-101-model-085",""
"3","sunflower","110","normalized_solvent_loading","faner_model_line","84.999","0.231","1","digitized","f3-sun-110-model-085",""
"3","sunflower","121","normalized_solvent_loading","faner_model_line","84.999","0.1755","1","digitized","f3-sun-121-model-085",""
"3","sunflower","125","normalized_solvent_loading","faner_model_line","84.999","0.1529","1","digitized","f3-sun-125-model-085",""
"3","sunflower","136","normalized_solvent_loading","faner_model_line","84.999","0.0849","1","digitized","f3-sun-136-model-085",""
"3","sunflower","93","normalized_solvent_loading","faner_model_line","95.001","0.3501","1","digitized","f3-sun-93-model-095",""
"3","sunflower","101","normalized_solvent_loading","faner_model_line","95.001","0.2564","1","digitized","f3-sun-101-model-095",""
"3","sunflower","110","normalized_solvent_loading","faner_model_line","95.001","0.1959","1","digitized","f3-sun-110-model-095",""
"3","sunflower","121","normalized_solvent_loading","faner_model_line","95.001","0.1455","1","digitized","f3-sun-121-model-095",""
"3","sunflower","125","normalized_solvent_loading","faner_model_line","95.001","0.1246","1","digitized","f3-sun-125-model-095",""
"3","sunflower","136","normalized_solvent_loading","faner_model_line","95.001","0.0616","1","digitized","f3-sun-136-model-095",""
"3","sunflower","93","normalized_solvent_loading","faner_model_line","105","0.299","1","digitized","f3-sun-93-model-105",""
"3","sunflower","101","normalized_solvent_loading","faner_model_line","105","0.2198","1","digitized","f3-sun-101-model-105",""
"3","sunflower","110","normalized_solvent_loading","faner_model_line","105","0.1659","1","digitized","f3-sun-110-model-105",""
"3","sunflower","121","normalized_solvent_loading","faner_model_line","105","0.1196","1","digitized","f3-sun-121-model-105",""
"3","sunflower","125","normalized_solvent_loading","faner_model_line","105","0.0996","1","digitized","f3-sun-125-model-105",""
"3","sunflower","136","normalized_solvent_loading","faner_model_line","105","0.0422","1","digitized","f3-sun-136-model-105",""
"3","sunflower","93","normalized_solvent_loading","faner_model_line","114.999","0.261116","1","digitized","f3-sun-93-model-115",""
"3","sunflower","101","normalized_solvent_loading","faner_model_line","114.999","0.1894","1","digitized","f3-sun-101-model-115",""
"3","sunflower","110","normalized_solvent_loading","faner_model_line","114.999","0.1407","1","digitized","f3-sun-110-model-115",""
"3","sunflower","121","normalized_solvent_loading","faner_model_line","114.999","0.0972","1","digitized","f3-sun-121-model-115",""
"3","sunflower","125","normalized_solvent_loading","faner_model_line","114.999","0.0786","1","digitized","f3-sun-125-model-115",""
"3","sunflower","136","normalized_solvent_loading","faner_model_line","114.999","0.0268","1","digitized","f3-sun-136-model-115",""
"3","sunflower","93","normalized_solvent_loading","faner_model_line","125.001","0.2298","1","digitized","f3-sun-93-model-125",""
"3","sunflower","101","normalized_solvent_loading","faner_model_line","125.001","0.1641","1","digitized","f3-sun-101-model-125",""
"3","sunflower","110","normalized_solvent_loading","faner_model_line","125.001","0.1188","1","digitized","f3-sun-110-model-125",""
"3","sunflower","121","normalized_solvent_loading","faner_model_line","125.001","0.078416","1","digitized","f3-sun-121-model-125",""
"3","sunflower","125","normalized_solvent_loading","faner_model_line","125.001","0.0608","1","digitized","f3-sun-125-model-125",""
"3","sunflower","136","normalized_solvent_loading","faner_model_line","125.001","0.0154","1","digitized","f3-sun-136-model-125",""
"3","sunflower","93","normalized_solvent_loading","faner_model_line","135","0.203405","1","digitized","f3-sun-93-model-135",""
"3","sunflower","101","normalized_solvent_loading","faner_model_line","135","0.141536","1","digitized","f3-sun-101-model-135",""
"3","sunflower","110","normalized_solvent_loading","faner_model_line","135","0.099517","1","digitized","f3-sun-110-model-135",""
"3","sunflower","121","normalized_solvent_loading","faner_model_line","135","0.061116","1","digitized","f3-sun-121-model-135",""
"3","sunflower","125","normalized_solvent_loading","faner_model_line","135","0.046139","1","digitized","f3-sun-125-model-135",""
"3","sunflower","136","normalized_solvent_loading","faner_model_line","135","0.005671","1","digitized","f3-sun-136-model-135",""
"3","sunflower","93","normalized_solvent_loading","faner_model_line","144.999","0.181946","1","digitized","f3-sun-93-model-145",""
"3","sunflower","101","normalized_solvent_loading","faner_model_line","144.999","0.122485","1","digitized","f3-sun-101-model-145",""
"3","sunflower","110","normalized_solvent_loading","faner_model_line","144.999","0.083283","1","digitized","f3-sun-110-model-145",""
"3","sunflower","121","normalized_solvent_loading","faner_model_line","144.999","0.047748","1","digitized","f3-sun-121-model-145",""
"3","sunflower","125","normalized_solvent_loading","faner_model_line","144.999","0.033272","1","digitized","f3-sun-125-model-145",""
"3","sunflower","136","normalized_solvent_loading","faner_model_line","144.999","0.000808","1","digitized","f3-sun-136-model-145",""
"3","sunflower","93","normalized_solvent_loading","faner_model_line","155.001","0.162445","1","digitized","f3-sun-93-model-155",""
"3","sunflower","101","normalized_solvent_loading","faner_model_line","155.001","0.105951","1","digitized","f3-sun-101-model-155",""
"3","sunflower","110","normalized_solvent_loading","faner_model_line","155.001","0.068757","1","digitized","f3-sun-110-model-155",""
"3","sunflower","121","normalized_solvent_loading","faner_model_line","155.001","0.035231","1","digitized","f3-sun-121-model-155",""
"3","sunflower","125","normalized_solvent_loading","faner_model_line","155.001","0.023222","1","digitized","f3-sun-125-model-155",""
"3","sunflower","93","normalized_solvent_loading","faner_model_line","165","0.144703","1","digitized","f3-sun-93-model-165",""
"3","sunflower","101","normalized_solvent_loading","faner_model_line","165","0.090217","1","digitized","f3-sun-101-model-165",""
"3","sunflower","110","normalized_solvent_loading","faner_model_line","165","0.05579","1","digitized","f3-sun-110-model-165",""
"3","sunflower","121","normalized_solvent_loading","faner_model_line","165","0.025181","1","digitized","f3-sun-121-model-165",""
"3","sunflower","125","normalized_solvent_loading","faner_model_line","165","0.013921","1","digitized","f3-sun-125-model-165",""
"3","sunflower","93","normalized_solvent_loading","faner_model_line","174.999","0.128619","1","digitized","f3-sun-93-model-175",""
"3","sunflower","101","normalized_solvent_loading","faner_model_line","174.999","0.0769","1","digitized","f3-sun-101-model-175",""
"3","sunflower","110","normalized_solvent_loading","faner_model_line","174.999","0.044481","1","digitized","f3-sun-110-model-175",""
"3","sunflower","121","normalized_solvent_loading","faner_model_line","174.999","0.017038","1","digitized","f3-sun-121-model-175",""
"3","sunflower","125","normalized_solvent_loading","faner_model_line","174.999","0.007388","1","digitized","f3-sun-125-model-175",""
"3","sunflower","93","normalized_solvent_loading","faner_model_line","185.001","0.114042","1","digitized","f3-sun-93-model-185",""
"3","sunflower","101","normalized_solvent_loading","faner_model_line","185.001","0.065491","1","digitized","f3-sun-101-model-185",""
"3","sunflower","110","normalized_solvent_loading","faner_model_line","185.001","0.034531","1","digitized","f3-sun-110-model-185",""
"3","sunflower","121","normalized_solvent_loading","faner_model_line","185.001","0.010304","1","digitized","f3-sun-121-model-185",""
"3","sunflower","125","normalized_solvent_loading","faner_model_line","185.001","0.006262","1","digitized","f3-sun-125-model-185",""
"3","sunflower","93","normalized_solvent_loading","faner_model_line","195","0.101126","1","digitized","f3-sun-93-model-195",""
"3","sunflower","101","normalized_solvent_loading","faner_model_line","195","0.054281","1","digitized","f3-sun-101-model-195",""
"3","sunflower","110","normalized_solvent_loading","faner_model_line","195","0.02548","1","digitized","f3-sun-110-model-195",""
"3","sunflower","121","normalized_solvent_loading","faner_model_line","195","0.002425","1","digitized","f3-sun-121-model-195",""
"3","sunflower","93","normalized_solvent_loading","faner_model_line","204.999","0.089816","1","digitized","f3-sun-93-model-205",""
"3","sunflower","101","normalized_solvent_loading","faner_model_line","204.999","0.044631","1","digitized","f3-sun-101-model-205",""
"3","sunflower","110","normalized_solvent_loading","faner_model_line","204.999","0.018696","1","digitized","f3-sun-110-model-205",""
"3","sunflower","121","normalized_solvent_loading","faner_model_line","204.999","0.000808","1","digitized","f3-sun-121-model-205",""
"3","sunflower","93","normalized_solvent_loading","faner_model_line","215.001","0.079616","1","digitized","f3-sun-93-model-215",""
"3","sunflower","101","normalized_solvent_loading","faner_model_line","215.001","0.036489","1","digitized","f3-sun-101-model-215",""
"3","sunflower","110","normalized_solvent_loading","faner_model_line","215.001","0.012263","1","digitized","f3-sun-110-model-215",""
"3","sunflower","93","normalized_solvent_loading","faner_model_line","225","0.068507","1","digitized","f3-sun-93-model-225",""
"3","sunflower","101","normalized_solvent_loading","faner_model_line","225","0.028797","1","digitized","f3-sun-101-model-225",""
"3","sunflower","110","normalized_solvent_loading","faner_model_line","225","0.007388","1","digitized","f3-sun-110-model-225",""
"3","sunflower","93","normalized_solvent_loading","faner_model_line","234.999","0.063932","1","digitized","f3-sun-93-model-235",""
"3","sunflower","101","normalized_solvent_loading","faner_model_line","234.999","0.022013","1","digitized","f3-sun-101-model-235",""
"3","sunflower","110","normalized_solvent_loading","faner_model_line","234.999","0.002425","1","digitized","f3-sun-110-model-235",""
"4","soybean","92","normalized_solvent_loading","experimental","0","1","1","digitized","f4-soy-92-exp-000",""
"4","soybean","92","normalized_solvent_loading","experimental","9.894","0.9109","1","digitized","f4-soy-92-exp-001",""
"4","soybean","92","normalized_solvent_loading","experimental","20.071","0.843699","1","digitized","f4-soy-92-exp-002",""
"4","soybean","92","normalized_solvent_loading","experimental","29.965","0.7535","1","digitized","f4-soy-92-exp-003",""
"4","soybean","92","normalized_solvent_loading","experimental","39.859","0.687009","1","digitized","f4-soy-92-exp-004",""
"4","soybean","92","normalized_solvent_loading","experimental","50.035","0.6042","1","digitized","f4-soy-92-exp-005",""
"4","soybean","92","normalized_solvent_loading","experimental","59.929","0.545014","1","digitized","f4-soy-92-exp-006",""
"4","soybean","92","normalized_solvent_loading","experimental","69.823","0.472229","1","digitized","f4-soy-92-exp-007",""
"4","soybean","92","normalized_solvent_loading","experimental","80","0.413546","1","digitized","f4-soy-92-exp-008",""
"4","soybean","92","normalized_solvent_loading","experimental","89.894","0.343615","1","digitized","f4-soy-92-exp-009",""
"4","soybean","92","normalized_solvent_loading","experimental","100.071","0.297721","1","digitized","f4-soy-92-exp-010",""
"4","soybean","92","normalized_solvent_loading","experimental","109.965","0.2544","1","digitized","f4-soy-92-exp-011",""
"4","soybean","92","normalized_solvent_loading","experimental","119.859","0.2199","1","digitized","f4-soy-92-exp-012",""
"4","soybean","92","normalized_solvent_loading","experimental","130.035","0.185998","1","digitized","f4-soy-92-exp-013",""
"4","soybean","92","normalized_solvent_loading","experimental","139.929","0.157469","1","digitized","f4-soy-92-exp-014",""
"4","soybean","92","normalized_solvent_loading","experimental","149.823","0.129868","1","digitized","f4-soy-92-exp-015",""
"4","soybean","92","normalized_solvent_loading","experimental","160","0.108066","1","digitized","f4-soy-92-exp-016",""
"4","soybean","92","normalized_solvent_loading","experimental","169.894","0.094265","1","digitized","f4-soy-92-exp-017",""
"4","soybean","92","normalized_solvent_loading","experimental","180.071","0.072479","1","digitized","f4-soy-92-exp-018",""
"4","soybean","92","normalized_solvent_loading","experimental","189.965","0.064448","1","digitized","f4-soy-92-exp-019",""
"4","soybean","92","normalized_solvent_loading","experimental","200.141","0.045253","1","digitized","f4-soy-92-exp-020",""
"4","soybean","92","normalized_solvent_loading","experimental","210.035","0.040122","1","digitized","f4-soy-92-exp-021",""
"4","soybean","92","normalized_solvent_loading","experimental","219.929","0.035004","1","digitized","f4-soy-92-exp-022",""
"4","soybean","92","normalized_solvent_loading","experimental","230.106","0.020229","1","digitized","f4-soy-92-exp-023",""
"4","soybean","92","normalized_solvent_loading","experimental","240","0.016092","1","digitized","f4-soy-92-exp-024",""
"4","soybean","101","normalized_solvent_loading","experimental","0","1","1","digitized","f4-soy-101-exp-000",""
"4","soybean","101","normalized_solvent_loading","experimental","9.894","0.88485","1","digitized","f4-soy-101-exp-001",""
"4","soybean","101","normalized_solvent_loading","experimental","20.071","0.78","1","digitized","f4-soy-101-exp-002",""
"4","soybean","101","normalized_solvent_loading","experimental","29.965","0.688411","1","digitized","f4-soy-101-exp-003",""
"4","soybean","101","normalized_solvent_loading","experimental","39.859","0.581983","1","digitized","f4-soy-101-exp-004",""
"4","soybean","101","normalized_solvent_loading","experimental","50.035","0.4999","1","digitized","f4-soy-101-exp-005",""
"4","soybean","101","normalized_solvent_loading","experimental","59.929","0.408347","1","digitized","f4-soy-101-exp-006",""
"4","soybean","101","normalized_solvent_loading","experimental","69.823","0.3471","1","digitized","f4-soy-101-exp-007",""
"4","soybean","101","normalized_solvent_loading","experimental","80","0.2796","1","digitized","f4-soy-101-exp-008",""
"4","soybean","101","normalized_solvent_loading","experimental","89.894","0.2336","1","digitized","f4-soy-101-exp-009",""
"4","soybean","101","normalized_solvent_loading","experimental","100.071","0.195945","1","digitized","f4-soy-101-exp-010",""
"4","soybean","101","normalized_solvent_loading","experimental","109.965","0.16","1","digitized","f4-soy-101-exp-011",""
"4","soybean","101","normalized_solvent_loading","experimental","119.859","0.133423","1","digitized","f4-soy-101-exp-012",""
"4","soybean","101","normalized_solvent_loading","experimental","130.035","0.1035","1","digitized","f4-soy-101-exp-013",""
"4","soybean","101","normalized_solvent_loading","experimental","139.929","0.0806","1","digitized","f4-soy-101-exp-014",""
"4","soybean","101","normalized_solvent_loading","experimental","149.823","0.067129","1","digitized","f4-soy-101-exp-015",""
"4","soybean","101","normalized_solvent_loading","experimental","160","0.0603","1","digitized","f4-soy-101-exp-016",""
"4","soybean","101","normalized_solvent_loading","experimental","169.894","0.054828","1","digitized","f4-soy-101-exp-017",""
"4","soybean","101","normalized_solvent_loading","experimental","180.071","0.0464","1","digitized","f4-soy-101-exp-018",""
"4","soybean","101","normalized_solvent_loading","experimental","189.965","0.034362","1","digitized","f4-soy-101-exp-019",""
"4","soybean","101","normalized_solvent_loading","experimental","200.141","0.031335","1","digitized","f4-soy-101-exp-020",""
"4","soybean","101","normalized_solvent_loading","experimental","210.035","0.026997","1","digitized","f4-soy-101-exp-021",""
"4","soybean","101","normalized_solvent_loading","experimental","219.929","0.021292","1","digitized","f4-soy-101-exp-022",""
"4","soybean","101","normalized_solvent_loading","experimental","230.106","0.015938","1","digitized","f4-soy-101-exp-023",""
"4","soybean","101","normalized_solvent_loading","experimental","240","0.011032","1","digitized","f4-soy-101-exp-024",""
"4","soybean","109","normalized_solvent_loading","experimental","0","1","1","digitized","f4-soy-109-exp-000",""
"4","soybean","109","normalized_solvent_loading","experimental","9.894","0.878021","1","digitized","f4-soy-109-exp-001",""
"4","soybean","109","normalized_solvent_loading","experimental","20.071","0.769534","1","digitized","f4-soy-109-exp-002",""
"4","soybean","109","normalized_solvent_loading","experimental","29.965","0.654003","1","digitized","f4-soy-109-exp-003",""
"4","soybean","109","normalized_solvent_loading","experimental","39.859","0.540867","1","digitized","f4-soy-109-exp-004",""
"4","soybean","109","normalized_solvent_loading","experimental","50.035","0.440671","1","digitized","f4-soy-109-exp-005",""
"4","soybean","109","normalized_solvent_loading","experimental","59.929","0.330366","1","digitized","f4-soy-109-exp-006",""
"4","soybean","109","normalized_solvent_loading","experimental","69.823","0.248982","1","digitized","f4-soy-109-exp-007",""
"4","soybean","109","normalized_solvent_loading","experimental","80","0.182834","1","digitized","f4-soy-109-exp-008",""
"4","soybean","109","normalized_solvent_loading","experimental","89.894","0.160153","1","digitized","f4-soy-109-exp-009",""
"4","soybean","109","normalized_solvent_loading","experimental","100.071","0.127","1","digitized","f4-soy-109-exp-010",""
"4","soybean","109","normalized_solvent_loading","experimental","109.965","0.105435","1","digitized","f4-soy-109-exp-011",""
"4","soybean","109","normalized_solvent_loading","experimental","119.859","0.088936","1","digitized","f4-soy-109-exp-012",""
"4","soybean","109","normalized_solvent_loading","experimental","130.035","0.067921","1","digitized","f4-soy-109-exp-013",""
"4","soybean","109","normalized_solvent_loading","experimental","139.929","0.054828","1","digitized","f4-soy-109-exp-014",""
"4","soybean","109","normalized_solvent_loading","experimental","149.823","0.045008","1","digitized","f4-soy-109-exp-015",""
"4","soybean","109","normalized_solvent_loading","experimental","160","0.035188","1","digitized","f4-soy-109-exp-016",""
"4","soybean","109","normalized_solvent_loading","experimental","169.894","0.028642","1","digitized","f4-soy-109-exp-017",""
"4","soybean","109","normalized_solvent_loading","experimental","180.071","0.022095","1","digitized","f4-soy-109-exp-018",""
"4","soybean","109","normalized_solvent_loading","experimental","189.965","0.018822","1","digitized","f4-soy-109-exp-019",""
"4","soybean","109","normalized_solvent_loading","experimental","200.141","0.015548","1","digitized","f4-soy-109-exp-020",""
"4","soybean","109","normalized_solvent_loading","experimental","210.035","0.012275","1","digitized","f4-soy-109-exp-021",""
"4","soybean","109","normalized_solvent_loading","experimental","219.929","0.009002","1","digitized","f4-soy-109-exp-022",""
"4","soybean","109","normalized_solvent_loading","experimental","230.106","0.005728","1","digitized","f4-soy-109-exp-023",""
"4","soybean","109","normalized_solvent_loading","experimental","240","0.004092","1","digitized","f4-soy-109-exp-024",""
"4","soybean","120","normalized_solvent_loading","experimental","0","1","1","digitized","f4-soy-120-exp-000",""
"4","soybean","120","normalized_solvent_loading","experimental","9.894","0.867055","1","digitized","f4-soy-120-exp-001",""
"4","soybean","120","normalized_solvent_loading","experimental","20.071","0.757705","1","digitized","f4-soy-120-exp-002",""
"4","soybean","120","normalized_solvent_loading","experimental","29.965","0.637113","1","digitized","f4-soy-120-exp-003",""
"4","soybean","120","normalized_solvent_loading","experimental","39.859","0.52959","1","digitized","f4-soy-120-exp-004",""
"4","soybean","120","normalized_solvent_loading","experimental","50.035","0.415435","1","digitized","f4-soy-120-exp-005",""
"4","soybean","120","normalized_solvent_loading","experimental","59.929","0.319105","1","digitized","f4-soy-120-exp-006",""
"4","soybean","120","normalized_solvent_loading","experimental","69.823","0.25532","1","digitized","f4-soy-120-exp-007",""
"4","soybean","120","normalized_solvent_loading","experimental","80","0.207857","1","digitized","f4-soy-120-exp-008",""
"4","soybean","120","normalized_solvent_loading","experimental","89.894","0.173962","1","digitized","f4-soy-120-exp-009",""
"4","soybean","120","normalized_solvent_loading","experimental","100.071","0.149521","1","digitized","f4-soy-120-exp-010",""
"4","soybean","120","normalized_solvent_loading","experimental","109.965","0.119672","1","digitized","f4-soy-120-exp-011",""
"4","soybean","120","normalized_solvent_loading","experimental","119.859","0.096455","1","digitized","f4-soy-120-exp-012",""
"4","soybean","120","normalized_solvent_loading","experimental","130.035","0.084783","1","digitized","f4-soy-120-exp-013",""
"4","soybean","120","normalized_solvent_loading","experimental","139.929","0.067655","1","digitized","f4-soy-120-exp-014",""
"4","soybean","120","normalized_solvent_loading","experimental","149.823","0.064448","1","digitized","f4-soy-120-exp-015",""
"4","soybean","120","normalized_solvent_loading","experimental","160","0.038072","1","digitized","f4-soy-120-exp-016",""
"4","soybean","120","normalized_solvent_loading","experimental","169.894","0.035598","1","digitized","f4-soy-120-exp-017",""
"4","soybean","120","normalized_solvent_loading","experimental","180.071","0.030257","1","digitized","f4-soy-120-exp-018",""
"4","soybean","120","normalized_solvent_loading","experimental","189.965","0.023702","1","digitized","f4-soy-120-exp-019",""
"4","soybean","120","normalized_solvent_loading","experimental","200.141","0.014515","1","digitized","f4-soy-120-exp-020",""
"4","soybean","120","normalized_solvent_loading","experimental","210.035","0.012878","1","digitized","f4-soy-120-exp-021",""
"4","soybean","120","normalized_solvent_loading","experimental","219.929","0.007592","1","digitized","f4-soy-120-exp-022",""
"4","soybean","120","normalized_solvent_loading","experimental","230.106","0.005955","1","digitized","f4-soy-120-exp-023",""
"4","soybean","120","normalized_solvent_loading","experimental","240","0.001837","1","digitized","f4-soy-120-exp-024",""
"4","soybean","125","normalized_solvent_loading","experimental","0","1","1","digitized","f4-soy-125-exp-000",""
"4","soybean","125","normalized_solvent_loading","experimental","9.894","0.8282","1","digitized","f4-soy-125-exp-001",""
"4","soybean","125","normalized_solvent_loading","experimental","20.071","0.674356","1","digitized","f4-soy-125-exp-002",""
"4","soybean","125","normalized_solvent_loading","experimental","29.965","0.554188","1","digitized","f4-soy-125-exp-003",""
"4","soybean","125","normalized_solvent_loading","experimental","39.859","0.448225","1","digitized","f4-soy-125-exp-004",""
"4","soybean","125","normalized_solvent_loading","experimental","50.035","0.357","1","digitized","f4-soy-125-exp-005",""
"4","soybean","125","normalized_solvent_loading","experimental","59.929","0.263","1","digitized","f4-soy-125-exp-006",""
"4","soybean","125","normalized_solvent_loading","experimental","69.823","0.195697","1","digitized","f4-soy-125-exp-007",""
"4","soybean","125","normalized_solvent_loading","experimental","80","0.146877","1","digitized","f4-soy-125-exp-008",""
"4","soybean","125","normalized_solvent_loading","experimental","89.894","0.114253","1","digitized","f4-soy-125-exp-009",""
"4","soybean","125","normalized_solvent_loading","experimental","100.071","0.096231","1","digitized","f4-soy-125-exp-010",""
"4","soybean","125","normalized_solvent_loading","experimental","109.965","0.08635","1","digitized","f4-soy-125-exp-011",""
"4","soybean","125","normalized_solvent_loading","experimental","119.859","0.065","1","digitized","f4-soy-125-exp-012",""
"4","soybean","125","normalized_solvent_loading","experimental","130.035","0.054141","1","digitized","f4-soy-125-exp-013",""
"4","soybean","125","normalized_solvent_loading","experimental","139.929","0.040049","1","digitized","f4-soy-125-exp-014",""
"4","soybean","125","normalized_solvent_loading","experimental","149.823","0.033552","1","digitized","f4-soy-125-exp-015",""
"4","soybean","125","normalized_solvent_loading","experimental","160","0.023752","1","digitized","f4-soy-125-exp-016",""
"4","soybean","125","normalized_solvent_loading","experimental","169.894","0.022095","1","digitized","f4-soy-125-exp-017",""
"4","soybean","125","normalized_solvent_loading","experimental","180.071","0.018822","1","digitized","f4-soy-125-exp-018",""
"4","soybean","125","normalized_solvent_loading","experimental","189.965","0.012274","1","digitized","f4-soy-125-exp-019",""
"4","soybean","125","normalized_solvent_loading","experimental","200.141","0.009637","1","digitized","f4-soy-125-exp-020",""
"4","soybean","125","normalized_solvent_loading","experimental","210.035","0.006501","1","digitized","f4-soy-125-exp-021",""
"4","soybean","125","normalized_solvent_loading","experimental","219.929","0.008182","1","digitized","f4-soy-125-exp-022",""
"4","soybean","125","normalized_solvent_loading","experimental","230.106","0.004896","1","digitized","f4-soy-125-exp-023",""
"4","soybean","125","normalized_solvent_loading","experimental","240","0.002878","1","digitized","f4-soy-125-exp-024",""
"4","soybean","136","normalized_solvent_loading","experimental","0","1","1","digitized","f4-soy-136-exp-000",""
"4","soybean","136","normalized_solvent_loading","experimental","9.894","0.7401","1","digitized","f4-soy-136-exp-001",""
"4","soybean","136","normalized_solvent_loading","experimental","20.071","0.52946","1","digitized","f4-soy-136-exp-002",""
"4","soybean","136","normalized_solvent_loading","experimental","29.965","0.3807","1","digitized","f4-soy-136-exp-003",""
"4","soybean","136","normalized_solvent_loading","experimental","39.859","0.2591","1","digitized","f4-soy-136-exp-004",""
"4","soybean","136","normalized_solvent_loading","experimental","50.035","0.195641","1","digitized","f4-soy-136-exp-005",""
"4","soybean","136","normalized_solvent_loading","experimental","59.929","0.1283","1","digitized","f4-soy-136-exp-006",""
"4","soybean","136","normalized_solvent_loading","experimental","69.823","0.125859","1","digitized","f4-soy-136-exp-007",""
"4","soybean","136","normalized_solvent_loading","experimental","80","0.094301","1","digitized","f4-soy-136-exp-008",""
"4","soybean","136","normalized_solvent_loading","experimental","89.894","0.068473","1","digitized","f4-soy-136-exp-009",""
"4","soybean","136","normalized_solvent_loading","experimental","100.071","0.054901","1","digitized","f4-soy-136-exp-010",""
"4","soybean","136","normalized_solvent_loading","experimental","109.965","0.056368","1","digitized","f4-soy-136-exp-011",""
"4","soybean","136","normalized_solvent_loading","experimental","119.859","0.053159","1","digitized","f4-soy-136-exp-012",""
"4","soybean","136","normalized_solvent_loading","experimental","130.035","0.04833","1","digitized","f4-soy-136-exp-013",""
"4","soybean","136","normalized_solvent_loading","experimental","139.929","0.040918","1","digitized","f4-soy-136-exp-014",""
"4","soybean","136","normalized_solvent_loading","experimental","149.823","0.036984","1","digitized","f4-soy-136-exp-015",""
"4","soybean","136","normalized_solvent_loading","experimental","160","0.031526","1","digitized","f4-soy-136-exp-016",""
"4","soybean","136","normalized_solvent_loading","experimental","169.894","0.030139","1","digitized","f4-soy-136-exp-017",""
"4","soybean","136","normalized_solvent_loading","experimental","180.071","0.025","1","digitized","f4-soy-136-exp-018",""
"4","soybean","136","normalized_solvent_loading","experimental","189.965","0.0204","1","digitized","f4-soy-136-exp-019",""
"4","soybean","136","normalized_solvent_loading","experimental","200.141","0.016229","1","digitized","f4-soy-136-exp-020",""
"4","soybean","136","normalized_solvent_loading","experimental","210.035","0.014711","1","digitized","f4-soy-136-exp-021",""
"4","soybean","136","normalized_solvent_loading","experimental","219.929","0.0057","1","digitized","f4-soy-136-exp-022",""
"4","soybean","136","normalized_solvent_loading","experimental","230.106","0.014324","1","digitized","f4-soy-136-exp-023",""
"4","soybean","136","normalized_solvent_loading","experimental","240","0.0095","1","digitized","f4-soy-136-exp-024",""
"4","soybean","92","normalized_solvent_loading","faner_model_line","0","0.999182","1","digitized","f4-soy-92-model-000",""
"4","soybean","101","normalized_solvent_loading","faner_model_line","0","0.999182","1","digitized","f4-soy-101-model-000",""
"4","soybean","109","normalized_solvent_loading","faner_model_line","0","0.999182","1","digitized","f4-soy-109-model-000",""
"4","soybean","120","normalized_solvent_loading","faner_model_line","0","0.999182","1","digitized","f4-soy-120-model-000",""
"4","soybean","125","normalized_solvent_loading","faner_model_line","0","0.999182","1","digitized","f4-soy-125-model-000",""
"4","soybean","136","normalized_solvent_loading","faner_model_line","0","0.999182","1","digitized","f4-soy-136-model-000",""
"4","soybean","92","normalized_solvent_loading","faner_model_line","14.999","0.88339","1","digitized","f4-soy-92-model-015",""
"4","soybean","101","normalized_solvent_loading","faner_model_line","14.999","0.846336","1","digitized","f4-soy-101-model-015",""
"4","soybean","109","normalized_solvent_loading","faner_model_line","14.999","0.810933","1","digitized","f4-soy-109-model-015",""
"4","soybean","120","normalized_solvent_loading","faner_model_line","14.999","0.791213","1","digitized","f4-soy-120-model-015",""
"4","soybean","125","normalized_solvent_loading","faner_model_line","14.999","0.767769","1","digitized","f4-soy-125-model-015",""
"4","soybean","136","normalized_solvent_loading","faner_model_line","14.999","0.68889","1","digitized","f4-soy-136-model-015",""
"4","soybean","92","normalized_solvent_loading","faner_model_line","25.001","0.8087","1","digitized","f4-soy-92-model-025",""
"4","soybean","101","normalized_solvent_loading","faner_model_line","25.001","0.7475","1","digitized","f4-soy-101-model-025",""
"4","soybean","109","normalized_solvent_loading","faner_model_line","25.001","0.6907","1","digitized","f4-soy-109-model-025",""
"4","soybean","120","normalized_solvent_loading","faner_model_line","25.001","0.6571","1","digitized","f4-soy-120-model-025",""
"4","soybean","125","normalized_solvent_loading","faner_model_line","25.001","0.630933","1","digitized","f4-soy-125-model-025",""
"4","soybean","136","normalized_solvent_loading","faner_model_line","25.001","0.486907","1","digitized","f4-soy-136-model-025",""
"4","soybean","92","normalized_solvent_loading","faner_model_line","34.999","0.7333","1","digitized","f4-soy-92-model-035",""
"4","soybean","101","normalized_solvent_loading","faner_model_line","34.999","0.6491","1","digitized","f4-soy-101-model-035",""
"4","soybean","109","normalized_solvent_loading","faner_model_line","34.999","0.5713","1","digitized","f4-soy-109-model-035",""
"4","soybean","120","normalized_solvent_loading","faner_model_line","34.999","0.5238","1","digitized","f4-soy-120-model-035",""
"4","soybean","125","normalized_solvent_loading","faner_model_line","34.999","0.4872","1","digitized","f4-soy-125-model-035",""
"4","soybean","136","normalized_solvent_loading","faner_model_line","34.999","0.3208","1","digitized","f4-soy-136-model-035",""
"4","soybean","92","normalized_solvent_loading","faner_model_line","45.001","0.6612","1","digitized","f4-soy-92-model-045",""
"4","soybean","101","normalized_solvent_loading","faner_model_line","45.001","0.5558","1","digitized","f4-soy-101-model-045",""
"4","soybean","109","normalized_solvent_loading","faner_model_line","45.001","0.457447","1","digitized","f4-soy-109-model-045",""
"4","soybean","120","normalized_solvent_loading","faner_model_line","45.001","0.4051","1","digitized","f4-soy-120-model-045",""
"4","soybean","125","normalized_solvent_loading","faner_model_line","45.001","0.3693","1","digitized","f4-soy-125-model-045",""
"4","soybean","136","normalized_solvent_loading","faner_model_line","45.001","0.2245","1","digitized","f4-soy-136-model-045",""
"4","soybean","92","normalized_solvent_loading","faner_model_line","54.999","0.5907","1","digitized","f4-soy-92-model-055",""
"4","soybean","101","normalized_solvent_loading","faner_model_line","54.999","0.4652","1","digitized","f4-soy-101-model-055",""
"4","soybean","109","normalized_solvent_loading","faner_model_line","54.999","0.3551","1","digitized","f4-soy-109-model-055",""
"4","soybean","120","normalized_solvent_loading","faner_model_line","54.999","0.3176","1","digitized","f4-soy-120-model-055",""
"4","soybean","125","normalized_solvent_loading","faner_model_line","54.999","0.2907","1","digitized","f4-soy-125-model-055",""
"4","soybean","136","normalized_solvent_loading","faner_model_line","54.999","0.1646","1","digitized","f4-soy-136-model-055",""
"4","soybean","92","normalized_solvent_loading","faner_model_line","65.001","0.51964","1","digitized","f4-soy-92-model-065",""
"4","soybean","101","normalized_solvent_loading","faner_model_line","65.001","0.3731","1","digitized","f4-soy-101-model-065",""
"4","soybean","109","normalized_solvent_loading","faner_model_line","65.001","0.2795","1","digitized","f4-soy-109-model-065",""
"4","soybean","120","normalized_solvent_loading","faner_model_line","65.001","0.257774","1","digitized","f4-soy-120-model-065",""
"4","soybean","125","normalized_solvent_loading","faner_model_line","65.001","0.2341","1","digitized","f4-soy-125-model-065",""
"4","soybean","136","normalized_solvent_loading","faner_model_line","65.001","0.1182","1","digitized","f4-soy-136-model-065",""
"4","soybean","92","normalized_solvent_loading","faner_model_line","74.999","0.4517","1","digitized","f4-soy-92-model-075",""
"4","soybean","101","normalized_solvent_loading","faner_model_line","74.999","0.2963","1","digitized","f4-soy-101-model-075",""
"4","soybean","109","normalized_solvent_loading","faner_model_line","74.999","0.2293","1","digitized","f4-soy-109-model-075",""
"4","soybean","120","normalized_solvent_loading","faner_model_line","74.999","0.2113","1","digitized","f4-soy-120-model-075",""
"4","soybean","125","normalized_solvent_loading","faner_model_line","74.999","0.19","1","digitized","f4-soy-125-model-075",""
"4","soybean","136","normalized_solvent_loading","faner_model_line","74.999","0.0839","1","digitized","f4-soy-136-model-075",""
"4","soybean","92","normalized_solvent_loading","faner_model_line","85.001","0.383","1","digitized","f4-soy-92-model-085",""
"4","soybean","101","normalized_solvent_loading","faner_model_line","85.001","0.241408","1","digitized","f4-soy-101-model-085",""
"4","soybean","109","normalized_solvent_loading","faner_model_line","85.001","0.189034","1","digitized","f4-soy-109-model-085",""
"4","soybean","120","normalized_solvent_loading","faner_model_line","85.001","0.1732","1","digitized","f4-soy-120-model-085",""
"4","soybean","125","normalized_solvent_loading","faner_model_line","85.001","0.1537","1","digitized","f4-soy-125-model-085",""
"4","soybean","136","normalized_solvent_loading","faner_model_line","85.001","0.0575","1","digitized","f4-soy-136-model-085",""
"4","soybean","92","normalized_solvent_loading","faner_model_line","94.999","0.3207","1","digitized","f4-soy-92-model-095",""
"4","soybean","101","normalized_solvent_loading","faner_model_line","94.999","0.2016","1","digitized","f4-soy-101-model-095",""
"4","soybean","109","normalized_solvent_loading","faner_model_line","94.999","0.1556","1","digitized","f4-soy-109-model-095",""
"4","soybean","120","normalized_solvent_loading","faner_model_line","94.999","0.1417","1","digitized","f4-soy-120-model-095",""
"4","soybean","125","normalized_solvent_loading","faner_model_line","94.999","0.1241","1","digitized","f4-soy-125-model-095",""
"4","soybean","136","normalized_solvent_loading","faner_model_line","94.999","0.0367","1","digitized","f4-soy-136-model-095",""
"4","soybean","92","normalized_solvent_loading","faner_model_line","105.001","0.2719","1","digitized","f4-soy-92-model-105",""
"4","soybean","101","normalized_solvent_loading","faner_model_line","105.001","0.1696","1","digitized","f4-soy-101-model-105",""
"4","soybean","109","normalized_solvent_loading","faner_model_line","105.001","0.1284","1","digitized","f4-soy-109-model-105",""
"4","soybean","120","normalized_solvent_loading","faner_model_line","105.001","0.1154","1","digitized","f4-soy-120-model-105",""
"4","soybean","125","normalized_solvent_loading","faner_model_line","105.001","0.0991","1","digitized","f4-soy-125-model-105",""
"4","soybean","136","normalized_solvent_loading","faner_model_line","105.001","0.0206","1","digitized","f4-soy-136-model-105",""
"4","soybean","92","normalized_solvent_loading","faner_model_line","114.999","0.2349","1","digitized","f4-soy-92-model-115",""
"4","soybean","101","normalized_solvent_loading","faner_model_line","114.999","0.1425","1","digitized","f4-soy-101-model-115",""
"4","soybean","109","normalized_solvent_loading","faner_model_line","114.999","0.104","1","digitized","f4-soy-109-model-115",""
"4","soybean","120","normalized_solvent_loading","faner_model_line","114.999","0.092471","1","digitized","f4-soy-120-model-115",""
"4","soybean","125","normalized_solvent_loading","faner_model_line","114.999","0.0777","1","digitized","f4-soy-125-model-115",""
"4","soybean","136","normalized_solvent_loading","faner_model_line","114.999","0.009002","1","digitized","f4-soy-136-model-115",""
"4","soybean","92","normalized_solvent_loading","faner_model_line","125.001","0.20535","1","digitized","f4-soy-92-model-125",""
"4","soybean","101","normalized_solvent_loading","faner_model_line","125.001","0.120197","1","digitized","f4-soy-101-model-125",""
"4","soybean","109","normalized_solvent_loading","faner_model_line","125.001","0.084344","1","digitized","f4-soy-109-model-125",""
"4","soybean","120","normalized_solvent_loading","faner_model_line","125.001","0.072865","1","digitized","f4-soy-120-model-125",""
"4","soybean","125","normalized_solvent_loading","faner_model_line","125.001","0.059719","1","digitized","f4-soy-125-model-125",""
"4","soybean","136","normalized_solvent_loading","faner_model_line","125.001","0.002455","1","digitized","f4-soy-136-model-125",""
"4","soybean","92","normalized_solvent_loading","faner_model_line","134.999","0.179207","1","digitized","f4-soy-92-model-135",""
"4","soybean","101","normalized_solvent_loading","faner_model_line","134.999","0.100227","1","digitized","f4-soy-101-model-135",""
"4","soybean","109","normalized_solvent_loading","faner_model_line","134.999","0.067511","1","digitized","f4-soy-109-model-135",""
"4","soybean","120","normalized_solvent_loading","faner_model_line","134.999","0.056432","1","digitized","f4-soy-120-model-135",""
"4","soybean","125","normalized_solvent_loading","faner_model_line","134.999","0.044604","1","digitized","f4-soy-125-model-135",""
"4","soybean","92","normalized_solvent_loading","faner_model_line","145.001","0.157919","1","digitized","f4-soy-92-model-145",""
"4","soybean","101","normalized_solvent_loading","faner_model_line","145.001","0.082726","1","digitized","f4-soy-101-model-145",""
"4","soybean","109","normalized_solvent_loading","faner_model_line","145.001","0.052027","1","digitized","f4-soy-109-model-145",""
"4","soybean","120","normalized_solvent_loading","faner_model_line","145.001","0.042068","1","digitized","f4-soy-120-model-145",""
"4","soybean","125","normalized_solvent_loading","faner_model_line","145.001","0.031857","1","digitized","f4-soy-125-model-145",""
"4","soybean","92","normalized_solvent_loading","faner_model_line","154.999","0.138349","1","digitized","f4-soy-92-model-155",""
"4","soybean","101","normalized_solvent_loading","faner_model_line","154.999","0.067961","1","digitized","f4-soy-101-model-155",""
"4","soybean","109","normalized_solvent_loading","faner_model_line","154.999","0.040099","1","digitized","f4-soy-109-model-155",""
"4","soybean","120","normalized_solvent_loading","faner_model_line","154.999","0.030339","1","digitized","f4-soy-120-model-155",""
"4","soybean","125","normalized_solvent_loading","faner_model_line","154.999","0.020829","1","digitized","f4-soy-125-model-155",""
"4","soybean","92","normalized_solvent_loading","faner_model_line","165.001","0.120798","1","digitized","f4-soy-92-model-165",""
"4","soybean","101","normalized_solvent_loading","faner_model_line","165.001","0.054864","1","digitized","f4-soy-101-model-165",""
"4","soybean","109","normalized_solvent_loading","faner_model_line","165.001","0.028721","1","digitized","f4-soy-109-model-165",""
"4","soybean","120","normalized_solvent_loading","faner_model_line","165.001","0.020479","1","digitized","f4-soy-120-model-165",""
"4","soybean","125","normalized_solvent_loading","faner_model_line","165.001","0.012337","1","digitized","f4-soy-125-model-165",""
"4","soybean","92","normalized_solvent_loading","faner_model_line","174.999","0.10675","1","digitized","f4-soy-92-model-175",""
"4","soybean","101","normalized_solvent_loading","faner_model_line","174.999","0.043686","1","digitized","f4-soy-101-model-175",""
"4","soybean","109","normalized_solvent_loading","faner_model_line","174.999","0.020429","1","digitized","f4-soy-109-model-175",""
"4","soybean","120","normalized_solvent_loading","faner_model_line","174.999","0.009882","1","digitized","f4-soy-120-model-175",""
"4","soybean","92","normalized_solvent_loading","faner_model_line","185.001","0.092535","1","digitized","f4-soy-92-model-185",""
"4","soybean","101","normalized_solvent_loading","faner_model_line","185.001","0.034794","1","digitized","f4-soy-101-model-185",""
"4","soybean","109","normalized_solvent_loading","faner_model_line","185.001","0.009083","1","digitized","f4-soy-109-model-185",""
"4","soybean","92","normalized_solvent_loading","faner_model_line","194.999","0.080708","1","digitized","f4-soy-92-model-195",""
"4","soybean","101","normalized_solvent_loading","faner_model_line","194.999","0.025434","1","digitized","f4-soy-101-model-195",""
"4","soybean","109","normalized_solvent_loading","faner_model_line","194.999","0.005728","1","digitized","f4-soy-109-model-195",""
"4","soybean","92","normalized_solvent_loading","faner_model_line","205.001","0.069579","1","digitized","f4-soy-92-model-205",""
"4","soybean","101","normalized_solvent_loading","faner_model_line","205.001","0.018761","1","digitized","f4-soy-101-model-205",""
"4","soybean","109","normalized_solvent_loading","faner_model_line","205.001","0.002455","1","digitized","f4-soy-109-model-205",""
"4","soybean","92","normalized_solvent_loading","faner_model_line","214.999","0.059719","1","digitized","f4-soy-92-model-215",""
"4","soybean","101","normalized_solvent_loading","faner_model_line","214.999","0.012287","1","digitized","f4-soy-101-model-215",""
"4","soybean","109","normalized_solvent_loading","faner_model_line","214.999","0.007378","1","digitized","f4-soy-109-model-215",""
"4","soybean","92","normalized_solvent_loading","faner_model_line","225.001","0.049909","1","digitized","f4-soy-92-model-225",""
"4","soybean","101","normalized_solvent_loading","faner_model_line","225.001","0.008851","1","digitized","f4-soy-101-model-225",""
"4","soybean","92","normalized_solvent_loading","faner_model_line","234.999","0.044954","1","digitized","f4-soy-92-model-235",""
"4","soybean","101","normalized_solvent_loading","faner_model_line","234.999","0.002455","1","digitized","f4-soy-101-model-235",""
