activity,continuation_loading_kg_kg_dry,extrapolated_source_band_low_kg_kg_dry,extrapolated_source_band_high_kg_kg_dry,continuation_inside_the_extrapolated_band,argmin_source,argmax_source,ratio_to_band_low,ratio_to_band_high,every_value_here_is_a_published_fit_read_below_its_measured_range
0.04697309139012994,0.023,0.015432627304607463,0.07919606453765105,True,cassini2006water/adsorption/10C,aviara2004sorption/desorption/313K,1.4903489565340098,0.290418471350498,True
0.03522484922790268,0.02106890874149514,0.011945391316067686,0.07650008199486455,True,cassini2006water/adsorption/10C,aviara2004sorption/desorption/313K,1.763768819624641,0.27541027659172307,True
0.026414910460613044,0.019436971130939954,0.009185034233924964,0.07410750698743973,True,cassini2006water/adsorption/10C,aviara2004sorption/desorption/313K,2.1161566343595557,0.2622807313466134,True
0.019808388394449036,0.01803966973821054,0.0070238639010564265,0.07196394385847443,True,cassini2006water/adsorption/10C,aviara2004sorption/desorption/313K,2.5683398756483986,0.2506765023007587,True
0.014854195753205554,0.01682979520954901,0.005347430505069464,0.0700278735333476,True,cassini2006water/adsorption/10C,aviara2004sorption/desorption/313K,3.147267681850947,0.24032994806753033,True
0.011139075379619601,0.015772007021718226,0.004056833059077616,0.06826696217444594,True,cassini2006water/adsorption/10C,aviara2004sorption/desorption/313K,3.8877633839101664,0.2310342590229112,True
0.008353128124494468,0.01483932414581887,0.003069270490575717,0.06665558984849912,True,cassini2006water/adsorption/10C,aviara2004sorption/desorption/313K,4.834804945143623,0.22262685214468936,True
0.006263962410370478,0.0140107913442193,0.002317177643226789,0.06517314867718138,True,cassini2006water/adsorption/10C,aviara2004sorption/desorption/313K,6.046489955214894,0.21497797219554624,True
0.004697309139012994,0.013269885919564801,0.0017465225125266252,0.06380284187745039,True,cassini2006water/adsorption/10C,aviara2004sorption/desorption/313K,7.5978899924787004,0.20798267802949902,True
0.0035224849227902676,0.01260340459091541,0.0013147635353192833,0.06253081792912868,True,cassini2006water/adsorption/10C,aviara2004sorption/desorption/313K,9.586061867661048,0.20155508928733168,True
0.0026414910460613047,0.012000669768586767,0.000988802821228706,0.06134553443640216,True,cassini2006water/adsorption/10C,aviara2004sorption/desorption/313K,12.136565057201695,0.19562417833408954,True
0.0019808388394449037,0.011452953185075625,0.0007431220269909524,0.06023728281742269,True,cassini2006water/adsorption/10C,aviara2004sorption/desorption/313K,15.411941470031364,0.19013064084894343,True
0.0014854195753205553,0.010953050471401691,0.000558181121911301,0.05919782776817639,True,cassini2006water/adsorption/10C,aviara2004sorption/desorption/313K,19.622753334789795,0.18502453357401466,True
0.0011139075379619603,0.01049496248807429,0.0004190951302156794,0.0582201300465638,True,cassini2006water/adsorption/10C,aviara2004sorption/desorption/313K,25.041957616337022,0.18026346694314382,True
0.0008353128124494467,0.010073653411829904,0.0003145693370534319,0.057298130683209936,True,cassini2006water/adsorption/10C,aviara2004sorption/desorption/313K,32.02363430011877,0.17581120521235058,True
0.0006263962410370478,0.009684864841635601,0.00023605846757492836,0.05642658111681029,True,cassini2006water/adsorption/10C,aviara2004sorption/desorption/313K,41.027398598025236,0.17163657003401792,True
0.0004697309139012994,0.00932497135206845,0.00017711167056853045,0.05560090810508317,True,cassini2006water/adsorption/10C,aviara2004sorption/desorption/313K,52.65023655491017,0.1677125728674194,True
0.0003522484922790268,0.008990867098949223,0.00013286726100107524,0.054817105278418085,True,cassini2006water/adsorption/10C,aviara2004sorption/desorption/313K,67.66803975041273,0.16401572197736966,True
0.0002641491046061305,0.008679875958619463,9.966579596091403e-05,0.05407164532563227,True,cassini2006water/adsorption/10C,aviara2004sorption/desorption/313K,87.08981727315411,0.16052546406433893,True
0.00019808388394449038,0.008389679693222374,7.475535100684159e-05,0.053361408316170214,True,cassini2006water/adsorption/10C,aviara2004sorption/desorption/313K,112.22848371689878,0.15722373074400348,True
0.00014854195753205554,0.008118260059795969,5.606791511108213e-05,0.052683622758762705,True,cassini2006water/adsorption/10C,aviara2004sorption/desorption/313K,144.7933286570763,0.1540945674326408,True
0.00011139075379619602,0.0078638518044016,4.2050242445405866e-05,0.05203581679871455,True,cassini2006water/adsorption/10C,aviara2004sorption/desorption/313K,187.01085527892727,0.15112382755171555,True
8.353128124494466e-05,0.00762490422605218,3.153617946844893e-05,0.05141577754990921,True,cassini2006water/adsorption/10C,aviara2004sorption/desorption/313K,241.78275094104802,0.14829891891940558,True
6.263962410370479e-05,0.007400049541405791,2.3650455473940155e-05,0.050821517001990876,True,cassini2006water/adsorption/10C,aviara2004sorption/desorption/313K,312.89247471617284,0.14560859214643088,True
4.697309139012994e-05,0.007188076686579301,1.773627161902398e-05,0.05025124327893031,True,cassini2006water/adsorption/10C,aviara2004sorption/desorption/313K,405.27551905944813,0.14304276307514102,True
3.522484922790268e-05,0.006987909496225247,1.3300851554608964e-05,0.04970333628117868,True,cassini2006water/adsorption/10C,aviara2004sorption/desorption/313K,525.3730911539886,0.1405923629893509,True
2.6414910460613045e-05,0.006798588429730025,9.974526350774635e-06,0.04917632694048309,True,cassini2006water/adsorption/10C,aviara2004sorption/desorption/313K,681.5951144589476,0.13824921161676412,True
1.9808388394449036e-05,0.006619255189571345,7.480005335708911e-06,0.04866887946905346,True,cassini2006water/adsorption/10C,aviara2004sorption/desorption/313K,884.9265331364916,0.1360059089459879,True
1.4854195753205555e-05,0.006449139711533609,5.6093059192628485e-06,0.0481797761039775,True,cassini2006water/adsorption/10C,aviara2004sorption/desorption/313K,1149.7215171286518,0.13385574265882066,True
1.1139075379619602e-05,0.006287549110773844,4.20643845759592e-06,0.047707903941556315,True,cassini2006water/adsorption/10C,aviara2004sorption/desorption/313K,1494.7441105241626,0.13179260858905664,True
8.353128124494466e-06,0.006133858249080833,3.1544133258805375e-06,0.04725224353049888,True,cassini2006water/adsorption/10C,aviara2004sorption/desorption/313K,1944.532188840091,0.12981094210101884,True
6.263962410370477e-06,0.005987501652550712,2.365492867697242e-06,0.046811858952103755,True,cassini2006water/adsorption/10C,aviara2004sorption/desorption/313K,2531.1856714154546,0.12790565866390635,True
4.697309139012994e-06,0.005847966559384558,1.7738787279121474e-06,0.04638588916301446,True,cassini2006water/adsorption/10C,aviara2004sorption/desorption/313K,3296.711588772253,0.12607210220403411,True
