temperature_k,temperature_c,carrier_mole_fraction,molar_density_mol_m3_relative_difference,compressibility_absolute_difference,ln_phi_hexane_absolute_difference,fugacity_hexane_pa_relative_difference,hexane_density_kg_m3_relative_difference,residual_enthalpy_molar_absolute_difference,partial_residual_enthalpy_hexane_molar_absolute_difference,b_mix_absolute_difference,pore_hexane_concentration_kg_m3_relative_difference,retained_hexane_loading_kg_kg_dry_relative_difference,total_hexane_concentration_kg_m3_relative_difference,hexane_partial_pressure_pa_relative_difference,fugacity_water_pa_absolute_difference
341.86451253613916,68.71451253613918,0.01,0.0008589215173912668,0.0008194529781389015,5.87611986619524e-06,0.009994182624240757,0.01085033230221751,8.605845093622975,0.07255399444665045,2.2987836862408935e-05,0.010850332302217505,0.03809041660038446,0.03757921378570359,0.01,1048.914500136152
341.86451253613916,68.71451253613918,0.001,8.651330372649643e-05,8.247414860185209e-05,5.87611986638259e-08,0.000999941297560841,0.0010864267904228588,0.8671143688624738,0.0007255399444261457,2.313619358283508e-06,0.0010864267904228111,0.003924491602648595,0.00387123087465762,0.0009999999999999712,105.00184172387887
341.86451253613916,68.71451253613918,0.0001,8.657551930193357e-06,8.252703368016867e-06,5.876119799075319e-10,9.99994124467233e-05,0.00010865668617494657,0.08677673548118037,7.255399509631388e-06,2.315102925487273e-07,0.0001086566861748987,0.0003936431380324906,0.00038829492123758586,9.999999999992532e-05,10.501294226361136
341.86451253613916,68.71451253613918,1e-05,8.658174187155003e-07,8.253232218757844e-07,5.8761120969030856e-12,9.999994123789953e-06,1.0865808760640586e-05,0.008678326533981817,7.255397349581472e-08,2.3152512822069773e-08,1.086580876061029e-05,3.937629441744357e-05,3.884125053293552e-05,9.999999999892e-06,1.0501405293194026
341.86451253613916,68.71451253613918,1e-06,8.65823640000693e-08,8.25328509979073e-08,5.876549247219032e-14,9.999999412108045e-07,1.0865822774375028e-06,0.0008678391832859234,7.255493983393535e-10,2.3152661179307726e-09,1.0865822774365257e-06,3.937749289039512e-06,3.884242677772757e-06,9.999999999604768e-07,0.10501416400491735
343.96718401938483,70.81718401938485,0.01,0.0008387949418623246,0.0008011134292958966,5.722088905875389e-06,0.009994335115775686,0.010830406992443708,8.4496568619291,0.07069784062400686,2.2611588355334793e-05,0.010830406992443661,0.029839096913764906,0.029374631601212974,0.01,1048.104546371323
343.96718401938483,70.81718401938485,0.001,8.448243692557804e-05,8.06263309310884e-05,5.7220889047859824e-08,0.000999942836330234,0.0010843979544887,0.8513284918490172,0.0007069784062423423,2.275694475896645e-06,0.0010843979544887465,0.003049346790236661,0.0030013345085422205,0.0009999999999999712,104.91786815592576
343.96718401938483,70.81718401938485,0.0001,8.454282644156256e-06,8.067782973131266e-06,5.722088983195484e-10,9.999942784829349e-05,0.00010845343721596757,0.08519647724148172,7.069784089708264e-06,2.2771480399333584e-07,0.00010845343721594395,0.0003056055195763971,0.00030078823317040857,9.999999999992532e-05,10.492866905703425
343.96718401938483,70.81718401938485,1e-05,8.454886635146797e-07,8.068297960850401e-07,5.722096407811961e-12,9.999994278093401e-06,1.0845480208605655e-05,0.008520284004646328,7.069786533975275e-08,2.2772933963273803e-08,1.0845480208612546e-05,3.0567277247394456e-05,3.0085387613428812e-05,9.999999999892e-06,1.0492974974327023
343.96718401938483,70.81718401938485,1e-06,8.454947023815534e-08,8.06834945521473e-08,5.7218119131619e-14,9.99999942888708e-07,1.0845493857353737e-06,0.0008520347633975689,7.069616003718693e-10,2.2773079320741185e-09,1.0845493856930439e-06,3.056794994008367e-06,3.0086044202585253e-06,9.999999999604768e-07,0.10492985781785573
346.06985550263045,72.91985550263047,0.01,0.0008193132066944099,0.0007833241809920288,5.573795936117398e-06,0.009994481926644939,0.010811120074627504,8.297575859457197,0.06891383830787845,2.2244638505372312e-05,0.010811120074627433,0.024883657226084283,0.024459859838802053,0.01,1047.3199040203995
346.06985550263045,72.91985550263047,0.001,8.251681282117245e-05,7.883405973352353e-05,5.573795936603121e-08,0.0009999443177771457,0.0010824342960084428,0.8359598313934384,0.0006891383831089115,2.2387093405705494e-06,0.001082434296008437,0.0025301249283714205,0.0024865274234590665,0.0009999999999999712,104.83654048803788
346.06985550263045,72.91985550263047,0.0001,8.257545245960096e-06,7.888422389745742e-06,5.573796008073728e-10,9.999944267610767e-05,0.00010825671949146752,0.08365800559374748,6.8913838049411424e-06,2.2401338895731808e-07,0.00010825671949146555,0.00025343831197462407,0.00024906613807916273,9.999999999992532e-05,10.48470533048645
346.06985550263045,72.91985550263047,1e-05,8.258131733672536e-07,7.888924031806965e-07,5.5737983672976554e-12,9.999994426251774e-06,1.0825804915222733e-05,0.008366420783829653,6.891377779538743e-08,2.2402763444470328e-08,1.082580491521282e-05,2.5348097777307615e-05,2.4910755902952123e-05,9.999999999892e-06,1.0484810516522889
346.06985550263045,72.91985550263047,1e-06,8.25819039341164e-08,7.88897420722634e-08,5.5740134730086766e-14,9.999999444162868e-07,1.0825818213678484e-06,0.0008366482806536624,6.891127668495756e-10,2.240290590191374e-09,1.0825818213916444e-06,2.534852452166758e-06,2.4911170196023507e-06,9.999999999604768e-07,0.10484821035705273
348.1725269858761,75.02252698587614,0.01,0.0008004501682664548,0.0007660648071668996,5.430966048713959e-06,0.009994623329011604,0.010792445666583826,8.149467398064473,0.06719836400219492,2.1886688581864745e-05,0.010792445666583881,0.021641631797890363,0.021252279598228174,0.01,1046.5595948109014
348.1725269858761,75.02252698587614,0.001,8.061377672752557e-05,7.709526766108699e-05,5.4309660484086475e-08,0.0009999457446476434,0.0010805331629507398,0.820994592566592,0.0006719836400179702,2.2026336396702238e-06,0.0010805331629508057,0.0021929641651414473,0.002153041589158982,0.0009999999999999712,104.75775518998486
348.1725269858761,75.02252698587614,0.0001,8.067073861455408e-06,7.714414635540123e-06,5.430966162900397e-10,9.999945695770849e-05,0.00010806626715406752,0.08215993778424036,6.719836449065042e-06,2.204030117819271e-07,0.00010806626715409749,0.0002195890496652504,0.0002155867549163244,9.999999999992532e-05,10.47679909021572
348.1725269858761,75.02252698587614,1e-05,8.067643568329742e-07,7.714903422773034e-07,5.430961236285725e-12,9.999994569193089e-06,1.0806756289184313e-05,0.008216598563649313,6.719830025758711e-08,2.2041697656308146e-08,1.0806756289299146e-05,2.1961835994376805e-05,2.156150598179262e-05,9.999999999892e-06,1.0476901503535545
348.1725269858761,75.02252698587614,1e-06,8.067700539075413e-08,7.71495229923147e-08,5.4317661479785784e-14,9.999999457181963e-07,1.0806769248596546e-06,0.0008216659041977437,6.718892109347507e-10,2.204183730501741e-09,1.0806769248616517e-06,2.1962129140421893e-06,2.1561789071761257e-06,9.999999999604768e-07,0.10476911745429564
350.27519846912173,77.12519846912176,0.01,0.0007821809610670071,0.0007493157716548238,5.293340274700742e-06,0.009994759579258418,0.010774359151456435,8.00520197231964,0.06554801196017479,2.1537451334918732e-05,0.010774359151456511,0.019399518135480374,0.019038774091002974,0.01,1045.8226848850784
350.27519846912173,77.12519846912176,0.001,7.877080433839837e-05,7.540797779026498e-05,5.293340275130953e-08,0.0009999471195293065,0.0010786920335342117,0.8064195183082461,0.0006554801196898552,2.167438232795289e-06,0.0010786920335342268,0.0019609464931337867,0.0019240465307557592,0.0009999999999999712,104.68141351650988
350.27519846912173,77.12519846912176,0.0001,7.882615680243438e-06,7.545561785282651e-06,5.293340418766057e-10,9.999947071881973e-05,0.00010788182741882151,0.08070094504148528,6.554801245783892e-06,2.1688075427239717e-07,0.0001078818274188738,0.0001963074203799729,0.00019260905306877122,9.999999999992532e-05,10.46913825635944
350.27519846912173,77.12519846912176,1e-05,7.883169288000795e-07,7.546038186534432e-07,5.293349092383437e-12,9.99999470663751e-06,1.0788309045738118e-05,0.008070684436177089,6.554802212122013e-08,2.1689444736983435e-08,1.0788309045751193e-05,1.9632872609984522e-05,1.9262952051063734e-05,9.999999999892e-06,1.0469238001428456
350.27519846912173,77.12519846912176,1e-06,7.883224664142501e-08,7.546085822873749e-08,5.2936821592908245e-14,9.999999470637683e-07,1.078832167932525e-06,0.0008070743429016147,6.553477760462556e-10,2.1689581669332575e-09,1.0788321679315197e-06,1.9633085697912943e-06,1.9263156755141607e-06,9.999999999604768e-07,0.10469247976481393
352.3778699523674,79.22786995236743,0.01,0.0007644819244161411,0.0007330583840969851,5.160674511221763e-06,0.0099948909190507,0.01075683710517206,7.864655033220686,0.06395957918880413,2.1196650488335524e-05,0.010756837105172017,0.017787663260550774,0.01745022742771018,0.01,1045.1082824990522
352.3778699523674,79.22786995236743,0.001,7.698549421228429e-05,7.377029911570521e-05,5.160674509951946e-08,0.0009999484448601546,0.0010769085087180509,0.7922218654491076,0.0006395957919380635,2.1330950995149343e-06,0.001076908508717981,0.0017947267543636685,0.0017602759526803794,0.0009999999999999712,104.60742125318538
352.3778699523674,79.22786995236743,0.0001,7.703930202767488e-06,7.381674518636139e-06,5.160674526605291e-10,9.999948398402055e-05,0.0001077031598098254,0.07927975016622213,6.395957825588994e-06,2.1344381045821162e-07,0.0001077031598098477,0.00017963411616660888,0.0001761818786019066,9.999999999992532e-05,10.461713356691089
352.3778699523674,79.22786995236743,1e-05,7.704468359697001e-07,7.382138980105424e-07,5.160684379834635e-12,9.999994839189816e-06,1.0770439131532093e-05,0.007928550652877675,6.395958962457371e-08,2.1345724050738507e-08,1.0770439131476401e-05,1.7965027880502264e-05,1.7619732463767626e-05,9.999999999892e-06,1.0461810532892881
352.3778699523674,79.22786995236743,1e-06,7.704522175389952e-08,7.382185429616328e-08,5.159761506945415e-14,9.999999483605535e-07,1.0770451447383737e-06,0.0007928608217184774,6.39545305602951e-10,2.1345858351295294e-09,1.0770451447292605e-06,1.7965189523261848e-06,1.7619886940724547e-06,9.999999999604768e-07,0.10461820251043757
354.4805414356131,81.3305414356131,0.01,0.0007473305340251911,0.0007172747582874228,5.032738529593683e-06,0.009995017576318222,0.010739857228685005,7.7277067728468865,0.062430051605133485,2.0864020257651454e-05,0.010739857228685002,0.016595081527191847,0.01627621617927245,0.01,1044.4155358553921
354.4805414356131,81.3305414356131,0.001,7.525556075233385e-05,7.218042229639732e-05,5.032738530086345e-08,0.0009999497229408517,0.0010751803051915105,0.7783893819291166,0.0006243005161081783,2.099577289731624e-06,0.0010751803051914281,0.0016720532703077139,0.001639548605074922,0.0009999999999999712,104.53568847751677
354.4805414356131,81.3305414356131,0.0001,7.530788535844385e-06,7.222571694387447e-06,5.032738531474124e-10,9.999949677650694e-05,0.00010753003545712848,0.07789512523930853,6.2430052025774785e-06,2.1008948161271163e-07,0.00010753003545708362,0.00016733203168709022,0.00016407531881630128,9.999999999992532e-05,10.454515351176022
354.4805414356131,81.3305414356131,1e-05,7.531311854914433e-07,7.223024640623521e-07,5.032738115140489e-12,9.999994967307083e-06,1.075312365405005e-05,0.0077900743943359885,6.243004690986709e-08,2.1010265687610927e-08,1.0753123654041894e-05,1.6734471480339406e-05,1.6408737664147142e-05,9.999999999892e-06,1.0454610053112066
354.4805414356131,81.3305414356131,1e-06,7.531364179447597e-08,7.223069942163818e-08,5.032085859113522e-14,9.999999497414303e-07,1.0753135665033283e-06,0.0007790130581497579,6.24140739091672e-10,2.101039744094313e-09,1.075313566451329e-06,1.673459832368173e-06,1.6408858253622766e-06,9.999999999604768e-07,0.10454619523821655
356.5832129188587,83.43321291885871,0.01,0.0007307053380354378,0.000701947772803857,4.909315058289343e-06,0.009995139766162089,0.010723398284655237,7.594241919370802,0.060956591250544534,2.053930489191269e-05,0.0107233982846553,0.01569247930558314,0.015387989058502402,0.01,1043.7436310605838
356.5832129188587,83.43321291885871,0.001,7.357882765489307e-05,7.063661563566637e-05,4.909315057949337e-08,0.0009999509559414483,0.00107350524882718,0.76491028514954,0.0006095659124980557,2.0668588765198215e-06,0.0010735052488271956,0.0015793837442323125,0.001548385040968988,0.0009999999999999712,104.46612933427248
356.5832129188587,83.43321291885871,0.0001,7.362972736222916e-06,7.068079947214478e-06,4.909315037826545e-10,9.999950911752252e-05,0.0001073622364389827,0.07654588944700436,6.095659102811624e-06,2.0681517152532428e-07,0.00010736223643896627,0.00015804062192451452,0.00015493520382938247,9.999999999992532e-05,10.447535609298292
356.5832129188587,83.43321291885871,1e-05,7.363481803580238e-07,7.068521785669191e-07,4.9093090703777875e-12,9.999995090702453e-06,1.0736340816958512e-05,0.007655137553967961,6.095655180615722e-08,2.0682809991155043e-08,1.0736340816947222e-05,1.5805085564266615e-05,1.549448822550601e-05,9.999999999892e-06,1.044762792706743
356.5832129188587,83.43321291885871,1e-06,7.363532716343275e-08,7.068565976986463e-08,4.9085735476239734e-14,9.9999995089099e-07,1.073635253635036e-06,0.0007655192415541023,6.094751370255835e-10,2.068293927619258e-09,1.0736352536032118e-06,1.580518791015871e-06,1.5494585017164292e-06,9.999999999604768e-07,0.1044763715934621
358.68588440210436,85.53588440210439,0.01,0.0007145858971924705,0.0006870610337850191,4.7901989343249185e-06,0.00999525769169686,0.010707440038220533,7.464149541893562,0.0595365244702748,2.0222258237901627e-05,0.010707440038220519,0.014996256037032283,0.014702452380672963,0.01,1043.0917901994496
358.68588440210436,85.53588440210439,0.001,7.195322177735412e-05,6.913722128265576e-05,4.790198934040424e-08,0.0009999521459115306,0.0010718812685556022,0.7517732413917315,0.0005953652447487912,2.034914911307672e-06,0.0010718812685556662,0.0015080081383438298,0.0014781314383372755,0.0009999999999999712,104.3986618240956
358.68588440210436,85.53588440210439,0.0001,7.200275196221244e-06,6.918033307323768e-06,4.790198931958756e-10,9.999952102800078e-05,0.00010719955516866374,0.07523090701124602,5.953652475909621e-06,2.0361838200580983e-07,0.00010719955516872162,0.00015088529045734819,0.0001478926163108165,9.999999999992532e-05,10.440765888731672
358.68588440210436,85.53588440210439,1e-05,7.200770566588563e-07,6.918464425798021e-07,4.790196017623316e-12,9.999995209780127e-06,1.0720069855947611e-05,0.007523626529916783,5.953660320301424e-08,2.0363107109148612e-08,1.072006985601376e-05,1.5089374467661265e-05,1.4790056970474527e-05,9.999999999892e-06,1.044085590819056
358.68588440210436,85.53588440210439,1e-06,7.200820105031837e-08,6.918507544639851e-08,4.78991846186716e-14,9.999999522510904e-07,1.0720081290582932e-06,0.0007523680113763476,5.953779691481031e-10,2.0363234002652997e-09,1.0720081290469242e-06,1.5089459015109913e-06,1.4790136509593774e-06,9.999999999604768e-07,0.10440864910624756
360.78855588535004,87.63855588535006,0.01,0.00069895272886643,0.0006725988397281446,4.675196317541208e-06,0.009995371544826239,0.010691963201577693,7.3373228645892254,0.05816733098168925,1.9912643325603694e-05,0.01069196320157766,0.014450089162039235,0.01416375101856251,0.01,1042.4592695191257
360.78855588535004,87.63855588535006,0.001,7.037676740756233e-05,6.76806516414219e-05,4.6751963175828415e-08,0.0009999532947878981,0.0010703063906401563,0.7389673462472501,0.0005816733096253301,2.003721381268293e-06,0.0010703063906401667,0.001452082613525108,0.0014229944200918223,0.0009999999999999712,104.33320760452085
360.78855588535004,87.63855588535006,0.0001,7.042498068388498e-06,6.772272840849247e-06,4.675196271786142e-10,9.999953252720735e-05,0.00010704179381851668,0.07394908522257992,5.8167329939351475e-06,2.0049670861380618e-07,0.00010704179381859993,0.00014527948793032042,0.00014236609161046574,9.999999999992532e-05,10.434198315265867
360.78855588535004,87.63855588535006,1e-05,7.042980265626612e-07,6.77269360815913e-07,4.6751977289538615e-12,9.999995324868632e-06,1.0704290983341082e-05,0.007395432028147297,5.8167358929495094e-08,2.0050916566200297e-08,1.0704290983322352e-05,1.452866155142272e-05,1.4237276116271719e-05,9.999999999892e-06,1.0434286118271854
360.78855588535004,87.63855588535006,1e-06,7.043028472606353e-08,6.772735683391318e-08,4.6754267124526905e-14,9.999999533145975e-07,1.0704302142521726e-06,0.0007395484379912887,5.816218617837876e-10,2.005104113777731e-09,1.0704302143291702e-06,1.452873283338249e-06,1.4237342816598488e-06,9.999999999604768e-07,0.10434294899047739
362.89122736859565,89.74122736859567,0.01,0.0006837872546254694,0.0006585461481843913,4.564123962470801e-06,0.009995481506965753,0.010676949382079148,7.213659089682267,0.05684663375592436,1.9610231973769604e-05,0.010676949382079113,0.014014817156468087,0.013733152202937499,0.01,1041.8453577157177
362.89122736859565,89.74122736859567,0.001,6.884758089806722e-05,6.626538597509501e-05,4.5641239621030394e-08,0.000999954404400551,0.0010687787333171787,0.7264821060063014,0.0005684663374836418,1.973255168806389e-06,0.0010687787333172332,0.0014075570150080805,0.0013789693130920506,0.0009999999999999712,104.26969180258523
362.89122736859565,89.74122736859567,0.0001,6.889452728874691e-06,6.630646309013777e-06,4.564123939898579e-10,9.999954363336601e-05,0.00010688876378353983,0.0726993725710372,5.684663392457878e-06,1.9744783659502232e-07,0.00010688876378350318,0.00014081683079690148,0.00013795382121577045,9.999999999992532e-05,10.4278253639055
362.89122736859565,89.74122736859567,1e-05,6.88992225354855e-07,6.631057080097591e-07,4.5641268542340185e-12,9.999995435909328e-06,1.0688985335346986e-05,0.007270448876795399,5.684660209226422e-08,1.9746006856523335e-08,1.0688985335314516e-05,1.4082294751011421e-05,1.379595137150804e-05,9.999999999892e-06,1.0427911028543286
362.89122736859565,89.74122736859567,1e-06,6.889969195752673e-08,6.631098159459725e-08,4.563710520599784e-14,9.999999544322242e-07,1.0688996230307836e-06,0.0007270500039453509,5.68491032026941e-10,1.974612917838084e-09,1.068899623113532e-06,1.4082355920550835e-06,1.3796008299789196e-06,9.999999999604768e-07,0.10427919595469835
364.9938988518413,91.84389885184135,0.01,0.0006690717511163865,0.0006448885442413843,4.456808543211455e-06,0.009995587749710037,0.010662381033605237,7.093059228796903,0.055572189645431536,1.9314804414504285e-05,0.010662381033605301,0.013662544795257508,0.013383153391169087,0.01,1041.249374317218
364.9938988518413,91.84389885184135,0.001,6.736386563850231e-05,6.488996719300477e-05,4.45680854305186e-08,0.0009999554764816914,0.0010672965017728688,0.7143074199477155,0.0005557218964895583,1.943494013017903e-06,0.0010672965017728667,0.00137155364009222,0.001343219577076741,0.0009999999999999712,104.20804283827842
364.9938988518413,91.84389885184135,0.0001,6.740959272932076e-06,6.493007846941623e-06,4.4568086721152866e-10,9.999955436364165e-05,0.00010674028517693949,0.07148075696545675,5.557219026286475e-06,1.944695370173586e-07,0.00010674028517697535,0.00013720865036617524,0.00013437127214059518,9.999999999992532e-05,10.421639841065351
364.9938988518413,91.84389885184135,1e-05,6.741416603010559e-07,6.49340895941819e-07,4.456809921116189e-12,9.999995543155234e-06,1.0674134918822496e-05,0.007148575846201766,5.5572229484823765e-08,1.9448155058826924e-08,1.067413491876767e-05,1.3721398196417457e-05,1.34376206317376e-05,9.999999999892e-06,1.042172344185865
364.9938988518413,91.84389885184135,1e-06,6.74146233669485e-08,6.493449067335177e-08,4.456851554479613e-14,9.99999955403698e-07,1.067414556009644e-06,0.0007148625861645996,5.556444193643983e-10,1.944827519514969e-09,1.0674145560043722e-06,1.3721451513730273e-06,1.3437669973892275e-06,9.999999999604768e-07,0.1042173180238871
367.096570335087,93.94657033508702,0.01,0.0006547893040052684,0.0006316122106857502,4.353086027059083e-06,0.009995690435453312,0.01064824141096522,6.97542794225069,0.05434188070046275,1.9026148935867657e-05,0.01064824141096518,0.013373033664334762,0.013093875939009758,0.01,1040.6706681567182
367.096570335087,93.94657033508702,0.001,6.59239073462139e-05,6.355299881100063e-05,4.3530860277529726e-08,0.0009999565126698083,0.0010658579834387425,0.7024335634881709,0.0005434188070125856,1.9144164730231644e-06,0.0010658579834387672,0.0013419887553801015,0.001313698878200486,0.0009999999999999712,104.1481922581345
367.096570335087,93.94657033508702,0.0001,6.5968460427977535e-06,6.3592176584581495e-06,4.3530860860396814e-10,9.999956473505843e-05,0.00010659618635809563,0.07029226404148403,5.434188210529101e-06,1.9155966309654555e-07,0.0001065961863580118,0.00013424596412910266,0.0001314132163998901,9.999999999992532e-05,10.415634867790947
367.096570335087,93.94657033508702,1e-05,6.5972916286468e-07,6.359609435735436e-07,4.353094273934488e-12,9.999995647051943e-06,1.0659722565566453e-05,0.007029715481053245,5.4341910527000437e-08,1.9157146467470645e-08,1.065972256559617e-05,1.3425067534462173e-05,1.3141755142218264e-05,9.999999999892e-06,1.0415716475900267
367.096570335087,93.94657033508702,1e-06,6.597336180732418e-08,6.359648607734414e-08,4.3548498140921765e-14,9.99999956525222e-07,1.0659732958615467e-06,0.0007029764389017146,5.434799277281854e-10,1.915726448352764e-09,1.0659732958381984e-06,1.3425114650366728e-06,1.3141798493928614e-06,9.999999999604768e-07,0.10415724637150352
369.1992418183326,96.04924181833263,0.01,0.0006409237647753185,0.0006187038997498284,4.252801092952119e-06,0.009995789717965347,0.010634514527127653,6.860673385884979,0.05315370611413073,1.874406154153403e-05,0.010634514527127733,0.013131396032534116,0.012850762103949668,0.01,1040.1086159303393
369.1992418183326,96.04924181833263,0.001,6.452606964762028e-05,6.22531420734207e-05,4.252801092535785e-08,0.0009999575145161735,0.0010644615435781589,0.6908511721387072,0.0005315370611924664,1.886001893067939e-06,0.0010644615435781504,0.0013173318334301035,0.0012889107879340152,0.0009999999999999712,104.09007457831468
369.1992418183326,96.04924181833263,0.0001,6.456949184282946e-06,6.229141728320009e-06,4.252801097393011e-10,9.999957476243599e-05,0.00010645630348929271,0.0691329555493212,5.31537057213427e-06,1.8871614669590565e-07,0.00010645630348935573,0.00013177529525088444,0.0001289295982842218,9.999999999992532e-05,10.409803863938565
369.1992418183326,96.04924181833263,1e-05,6.457383458492554e-07,6.229524480705351e-07,4.252799501447413e-12,9.999995747122215e-06,1.064573188850882e-05,0.006913773938208578,5.3153655699134106e-08,1.8872774243351362e-08,1.0645731888588934e-05,1.3177950834380592e-05,1.2893345197497613e-05,9.999999999892e-06,1.0409883547346177
369.1992418183326,96.04924181833263,1e-06,6.457426883899137e-08,6.229562765636132e-08,4.2521541843143495e-14,9.999999574644499e-07,1.0645742043673194e-06,0.0006913821776493023,5.314291229296941e-10,1.8872890201592635e-09,1.064574204329933e-06,1.3177992965009578e-06,1.2893383732939254e-06,9.999999999604768e-07,0.1040989151611494
371.3019133015783,98.1519133015783,0.01,0.0006274597101694535,0.0006061509063474135,4.155806591056577e-06,0.009995885742925623,0.010621185113067753,6.7487070650470855,0.052005774750000455,1.8468345626612617e-05,0.010621185113067824,0.012926566797285892,0.01264304983505916,0.01,1039.5626208346923
371.3019133015783,98.1519133015783,0.001,6.316878993456314e-05,6.098911322793832e-05,4.155806591216171e-08,0.0009999584834912423,0.0010631056211445776,0.6795512262322632,0.000520057747564806,1.8582303693010904e-06,0.00106310562114464,0.0012964466236257532,0.0012677502335054999,0.0009999999999999712,104.03362713657832
371.3019133015783,98.1519133015783,0.0001,6.321112233054996e-06,6.1026515486561905e-06,4.155806601624512e-10,9.999958446061661e-05,0.00010632048012179147,0.06800192782048953,5.200577504638204e-06,1.8593699499633472e-07,0.0001063204801218861,0.00012968271695806854,0.00012680961769465465,9.999999999992532e-05,10.404140533253507
371.3019133015783,98.1519133015783,1e-05,6.321535605999714e-07,6.103025570469711e-07,4.1558145813525016e-12,9.999995843989447e-06,1.0632147239110033e-05,0.006800660833960137,5.200587338549667e-08,1.859483908018579e-08,1.063214723911971e-05,1.2968652397446284e-05,1.2681307855206838e-05,9.999999999892e-06,1.040421835693649
371.3019133015783,98.1519133015783,1e-06,6.321577925633138e-08,6.10306296611185e-08,4.15639744844043e-14,9.999999582824808e-07,1.0632157160964856e-06,0.0006800707639627035,5.200604391575325e-10,1.8594953038290896e-09,1.0632157161631401e-06,1.2968690470334964e-06,1.2681342465762847e-06,9.999999999604768e-07,0.10404226139722056
373.4045847848239,100.25458478482392,0.01,0.0006143824040995392,0.0005939410427143743,4.061963040528915e-06,0.009995978648422513,0.010608238580058603,6.639443695358921,0.05089629820326991,1.819881166878175e-05,0.010608238580058568,0.012750259177698748,0.01246273092093655,0.01,1039.0321112790186
373.4045847848239,100.25458478482392,0.001,6.185057547216902e-05,5.975968094507067e-05,4.061963038842764e-08,0.0009999594209884964,0.0010617887248965362,0.6685250363742057,0.0005089629819963193,1.8310827181362583e-06,0.001061788724896519,0.0012784828899045423,0.0012493955433197973,0.0009999999999999712,103.97878995258061
373.4045847848239,100.25458478482392,0.0001,6.1891857241611695e-06,5.9796238611742325e-06,4.0619630575777776e-10,9.999959384441553e-05,0.00010618856680566587,0.06689831030581672,5.0896298944280716e-06,1.8322028732609477e-07,0.00010618856680564317,0.00012788298714811944,0.00012497089616753197,9.999999999992532e-05,10.398638849289734
373.4045847848239,100.25458478482392,1e-05,6.189598589971502e-07,5.979989438076316e-07,4.0619521635143485e-12,9.999995938105317e-06,1.0618953669468745e-05,0.006690289097264213,5.089634669275256e-08,1.8323148887706628e-08,1.0618953669493633e-05,1.2788645824895012e-05,1.2497403152475615e-05,9.999999999892e-06,1.039871487538202
373.4045847848239,100.25458478482392,1e-06,6.189639865530574e-08,5.980025996610294e-08,4.061334601956901e-14,9.999999594689913e-07,1.0618963368566436e-06,0.0006690334904533302,5.08975972479675e-10,1.8323260905523525e-09,1.0618963368187757e-06,1.2788680531497887e-06,1.2497434501814346e-06,9.999999999604768e-07,0.10398722478398172
375.50725626806957,102.35725626806959,0.01,0.0006016777618496055,0.000582062614371992,3.97113816218847e-06,0.00999606856541336,0.010595660984230924,6.532801069931395,0.04982358435484002,1.7935276933937327e-05,0.010595660984230934,0.012596232336986302,0.012303820654182219,0.01,1038.516539667487
375.50725626806957,102.35725626806959,0.001,6.056999974128606e-05,5.856366387180234e-05,3.9711381627505205e-08,0.0009999603283289244,0.0010605094297414903,0.6577642295849842,0.0004982358435086098,1.804540446116677e-06,0.001060509429741373,0.0012628006964778256,0.0012332329784149256,0.0009999999999999712,103.92550559597514
375.50725626806957,102.35725626806959,0.0001,6.061026823419544e-06,5.85994041157889e-06,3.971138279323938e-10,9.999960292586633e-05,0.00010606042072073879,0.06582126418436474,4.982358461802505e-06,1.8056417213870891e-07,0.0001060604207206419,0.00012631195170573954,0.00012335190519375408,9.999999999992532e-05,10.393293042117923
375.50725626806957,102.35725626806959,1e-05,6.061429552421832e-07,5.860297813686799e-07,3.9711497978878185e-12,9.99999602888056e-06,1.060613689371151e-05,0.006582574830588328,4.982354084859253e-08,1.8057518488953303e-08,1.0606136893699535e-05,1.2631514098836059e-05,1.233547669133012e-05,9.999999999892e-06,1.0393367330062104
375.50725626806957,102.35725626806959,1e-06,6.06146982813736e-08,5.860333562868192e-08,3.970435091815716e-14,9.999999603988632e-07,1.060614637659529e-06,0.0006582619670894019,4.982325663149823e-10,1.8057628617222654e-09,1.0606146375571813e-06,1.263154599152929e-06,1.2335505308679962e-06,9.999999999604768e-07,0.10393374759253471
377.60992775131524,104.45992775131526,0.01,0.0005893323164254065,0.0005705043973375235,3.8832064435181946e-06,0.009996155618156708,0.01058343899326105,6.428699932694883,0.04878603137944992,1.767756519560344e-05,0.010583438993261024,0.012459766812768865,0.012161834907687415,0.01,1038.015381247427
377.60992775131524,104.45992775131526,0.001,5.932569900474342e-05,5.73999283136617e-05,3.883206443899834e-08,0.0009999612067667961,0.0010592663733056758,0.6472607360935854,0.0004878603138536164,1.7785857212026818e-06,0.0010592663733056124,0.001248916303243064,0.0012188028207603583,0.0009999999999999712,103.87371906183526
377.60992775131524,104.45992775131526,0.0001,5.936498986629723e-06,5.743487717091433e-06,3.8832065341054545e-10,9.999961171814202e-05,0.00010593590533664949,0.0647699810375002,4.878603135693993e-06,1.7796686413657295e-07,0.0001059359053366714,0.00012492111725483286,0.00012190655855336424,9.999999999992532e-05,10.388097585772803
377.60992775131524,104.45992775131526,1e-05,5.93689194079707e-07,5.74383720586269e-07,3.883206256549698e-12,9.99999611685946e-06,1.0593683257127171e-05,0.006477437177977663,4.878592108070734e-08,1.7797769333608923e-08,1.0593683257093207e-05,1.2492406685673068e-05,1.2190918703443415e-05,9.999999999892e-06,1.0388170192462434
377.60992775131524,104.45992775131526,1e-06,5.936931259985523e-08,5.743872155683505e-08,3.883005028626485e-14,9.999999612592432e-07,1.0593692531628494e-06,0.0006477481085767067,4.877733772445936e-10,1.7797877626974518e-09,1.0593692532231105e-06,1.2492436181393431e-06,1.219094498853943e-06,9.999999999604768e-07,0.10388177453518731
379.71259923456086,106.56259923456088,0.01,0.000577333186888034,0.0005592556165108231,3.798048733696935e-06,0.009996239924613206,0.010571559855019121,6.327063857540395,0.04778212217172495,1.7425506467392063e-05,0.010571559855019152,0.012337282426113583,0.012033409331344497,0.01,1037.5281330195444
379.71259923456086,106.56259923456088,0.001,5.811636907356395e-05,5.6267386037034406e-05,3.7980487338495905e-08,0.0009999620574924952,0.0010580582527045055,0.6370067767495016,0.00047782122169337526,1.7532013454066644e-06,0.0010580582527044758,0.0012364628322875776,0.00120576018816531,0.0009999999999999712,103.82337765294224
379.71259923456086,106.56259923456088,0.0001,5.815471633101615e-06,5.630156847513668e-06,3.798048819891875e-10,9.999962023310912e-05,0.0001058148900859955,0.06374368158486732,4.778212257861014e-06,1.7542664152727337e-07,0.0001058148900859889,0.0001236737063777066,0.00012060028257710462,9.999999999992532e-05,10.38304718639381
379.71259923456086,106.56259923456088,1e-05,5.815855148372179e-07,5.630498671749251e-07,3.798059089454853e-12,9.999996202077645e-06,1.0581579698892021e-05,0.006374798197612108,4.778217999046319e-08,1.7543729222612922e-08,1.0581579698883202e-05,1.2367644946674312e-05,1.2060270966727068e-05,9.999999999892e-06,1.0383118166306917
379.71259923456086,106.56259923456088,1e-06,5.8158935019354426e-08,5.630532851075287e-08,3.798350522998817e-14,9.99999962052663e-07,1.058158876902653e-06,0.00063748412020459,4.777120921062306e-10,1.754383573094806e-09,1.058158876978725e-06,1.236767237762956e-06,1.206029523867796e-06,9.999999999604768e-07,0.10383125264676286
381.8152707178065,108.66527071780655,0.01,0.00056566804855751,0.0005483059251707445,3.7155518658738007e-06,0.009996321596819208,0.010560011368071836,6.227819132980187,0.046810419160124184,1.7178936747843862e-05,0.010560011368071711,0.01222605632404695,0.011916018372563264,0.01,1037.054312706438
381.8152707178065,108.66527071780655,0.001,5.6940762267997834e-05,5.5164992185052775e-05,3.7155518658321673e-08,0.0009999628816361734,0.0010568838215056795,0.6269948510224026,0.00046810419155463023,1.728370728706517e-06,0.0010568838215056166,0.0012251612876607398,0.001193846165760408,0.0009999999999999712,103.77443086851787
381.8152707178065,108.66527071780655,0.0001,5.69781984173328e-06,5.5198432151737364e-06,3.7155518939346877e-10,9.999962848207586e-05,0.00010569725005973843,0.06274161447942106,4.6810419007670134e-06,1.7294184340979277e-07,0.00010569725005963751,0.0001225417516230825,0.00011940712146809642,9.999999999992532e-05,10.378136771016495
381.8152707178065,108.66527071780655,1e-05,5.698194242583284e-07,5.520177615014887e-07,3.715555640937396e-12,9.999996284522953e-06,1.0569813725857104e-05,0.006274582741696122,4.681032805819996e-08,1.7295232046217815e-08,1.0569813725797203e-05,1.2254431457216466e-05,1.1940937257239194e-05,9.999999999892e-06,1.0378206176340885
381.8152707178065,108.66527071780655,1e-06,5.698231666881627e-08,5.520211054932389e-08,3.7143899067615394e-14,9.99999962984367e-07,1.0569822597823532e-06,0.000627462487102548,4.679918674810324e-10,1.7295336818528434e-09,1.0569822597723694e-06,1.2254457085582764e-06,1.1940959766587311e-06,9.999999999604768e-07,0.10378213117242427
383.91794220105214,110.76794220105216,0.01,0.0005543251049476183,0.0005376453855164831,3.635608305213589e-06,0.009996400741235123,0.010548781853898206,6.130894652051097,0.04586955947604565,1.6937697777014518e-05,0.010548781853898242,0.012124012866415238,0.011807765885440266,0.01,1036.593457775967
383.91794220105214,110.76794220105216,0.001,5.57976845539965e-05,5.409174329917832e-05,3.6356083053801225e-08,0.0009999636802725553,0.0010557418868693644,0.6172177255579641,0.00045869559477296207,1.7040778641708903e-06,0.0010557418868694156,0.0012147989863395632,0.001182866319251042,0.0009999999999999712,103.72683029900901
383.91794220105214,110.76794220105216,0.0001,5.583424065495642e-06,5.412446377417446e-06,3.6356083768507297e-10,9.999963647563592e-05,0.00010558286572302294,0.061763055159303804,4.586955981267238e-06,1.7051086728171218e-07,0.00010558286572312004,0.0001215039329439318,0.00011830758307365674,9.999999999992532e-05,10.373361476974813
383.91794220105214,110.76794220105216,1e-05,5.583789665674062e-07,5.41277358268033e-07,3.6356091748235286e-12,9.99999636444513e-06,1.0558373382666189e-05,0.006176718341976084,4.5869512632634724e-08,1.7052117536791103e-08,1.05583733827153e-05,1.2150633694987481e-05,1.1830967872836289e-05,9.999999999892e-06,1.0373429357725723
383.91794220105214,110.76794220105216,1e-06,5.583826230617571e-08,5.412806303173312e-08,3.635633460952192e-14,9.999999637078052e-07,1.0558382064895482e-06,0.0006176759624736405,4.5866954678785987e-10,1.7052220618613695e-09,1.0558382065554004e-06,1.2150657739936483e-06,1.1830988833761834e-06,9.999999999604768e-07,0.10373436146161273
386.0206136842978,112.87061368429784,0.01,0.0005432930613259502,0.0005272644501993495,3.5581158203332186e-06,0.009996477459070972,0.010537860130712668,6.036221807199752,0.04495825045461288,1.6701636804209992e-05,0.010537860130712735,0.012029565932290456,0.011707227959759986,0.01,1036.1451245162407
386.0206136842978,112.87061368429784,0.001,5.468599284665585e-05,5.304667544370201e-05,3.5581158196879015e-08,0.0009999644544221543,0.0010546313068536823,0.6076684232608613,0.0004495825045296442,1.6803073042333814e-06,0.0010546313068536543,0.0012052133860724543,0.0011726745824669367,0.0009999999999999712,103.68052952655736
386.0206136842978,112.87061368429784,0.0001,5.472169858472381e-06,5.307869848647506e-06,3.5581157811770403e-10,9.999964422387e-05,0.00010547162264139162,0.060807304751449465,4.495825066896941e-06,1.6813216666144732e-07,0.00010547162264143766,0.00012054395639417183,0.00011728702362762933,9.999999999992532e-05,10.368716641877175
386.0206136842978,112.87061368429784,1e-05,5.472526951955438e-07,5.308190078601172e-07,3.5581156077046927e-12,9.999996441753e-06,1.0547247222651304e-05,0.0060811350993503765,4.495825578487711e-08,1.6814231028339233e-08,1.0547247222715313e-05,1.205462186711506e-05,1.1728898064119603e-05,9.999999999892e-06,1.036878304600789
386.0206136842978,112.87061368429784,1e-06,5.4725626526367274e-08,5.308222106314986e-08,3.558264793923627e-14,9.999999643908632e-07,1.054725571841385e-06,0.0006081175561689633,4.496314431889914e-10,1.6814332465427129e-09,1.054725571804328e-06,1.2054644487103273e-06,1.1728917631149317e-06,9.999999999604768e-07,0.10368789686773071
388.1232851675435,114.97328516754351,0.01,0.0005325610997904141,0.0005171539447851314,3.4829771766026196e-06,0.009996551846590167,0.010527235488792497,5.943734389904307,0.04407526543894846,1.6470606366304264e-05,0.01052723548879253,0.011941499980793985,0.01161333436044071,0.01,1035.7088871592189
388.1232851675435,114.97328516754351,0.001,5.3604592470033256e-05,5.202886242439142e-05,3.482977176463842e-08,0.0009999652050573227,0.0010535509878775182,0.5983402128799185,0.00044075265441279043,1.65704413805656e-06,0.0010535509878776086,0.001196279896785996,0.0011631611122877475,0.0009999999999999712,103.6354840308123
388.1232851675435,114.97328516754351,0.0001,5.363947624081551e-06,5.206020921910692e-06,3.4829772746491905e-10,9.999965173698903e-05,0.00010536341122938164,0.0598736890268583,4.407526546401641e-06,1.658042488198808e-07,0.00010536341122942006,0.0001196493322912388,0.00011633443032366039,9.999999999992532e-05,10.36419779412174
388.1232851675435,114.97328516754351,1e-05,5.364296497077922e-07,5.206334390273071e-07,3.4829777950662333e-12,9.999996516848418e-06,1.0536424285586306e-05,0.0059877655800164575,4.407530695971218e-08,1.6581423232077744e-08,1.053642428557275e-05,1.1965146698903045e-05,1.1633626265833406e-05,9.999999999892e-06,1.0364262767627541
388.1232851675435,114.97328516754351,1e-06,5.364331381500357e-08,5.206365738530394e-08,3.482977795066233e-14,9.999999650432704e-07,1.0536432602736789e-06,0.000598780524853737,4.4076386984670535e-10,1.658152306758219e-09,1.053643260282717e-06,1.196516804584617e-06,1.163364459098107e-06,9.999999999604768e-07,0.10364269265322158
390.2259566507891,117.07595665078912,0.01,0.0005221188557626432,0.0005073050510980837,3.4100998496759682e-06,0.00999662399539259,0.010516897667205006,5.853368494796541,0.043219439866902576,1.6244464076107623e-05,0.010516897667205056,0.011858880052485515,0.01152527881733056,0.01,1035.284337050091
390.2259566507891,117.07595665078912,0.001,5.255243476154823e-05,5.1037414096288813e-05,3.410099849721071e-08,0.0009999659331019607,0.001052499882326806,0.5892265990676719,0.00043219439862696163,1.6342739699316258e-06,0.0010524998823267582,0.0011879026628860388,0.0011542431042111908,0.0009999999999999712,103.591651099767
390.2259566507891,117.07595665078912,0.0001,5.258652373265747e-06,5.10681049947781e-06,3.410099876088868e-10,9.999965902414911e-05,0.00010525812650818215,0.05896155740259701,4.32194400445951e-06,1.6352567261629456e-07,0.00010525812650814124,0.00011881045123790416,0.00011544150070723915,9.999999999992532e-05,10.359800643918502
390.2259566507891,117.07595665078912,1e-05,5.258993294734378e-07,5.107117407865402e-07,3.4101020618404476e-12,9.999996589914747e-06,1.0525894070378823e-05,0.005896544715142227,4.321941560192499e-08,1.6353550017747694e-08,1.0525894070447016e-05,1.1881247011573185e-05,1.154432201174149e-05,9.999999999892e-06,1.0359864230934495
390.2259566507891,117.07595665078912,1e-06,5.259027378904847e-08,5.10714809331958e-08,3.4101194090752074e-14,9.999999660669228e-07,1.0525902212648974e-06,0.0005896583612639006,4.3218051359872334e-10,1.6353648294494677e-09,1.0525902212194365e-06,1.1881267200947585e-06,1.1544339207388663e-06,9.999999999604768e-07,0.10359870589972332
392.3286281340348,119.1786281340348,0.01,0.0005119563958095555,0.0004977092913971415,3.3393957576607902e-06,0.009996693992679948,0.010506836831851375,5.765062428065619,0.04238966762051177,1.602307242028146e-05,0.010506836831851286,0.01178098354265336,0.011442451046943688,0.01,1034.8710818597938
392.3286281340348,119.1786281340348,0.001,5.152851481140192e-05,5.007147475788454e-05,3.339395758181207e-08,0.0009999666394358826,0.001051476986296583,0.5803213128924654,0.00042389667623865535,1.6119828986595934e-06,0.0010514769862965546,0.0011800075782162154,0.0011458578357348816,0.0009999999999999712,103.54898974532072
392.3286281340348,119.1786281340348,0.0001,5.156183499194877e-06,5.010152931972378e-06,3.339395739099249e-10,9.999966609395043e-05,0.00010515566788070833,0.058070281990126205,4.238966766934027e-06,1.6129504643220584e-07,0.00010515566788061917,0.00011801988397267351,0.00011460194540879926,9.999999999992532e-05,10.355521074788122
392.3286281340348,119.1786281340348,1e-05,5.156516734211913e-07,5.010453477671817e-07,3.339398202406585e-12,9.999996660715621e-06,1.0515646516775e-05,0.00580740970599436,4.238967221681378e-08,1.6130472208809865e-08,1.0515646516776145e-05,1.1802179692572684e-05,1.1460356193718694e-05,9.999999999892e-06,1.0355583317681305
392.3286281340348,119.1786281340348,1e-06,5.1565500546907455e-08,5.0104835391806546e-08,3.339689635950549e-14,9.999999666242153e-07,1.0515654489311724e-06,0.0005807447857364423,4.2382453102618456e-10,1.6130568966047504e-09,1.0515654489403188e-06,1.1802198823563695e-06,1.1460372360759857e-06,9.999999999604768e-07,0.10355589542299319
394.43129961728044,121.28129961728047,0.01,0.0005020641967061532,0.0004883585133378388,3.2707810107106272e-06,0.009996761921503864,0.010497043554738966,5.678756619931221,0.04158489761499595,1.5806298566320258e-05,0.01049704355473893,0.01170724843888528,0.011364385243911583,0.01,1034.4687448381883
394.43129961728044,121.28129961728047,0.001,5.0531869330164314e-05,4.91302216246714e-05,3.2707810113108415e-08,0.0009999673248971648,0.001050481337460847,0.5716183027784609,0.0004158489761607598,1.5901574978647833e-06,0.0010504813374608425,0.0011725369880021099,0.0011379573966804819,0.0009999999999999712,103.50746062328663
394.43129961728044,121.28129961728047,0.0001,5.0564445626940944e-06,4.915965865381899e-06,3.2707810418419747e-10,9.999967295466258e-05,0.00010505593891820777,0.057199256685692035,4.158489787187136e-06,1.591110261987697e-07,0.00010505593891828713,0.00011727185033726536,0.00011381095997607328,9.999999999992532e-05,10.351355135509209
394.43129961728044,121.28129961728047,1e-05,5.056770357618892e-07,4.916260235576786e-07,3.2707829500377983e-12,9.999996729179315e-06,1.0505671979027818e-05,0.005720299932590933,4.158493993600132e-08,1.591205538392735e-08,1.0505671979022069e-05,1.1727366579252201e-05,1.13812482324062e-05,9.999999999892e-06,1.0351416074965205
394.43129961728044,121.28129961728047,1e-06,5.056802938452883e-08,4.91628967536073e-08,3.2709945863018675e-14,9.999999673281551e-07,1.0505679788585262e-06,0.000572033735977584,4.1580960896681063e-10,1.5912150661771124e-09,1.0505679788941782e-06,1.1727384732511215e-06,1.138126345636016e-06,9.999999999604768e-07,0.10351422169232202
396.53397110052606,123.38397110052608,0.01,0.0004924331256639998,0.0004792448756786305,3.204175676670834e-06,0.009996827860998116,0.010487508794407447,5.5943935409903816,0.040804130613253164,1.5594014178153836e-05,0.010487508794407484,0.011637234052401763,0.011290721110926412,0.01,1034.0769641055722
396.53397110052606,123.38397110052608,0.001,4.956157463661085e-05,4.8212863378749304e-05,3.2041756768685925e-08,0.0009999679902844825,0.0010495120130619708,0.5631117258542417,0.00040804130611604705,1.5687847971941052e-06,0.0010495120130619895,0.0011654456701247224,0.0011305047029280444,0.0009999999999999712,103.46702595758637
396.53397110052606,123.38397110052608,0.0001,4.959343090982255e-06,4.8241700959517075e-06,3.2041757441758634e-10,9.999967961445143e-05,0.00010495884715675712,0.05634789630295245,4.080413077645062e-06,1.5697231351308617e-07,0.00010495884715677333,0.00011656181647284941,0.00011306482534420552,9.999999999992532e-05,10.347299032487783
396.53397110052606,123.38397110052608,1e-05,4.959661684287103e-07,4.824458471608395e-07,3.204176507454193e-12,9.999996795863358e-06,1.0495961208873277e-05,0.005635156867413116,4.080413873452926e-08,1.569816968918173e-08,1.049596120882932e-05,1.165635416838865e-05,1.1306626113910723e-05,9.999999999892e-06,1.0347358707592542
396.53397110052606,123.38397110052608,1e-06,4.959693527694759e-08,4.824487298549229e-08,3.204381204824358e-14,9.999999679383399e-07,1.0495968858300687e-06,0.0005635193591047027,4.0802206058287993e-10,1.5698263523518732e-09,1.0495968858427939e-06,1.16563714230974e-06,1.130664047481978e-06,9.999999999604768e-07,0.10347364675417353
398.63664258377173,125.48664258377175,0.01,0.00048305442164875943,0.00047036083468887657,3.1395035616950395e-06,0.009996891886594927,0.01047822387743224,5.511917622247438,0.04004641624942451,1.538609523994033e-05,0.010478223877432281,0.01157059125004761,0.011221174466225248,0.01,1033.695391980351
398.63664258377173,125.48664258377175,0.001,4.861674475393699e-05,4.731863878948417e-05,3.1395035619830036e-08,0.0009999686363588703,0.001048568128009223,0.5547959396872102,0.0004004641625670047,1.5478522643583336e-06,0.0010485681280092347,0.0011586977887728647,0.0011234704899428893,0.0009999999999999712,103.42764946838598
398.63664258377173,125.48664258377175,0.0001,4.864790387910654e-06,4.734689432184247e-06,3.1395035529624415e-10,9.99996860810045e-05,0.00010486430390880535,0.0555156357433475,4.004641596111469e-06,1.5487765383940047e-07,0.0001048643039088775,0.0001158861894821135,0.00011236060650965045,9.999999999992532e-05,10.343349122524193
398.63664258377173,125.48664258377175,1e-05,4.86510200901987e-07,4.7349719878297947e-07,3.1395060162697774e-12,9.999996860366318e-06,1.0486505335782516e-05,0.0055519239920158725,4.004641596111469e-08,1.5488689657878682e-08,1.0486505335810441e-05,1.1588783078028836e-05,1.1236196253263275e-05,9.999999999892e-06,1.0343407570841043
398.63664258377173,125.48664258377175,1e-06,4.8651331853481204e-08,4.7350002474466635e-08,3.1395025468228255e-14,9.99999968487896e-07,1.048651283327998e-06,0.0005551960034608783,4.0040504245553166e-10,1.5488782086330727e-09,1.0486512833093811e-06,1.1588799489208723e-06,1.123620981496325e-06,9.999999999604768e-07,0.1034341341598023
400.7393140670174,127.58931406701743,0.01,0.0004739196777203011,0.00046169913122207085,3.0766920047185786e-06,0.009996954070229673,0.010469180480943061,5.431275178649912,0.0393108502428845,1.5182421887649576e-05,0.010469180480943037,0.011507039918322783,0.011155515184237004,0.01,1033.3236943408283
400.7393140670174,127.58931406701743,0.001,4.769652961286864e-05,4.6446815402667596e-05,3.0766920042918366e-08,0.0009999692638464808,0.0010476488330833126,0.5466654943868434,0.00039310850246465634,1.5273477879717895e-06,0.0010476488330833326,0.0011522645880233412,0.0011168310561673945,0.0009999999999999712,103.38929630394632
400.7393140670174,127.58931406701743,0.0001,4.772701351884362e-06,4.6474505630555996e-06,3.076692060843822e-10,9.999969236143708e-05,0.00010477222408179014,0.054701929203872623,3.931085018393787e-06,1.5282583478912464e-07,0.00010477222408176793,0.00011524208625412956,0.00011169592635675406,9.999999999992532e-05,10.339501905954522
400.7393140670174,127.58931406701743,1e-05,4.773006218513916e-07,4.647727465112439e-07,3.0766916792046572e-12,9.999996923281425e-06,1.04772958488622e-05,0.005470546718015612,3.931080527763697e-08,1.5283494038810345e-08,1.0477295848851668e-05,1.1524364921210613e-05,1.1169720868242748e-05,9.999999999892e-06,1.033955916359685
400.7393140670174,127.58931406701743,1e-06,4.773036702856161e-08,4.647755158515565e-08,3.07635861229727e-14,9.999999692567246e-07,1.0477303192920617e-06,0.0005470582098041632,3.930722414224874e-10,1.528358509520454e-09,1.0477303192358872e-06,1.1524380550707226e-06,1.1169733690264746e-06,9.999999999604768e-07,0.10339564889661962
402.841985550263,129.69198555026304,0.01,0.00046502082433531655,0.00045325277841823386,3.015671684862553e-06,0.009997014480530335,0.010460370616091971,5.35241433596218,0.03859657179350506,1.4982878248052706e-05,0.01046037061609204,0.011446351933587725,0.011093550759382181,0.01,1032.961550019195
402.841985550263,129.69198555026304,0.001,4.6800113353600946e-05,4.5596688293403353e-05,3.015671684938881e-08,0.0009999698734394357,0.0010467533132402,0.5387151250576494,0.0003859657178963971,1.5072596611530233e-06,0.001046753313240247,0.001146122648639271,0.0011105665812102664,0.0009999999999999712,103.35193297597321
402.841985550263,129.69198555026304,0.0001,4.682994308135302e-06,4.56238293389255e-06,3.0156716707141484e-10,9.999969846307118e-05,0.00010468252600860157,0.05390624942032218,3.859657169869024e-06,1.5081568447870494e-07,0.00010468252600863925,0.00011462715873861612,0.00011106879709234272,9.999999999992532e-05,10.335754020144801
402.841985550263,129.69198555026304,1e-05,4.683292633408905e-07,4.5626543443422207e-07,3.015674515660649e-12,9.999996984296947e-06,1.046832457999051e-05,0.005390972311090536,3.859656771965092e-08,1.50824656314566e-08,1.0468324580056424e-05,1.146286483205466e-05,1.1107001123128295e-05,9.999999999892e-06,1.0335810121844635
402.841985550263,129.69198555026304,1e-06,4.683322477286184e-08,4.56268148818495e-08,3.015296345942886e-14,9.9999996988858e-07,1.0468331779576439e-06,0.0005391007048274332,3.8602365748374723e-10,1.5082555350053733e-09,1.0468331780117875e-06,1.1462879728007654e-06,1.1107013266309745e-06,9.999999999604768e-07,0.10335815732309085
404.9446570335087,131.7946570335087,0.01,0.00045635011354538805,0.000445015050001496,2.9563764408005455e-06,0.009997073182997232,0.010451786612409973,5.275284960815554,0.03790276114250446,1.4787352284759028e-05,0.010451786612410044,0.011388338322426693,0.01103511418442107,0.01,1032.608650225925
404.9446570335087,131.7946570335087,0.001,4.592671271624669e-05,4.476757887983407e-05,2.9563764415707627e-08,0.0009999704657990007,0.0010458807860034955,0.5309397445843729,0.00037902761147279307,1.4875765658474687e-06,0.001045880786003557,0.0011402525734095523,0.0011046598849311195,0.0009999999999999712,103.31552729826834
404.9446570335087,131.7946570335087,0.0001,4.595590844867019e-06,4.479418626801568e-06,2.956376463081334e-10,9.999970439200181e-05,0.00010459513128573445,0.05312808694338855,3.790276139170601e-06,1.4884606995839607e-07,0.00010459513128572854,0.00011403946216830312,0.00011047749586219266,9.999999999992532e-05,10.332102233317892
404.9446570335087,131.7946570335087,1e-05,4.5958828284255867e-07,4.4796847009642704e-07,2.95637819780481e-12,9.999997043807691e-06,1.0459583686906933e-05,0.005313149819130558,3.79027369490359e-08,1.4885491129534682e-08,1.0459583686869053e-05,1.1404088282510328e-05,1.1047864682562906e-05,9.999999999892e-06,1.0332157212490685
404.9446570335087,131.7946570335087,1e-06,4.5959120165519066e-08,4.4797113019079404e-08,2.95666269245487e-14,9.99999970599325e-07,1.0459590743508065e-06,0.0005313183931434651,3.7903191696386784e-10,1.4885579543077662e-09,1.045959074353174e-06,1.1404102490517172e-06,1.104787619359022e-06,9.999999999604768e-07,0.10332162710696216
407.0473285167543,133.89732851675433,0.01,0.00044790010404771716,0.0004369794691400086,2.8987431013073606e-06,0.009997130240170361,0.010443421103007246,5.199838593783511,0.037228637287512356,1.4595735650956986e-05,0.010443421103007207,0.011332839607413044,0.010980055137863199,0.01,1032.2646980028837
407.0473285167543,133.89732851675433,0.001,4.507557552211845e-05,4.395883379315624e-05,2.8987431018034915e-08,0.0009999710415561128,0.001045030499946538,0.5233344367341601,0.0003722863727944059,1.4682875578373713e-06,0.0010450304999465106,0.001134637998252021,0.001099095524601114,0.0009999999999999712,103.28004832849241
407.0473285167543,133.89732851675433,0.0001,4.510415663984354e-06,4.3984922480921895e-06,2.8987430858440355e-10,9.999971015477612e-05,0.00010450996462236592,0.05236694944693454,3.722863709754165e-06,1.4691589571107482e-07,0.00010450996462229212,0.00011347735593223624,0.00010992047424954216,9.999999999992532e-05,10.328543438694078
407.0473285167543,133.89732851675433,1e-05,4.5107014999790327e-07,4.3987531350708764e-07,2.8987472144859083e-12,9.999997101093222e-06,1.045106563926631e-05,0.005237030002376741,3.7228574001346715e-08,1.4692460970295099e-08,1.0451065639309169e-05,1.134787116975709e-05,1.0992156664408011e-05,9.999999999892e-06,1.032859732749989
407.0473285167543,133.89732851675433,1e-06,4.510730100311691e-08,4.398779229752847e-08,2.8987229283572447e-14,9.999999710513107e-07,1.0451072559305842e-06,0.0005237063508047868,3.722675501194317e-10,1.4692548111309989e-09,1.045107255980584e-06,1.1347884724474596e-06,1.0992167588525742e-06,9.999999999604768e-07,0.10328602716662699
409.15,136.0,0.01,0.0004396636470246051,0.0004291397978410938,2.8427113261710046e-06,0.00999718571178709,0.010435267010554347,5.126028385338486,0.036573455842074054,1.4407923548536827e-05,0.010435267010554262,0.011279718570786119,0.010928233704772004,0.01,1031.9294077035695
409.15,136.0,0.001,4.424597923302497e-05,4.3169823803368423e-05,2.842711326056513e-08,0.0009999716013134828,0.0010442017332539704,0.5158944495596529,0.00036573455838606606,1.4493820524062511e-06,0.0010442017332539404,0.0011292648506060553,0.0010938591508438142,0.0009999999999999712,103.24546631286596
409.15,136.0,0.0001,4.427396434851119e-06,4.319540820474366e-06,2.8427113094031675e-10,9.999971575731354e-05,0.00010442695369518281,0.05162236106622231,3.6573455872712657e-06,1.450241022161059e-07,0.00010442695369521395,0.00011293942923587025,0.00010939629370767088,9.999999999992532e-05,10.325074648927613
409.15,136.0,1e-05,4.4276763094701515e-07,4.3197966637098517e-07,2.8427087073179536e-12,9.999997157302703e-06,1.044276320319702e-05,0.00516256526776715,3.65734535989759e-08,1.4503269191298504e-08,1.0442763203241317e-05,1.1294072379048122e-05,1.0939733177507838e-05,9.999999999892e-06,1.0325127478328966
409.15,136.0,1e-06,4.427704308674032e-08,4.319822244358562e-08,2.8428648324307915e-14,9.999999714622506e-07,1.0442769988521307e-06,0.000516259818425624,3.6573055695043877e-10,1.4503355089167183e-09,1.044276998853328e-06,1.1294085320212844e-06,1.0939743555574566e-06,9.999999999604768e-07,0.10325132761545486
